market;target;universe_selection_method;universe_size_requested;universe_size_actual;universe_assets;missing_priority_assets;filled_from_fallback;train_window;rebalance_frequency;pca_explained_variance;zscore_lookback;entry_z;exit_z;transaction_cost_bps;annualization_factor;total_return;annualized_return;annualized_volatility;sharpe_ratio;max_drawdown;turnover;number_of_trades;average_holding_period;hit_rate
crypto;ADA;priority_with_coverage_fallback;30;30;BTC,ETH,SOL,XRP,BNB,TRX,AVAX,DOT,NEAR,ATOM,ALGO,DOGE,BCH,LTC,XLM,ETC,LINK,UNI,AAVE,INJ,FIL,VET,FET,GRT,THETA,XTZ,SAND,CHZ,DASH,HBAR;TON,SUI,ICP,MKR,RENDER,RNDR,ARB,OP,MATIC,POL,APT,SEI,EOS,MANA;CHZ,DASH,HBAR;1440;24;0,8;336;3,0;0,5;10,0;8760,0;42,42664201397336;0,9080181728329232;0,4373446674273283;2,0762072581662485;-0,3676485041248027;0,0039701165610576;200;107,40196078431372;0,5242355089000457
crypto;ATOM;priority_with_coverage_fallback;30;30;BTC,ETH,SOL,XRP,BNB,TRX,ADA,AVAX,DOT,NEAR,ALGO,DOGE,BCH,LTC,XLM,ETC,LINK,UNI,AAVE,INJ,FIL,VET,FET,GRT,THETA,XTZ,SAND,CHZ,DASH,HBAR;TON,SUI,ICP,MKR,RENDER,RNDR,ARB,OP,MATIC,POL,APT,SEI,EOS,MANA;CHZ,DASH,HBAR;1440;24;0,8;336;3,0;0,25;10,0;8760,0;121,05243113449384;1,277559956894924;0,5031703473587883;2,5390207582800044;-0,4458614545994119;0,0039505593366189;200;125,21782178217822;0,5304024669882186
crypto;AVAX;priority_with_coverage_fallback;30;30;BTC,ETH,SOL,XRP,BNB,TRX,ADA,DOT,NEAR,ATOM,ALGO,DOGE,BCH,LTC,XLM,ETC,LINK,UNI,AAVE,INJ,FIL,VET,FET,GRT,THETA,XTZ,SAND,CHZ,DASH,HBAR;TON,SUI,ICP,MKR,RENDER,RNDR,ARB,OP,MATIC,POL,APT,SEI,EOS,MANA;CHZ,DASH,HBAR;1440;24;0,8;336;2,5;0,25;10,0;8760,0;117,04383941010651;1,4880709804408228;0,6803770808507541;2,187126848217926;-0,5503276200712796;0,0057794643636046;263;119,21804511278197;0,5145055499495459
crypto;BNB;priority_with_coverage_fallback;30;30;BTC,ETH,SOL,XRP,TRX,ADA,AVAX,DOT,NEAR,ATOM,ALGO,DOGE,BCH,LTC,XLM,ETC,LINK,UNI,AAVE,INJ,FIL,VET,FET,GRT,THETA,XTZ,SAND,CHZ,DASH,HBAR;TON,SUI,ICP,MKR,RENDER,RNDR,ARB,OP,MATIC,POL,APT,SEI,EOS,MANA;CHZ,DASH,HBAR;1440;24;0,8;336;3,0;0,25;10,0;8760,0;10,160211602102676;0,5117799734466217;0,3879938657271587;1,3190414041404217;-0,5343073684391175;0,0037549870922318;192;142,77083333333334;0,512914052239895
crypto;BTC;priority_with_coverage_fallback;30;30;ETH,SOL,XRP,BNB,TRX,ADA,AVAX,DOT,NEAR,ATOM,ALGO,DOGE,BCH,LTC,XLM,ETC,LINK,UNI,AAVE,INJ,FIL,VET,FET,GRT,THETA,XTZ,SAND,CHZ,DASH,HBAR;TON,SUI,ICP,MKR,RENDER,RNDR,ARB,OP,MATIC,POL,APT,SEI,EOS,MANA;CHZ,DASH,HBAR;1440;24;0,8;336;3,0;0,5;10,0;8760,0;3,2391507728494577;0,2807554764984989;0,231946748776872;1,210430747484113;-0,2967817963944635;0,0035203003989673;180;126,28888888888888;0,5050149568889671
crypto;DOGE;priority_with_coverage_fallback;30;30;BTC,ETH,SOL,XRP,BNB,TRX,ADA,AVAX,DOT,NEAR,ATOM,ALGO,BCH,LTC,XLM,ETC,LINK,UNI,AAVE,INJ,FIL,VET,FET,GRT,THETA,XTZ,SAND,CHZ,DASH,HBAR;TON,SUI,ICP,MKR,RENDER,RNDR,ARB,OP,MATIC,POL,APT,SEI,EOS,MANA;CHZ,DASH,HBAR;1440;72;0,8;336;1,5;0,25;10,0;8760,0;0,1902491266604569;0,0302873734484605;1,247923015819374;0,0242702258589037;-0,9882243656236582;0,010032856137057;497;119,26070038910504;0,5039477977161501
crypto;ETH;priority_with_coverage_fallback;30;30;BTC,SOL,XRP,BNB,TRX,ADA,AVAX,DOT,NEAR,ATOM,ALGO,DOGE,BCH,LTC,XLM,ETC,LINK,UNI,AAVE,INJ,FIL,VET,FET,GRT,THETA,XTZ,SAND,CHZ,DASH,HBAR;TON,SUI,ICP,MKR,RENDER,RNDR,ARB,OP,MATIC,POL,APT,SEI,EOS,MANA;CHZ,DASH,HBAR;1440;24;0,8;336;3,0;0,25;10,0;8760,0;10,565834370662037;0,5210547463094164;0,3201277648525021;1,6276462197819386;-0,2296838937739822;0,0035594148478447;179;152,13186813186817;0,5101849176538573
crypto;LINK;priority_with_coverage_fallback;30;30;BTC,ETH,SOL,XRP,BNB,TRX,ADA,AVAX,DOT,NEAR,ATOM,ALGO,DOGE,BCH,LTC,XLM,ETC,UNI,AAVE,INJ,FIL,VET,FET,GRT,THETA,XTZ,SAND,CHZ,DASH,HBAR;TON,SUI,ICP,MKR,RENDER,RNDR,ARB,OP,MATIC,POL,APT,SEI,EOS,MANA;CHZ,DASH,HBAR;1440;24;0,8;336;1,5;0,25;10,0;8760,0;42,0498565171043;0,905171755915209;0,5481950714284298;1,6511855051097166;-0,4370745137814502;0,011167175154502;560;104,1118881118881;0,5121910263299302
crypto;SOL;priority_with_coverage_fallback;30;30;BTC,ETH,XRP,BNB,TRX,ADA,AVAX,DOT,NEAR,ATOM,ALGO,DOGE,BCH,LTC,XLM,ETC,LINK,UNI,AAVE,INJ,FIL,VET,FET,GRT,THETA,XTZ,SAND,CHZ,DASH,HBAR;TON,SUI,ICP,MKR,RENDER,RNDR,ARB,OP,MATIC,POL,APT,SEI,EOS,MANA;CHZ,DASH,HBAR;1440;24;0,8;336;1,5;0,5;10,0;8760,0;22,005038500501342;0,7971277108507582;0,8087066210639674;0,9856821869493592;-0,6979441914318416;0,011651728553137;542;90,62637362637362;0,5057192514449699
crypto;XRP;priority_with_coverage_fallback;30;30;BTC,ETH,SOL,BNB,TRX,ADA,AVAX,DOT,NEAR,ATOM,ALGO,DOGE,BCH,LTC,XLM,ETC,LINK,UNI,AAVE,INJ,FIL,VET,FET,GRT,THETA,XTZ,SAND,CHZ,DASH,HBAR;TON,SUI,ICP,MKR,RENDER,RNDR,ARB,OP,MATIC,POL,APT,SEI,EOS,MANA;CHZ,DASH,HBAR;1440;24;0,8;336;2,0;0,25;10,0;8760,0;67,27887785891014;1,0618273718312397;0,7559256363629494;1,4046717305952234;-0,6675956745396056;0,0083704920597668;419;105,7803738317757;0,5158369041834165
russia;AFKS;coverage;30;25;AFLT,ALRS,CHMF,GAZP,GMKN,HYDR,IRAO,LKOH,MAGN,MGNT,MOEX,MTSS,NLMK,NVTK,PHOR,PLZL,RASP,ROSN,RTKM,SBER,SNGS,TATN,TRNFP,VTBR,YDEX;;;252;5;0,8;60;3,0;0,25;10,0;252,0;11,50022922986255;0,2651790933783178;0,1955296092722649;1,3562093964452695;-0,2096216438996603;0,0199556541019955;53;26,703703703703702;0,5492371705963939
russia;AFLT;coverage;30;25;AFKS,ALRS,CHMF,GAZP,GMKN,HYDR,IRAO,LKOH,MAGN,MGNT,MOEX,MTSS,NLMK,NVTK,PHOR,PLZL,RASP,ROSN,RTKM,SBER,SNGS,TATN,TRNFP,VTBR,YDEX;;;252;5;0,8;60;2,0;0,25;10,0;252,0;15,853035202693142;0,3008765966461861;0,2841794390563643;1,0587556849477422;-0,2555955564213823;0,0358462675535846;93;27,163265306122447;0,5259203606311045
russia;CHMF;coverage;30;25;AFKS,AFLT,ALRS,GAZP,GMKN,HYDR,IRAO,LKOH,MAGN,MGNT,MOEX,MTSS,NLMK,NVTK,PHOR,PLZL,RASP,ROSN,RTKM,SBER,SNGS,TATN,TRNFP,VTBR,YDEX;;;252;21;0,8;60;2,5;0,25;10,0;252,0;6,538431497566996;0,2069742593955987;0,1895832359253738;1,0917329181841302;-0,3874034004620539;0,0277161862527716;70;25,210526315789473;0,535490605427975
russia;GAZP;coverage;30;25;AFKS,AFLT,ALRS,CHMF,GMKN,HYDR,IRAO,LKOH,MAGN,MGNT,MOEX,MTSS,NLMK,NVTK,PHOR,PLZL,RASP,ROSN,RTKM,SBER,SNGS,TATN,TRNFP,VTBR,YDEX;;;252;10;0,8;60;2,0;0,5;10,0;252,0;5,923506436602667;0,1974476406256213;0,2406926383904515;0,8203310327477562;-0,2360801885762322;0,0399113082039911;105;21,814814814814813;0,5212224108658744
russia;LKOH;coverage;30;25;AFKS,AFLT,ALRS,CHMF,GAZP,GMKN,HYDR,IRAO,MAGN,MGNT,MOEX,MTSS,NLMK,NVTK,PHOR,PLZL,RASP,ROSN,RTKM,SBER,SNGS,TATN,TRNFP,VTBR,YDEX;;;252;10;0,8;60;1,0;0,5;10,0;252,0;5,5364074517030435;0,1910488801743992;0,2209588987352295;0,8646353745785509;-0,3047500958570459;0,0872135994087213;226;14,059322033898304;0,5280289330922242
russia;MOEX;coverage;30;25;AFKS,AFLT,ALRS,CHMF,GAZP,GMKN,HYDR,IRAO,LKOH,MAGN,MGNT,MTSS,NLMK,NVTK,PHOR,PLZL,RASP,ROSN,RTKM,SBER,SNGS,TATN,TRNFP,VTBR,YDEX;;;252;5;0,8;60;2,5;0,5;10,0;252,0;7,282653275266648;0,2176032688822178;0,1546984336427013;1,4066287793501802;-0,2765203380569125;0,0339985218033998;90;17,26086956521739;0,5604534005037783
russia;NVTK;coverage;30;25;AFKS,AFLT,ALRS,CHMF,GAZP,GMKN,HYDR,IRAO,LKOH,MAGN,MGNT,MOEX,MTSS,NLMK,PHOR,PLZL,RASP,ROSN,RTKM,SBER,SNGS,TATN,TRNFP,VTBR,YDEX;;;252;5;0,8;60;1,5;0,25;10,0;252,0;6,091908917829425;0,200130567059207;0,3062779451978443;0,6534279408526463;-0,4359813453337546;0,0602365114560236;155;21,01219512195122;0,5211839814277424
russia;PLZL;coverage;30;25;AFKS,AFLT,ALRS,CHMF,GAZP,GMKN,HYDR,IRAO,LKOH,MAGN,MGNT,MOEX,MTSS,NLMK,NVTK,PHOR,RASP,ROSN,RTKM,SBER,SNGS,TATN,TRNFP,VTBR,YDEX;;;252;5;0,8;60;3,0;0,25;10,0;252,0;6,339431377192566;0,2039709605066879;0,2103081789345653;0,9698669901475914;-0,2416478399612502;0,0206947524020694;53;29,571428571428573;0,5555555555555556
russia;SBER;coverage;30;25;AFKS,AFLT,ALRS,CHMF,GAZP,GMKN,HYDR,IRAO,LKOH,MAGN,MGNT,MOEX,MTSS,NLMK,NVTK,PHOR,PLZL,RASP,ROSN,RTKM,SNGS,TATN,TRNFP,VTBR,YDEX;;;252;21;0,8;60;1,0;0,25;10,0;252,0;15,579456343354703;0,2988953825558915;0,2690551396823558;1,110907537052683;-0,2690880102250583;0,0713229859571323;173;18,927835051546392;0,5038126361655774
russia;YDEX;coverage;30;25;AFKS,AFLT,ALRS,CHMF,GAZP,GMKN,HYDR,IRAO,LKOH,MAGN,MGNT,MOEX,MTSS,NLMK,NVTK,PHOR,PLZL,RASP,ROSN,RTKM,SBER,SNGS,TATN,TRNFP,VTBR;;;252;5;0,8;60;2,5;0,5;10,0;252,0;5,290894501717324;0,1868100063075635;0,2782514816678058;0,6713711107227422;-0,4393543576269593;0,0288248337028824;77;18,71794871794872;0,552054794520548
usa;AAPL;priority;30;30;NVDA,MSFT,AVGO,ORCL,AMD,CSCO,QCOM,TXN,IBM,ACN,ADI,GOOGL,META,NFLX,DIS,VZ,AMZN,TSLA,HD,MCD,LOW,WMT,COST,PG,KO,PEP,PM,BRK-B,JPM,V;TMUS,CMCSA,BKNG,SBUX;;252;5;0,8;60;1,5;0,25;5,0;252,0;3,5221484097894074;0,1831546827386918;0,2251579535540855;0,8134497575929336;-0,2689558183352578;0,0517470145953118;107;25,74576271186441;0,5398288347597103
usa;AMZN;priority;30;30;NVDA,AAPL,MSFT,AVGO,ORCL,AMD,CSCO,QCOM,TXN,IBM,ACN,ADI,GOOGL,META,NFLX,DIS,VZ,TSLA,HD,MCD,LOW,WMT,COST,PG,KO,PEP,PM,BRK-B,JPM,V;TMUS,CMCSA,BKNG,SBUX;;252;63;0,8;60;3,0;0,25;5,0;252,0;4,704180799422642;0,2141758884249487;0,2340191359395959;0,9152067311291624;-0,2885906331193977;0,0194604157452454;41;37,04545454545455;0,5165644171779141
usa;BRK.B;priority;30;30;NVDA,AAPL,MSFT,AVGO,ORCL,AMD,CSCO,QCOM,TXN,IBM,ACN,ADI,GOOGL,META,NFLX,DIS,VZ,AMZN,TSLA,HD,MCD,LOW,WMT,COST,PG,KO,PEP,PM,JPM,V;TMUS,CMCSA,BKNG,SBUX;;252;10;0,8;60;3,0;0,75;5,0;252,0;1,0041285372328814;0,0805656243184758;0,0692221870830392;1,1638699629907516;-0,0407334617769141;0,0141530296329057;32;13,8125;0,6153846153846154
usa;CAT;priority;30;30;NVDA,AAPL,MSFT,AVGO,ORCL,AMD,CSCO,QCOM,TXN,IBM,ACN,ADI,GOOGL,META,NFLX,DIS,VZ,AMZN,TSLA,HD,MCD,LOW,WMT,COST,PG,KO,PEP,PM,BRK-B,JPM;TMUS,CMCSA,BKNG,SBUX;;252;10;0,8;60;1,0;0,25;5,0;252,0;5,96230013662104;0,2414496148884692;0,2708296482400212;0,891518400801104;-0,3137689978459904;0,0685537372843874;142;20,96153846153846;0,5162079510703363
usa;JNJ;priority;30;30;NVDA,AAPL,MSFT,AVGO,ORCL,AMD,CSCO,QCOM,TXN,IBM,ACN,ADI,GOOGL,META,NFLX,DIS,VZ,AMZN,TSLA,HD,MCD,LOW,WMT,COST,PG,KO,PEP,PM,BRK-B,JPM;TMUS,CMCSA,BKNG,SBUX;;252;5;0,8;60;1,5;0,75;5,0;252,0;2,5246344522868394;0,1507438413972601;0,1348104295885836;1,1181912397824287;-0,1713442173633672;0,0698805838124723;154;13,240506329113924;0,5076481835564054
usa;JPM;priority;30;30;NVDA,AAPL,MSFT,AVGO,ORCL,AMD,CSCO,QCOM,TXN,IBM,ACN,ADI,GOOGL,META,NFLX,DIS,VZ,AMZN,TSLA,HD,MCD,LOW,WMT,COST,PG,KO,PEP,PM,BRK-B,V;TMUS,CMCSA,BKNG,SBUX;;252;5;0,8;60;1,5;0,5;5,0;252,0;6,02967758369047;0,2427829244275765;0,1731172404883127;1,4024190990034118;-0,2112264825216778;0,057938965059708;128;15,0;0,5535353535353535
usa;KO;priority;30;30;NVDA,AAPL,MSFT,AVGO,ORCL,AMD,CSCO,QCOM,TXN,IBM,ACN,ADI,GOOGL,META,NFLX,DIS,VZ,AMZN,TSLA,HD,MCD,LOW,WMT,COST,PG,PEP,PM,BRK-B,JPM,V;TMUS,CMCSA,BKNG,SBUX;;252;5;0,8;60;3,0;0,75;5,0;252,0;0,7029075743752164;0,0611271500592107;0,0689723270640233;0,886256164772716;-0,1216023771654472;0,0212295444493586;48;16,541666666666668;0,5894206549118388
usa;MSFT;priority;30;30;NVDA,AAPL,AVGO,ORCL,AMD,CSCO,QCOM,TXN,IBM,ACN,ADI,GOOGL,META,NFLX,DIS,VZ,AMZN,TSLA,HD,MCD,LOW,WMT,COST,PG,KO,PEP,PM,BRK-B,JPM,V;TMUS,CMCSA,BKNG,SBUX;;252;21;0,8;60;2,0;0,5;5,0;252,0;2,031752002855329;0,1315851006001274;0,1818296513287663;0,7236724023751676;-0,252141326048116;0,0433436532507739;95;20,979591836734695;0,5262645914396887
usa;NVDA;priority;30;30;AAPL,MSFT,AVGO,ORCL,AMD,CSCO,QCOM,TXN,IBM,ACN,ADI,GOOGL,META,NFLX,DIS,VZ,AMZN,TSLA,HD,MCD,LOW,WMT,COST,PG,KO,PEP,PM,BRK-B,JPM,V;TMUS,CMCSA,BKNG,SBUX;;252;21;0,8;60;1,5;0,25;5,0;252,0;40,64682604748757;0,5153420580144161;0,4142563776795744;1,2440171975168264;-0,3589096395242557;0,0526315789473684;105;22,85;0,5346462436177972
usa;XOM;priority;30;30;NVDA,AAPL,MSFT,AVGO,ORCL,AMD,CSCO,QCOM,TXN,IBM,ACN,ADI,GOOGL,META,NFLX,DIS,VZ,AMZN,TSLA,HD,MCD,LOW,WMT,COST,PG,KO,PEP,PM,BRK-B,JPM;TMUS,CMCSA,BKNG,SBUX;;252;5;0,8;60;1,0;0,25;5,0;252,0;5,480313766578116;0,2315626911135209;0,321966058777396;0,7192146029082553;-0,44600076348157;0,0650154798761609;138;20,93243243243243;0,525500322788896
