market;target;universe_selection_method;universe_size_requested;universe_size_actual;universe_assets;missing_priority_assets;filled_from_fallback;train_window;rebalance_frequency;entry_z;exit_z;error
crypto;DOGE;priority_with_coverage_fallback;30;30;BTC,ETH,SOL,XRP,BNB,TRX,ADA,AVAX,DOT,NEAR,ATOM,ALGO,BCH,LTC,XLM,ETC,LINK,UNI,AAVE,INJ,FIL,VET,FET,GRT,THETA,XTZ,SAND,CHZ,DASH,HBAR;TON,SUI,ICP,MKR,RENDER,RNDR,ARB,OP,MATIC,POL,APT,SEI,EOS,MANA;CHZ,DASH,HBAR;1440;336;1,0;0,25;TypeError: float() argument must be a string or a real number, not 'complex'
crypto;DOGE;priority_with_coverage_fallback;30;30;BTC,ETH,SOL,XRP,BNB,TRX,ADA,AVAX,DOT,NEAR,ATOM,ALGO,BCH,LTC,XLM,ETC,LINK,UNI,AAVE,INJ,FIL,VET,FET,GRT,THETA,XTZ,SAND,CHZ,DASH,HBAR;TON,SUI,ICP,MKR,RENDER,RNDR,ARB,OP,MATIC,POL,APT,SEI,EOS,MANA;CHZ,DASH,HBAR;1440;336;1,0;0,5;TypeError: float() argument must be a string or a real number, not 'complex'
crypto;DOGE;priority_with_coverage_fallback;30;30;BTC,ETH,SOL,XRP,BNB,TRX,ADA,AVAX,DOT,NEAR,ATOM,ALGO,BCH,LTC,XLM,ETC,LINK,UNI,AAVE,INJ,FIL,VET,FET,GRT,THETA,XTZ,SAND,CHZ,DASH,HBAR;TON,SUI,ICP,MKR,RENDER,RNDR,ARB,OP,MATIC,POL,APT,SEI,EOS,MANA;CHZ,DASH,HBAR;1440;336;1,0;0,75;TypeError: float() argument must be a string or a real number, not 'complex'
crypto;DOGE;priority_with_coverage_fallback;30;30;BTC,ETH,SOL,XRP,BNB,TRX,ADA,AVAX,DOT,NEAR,ATOM,ALGO,BCH,LTC,XLM,ETC,LINK,UNI,AAVE,INJ,FIL,VET,FET,GRT,THETA,XTZ,SAND,CHZ,DASH,HBAR;TON,SUI,ICP,MKR,RENDER,RNDR,ARB,OP,MATIC,POL,APT,SEI,EOS,MANA;CHZ,DASH,HBAR;1440;336;1,5;0,25;TypeError: float() argument must be a string or a real number, not 'complex'
crypto;DOGE;priority_with_coverage_fallback;30;30;BTC,ETH,SOL,XRP,BNB,TRX,ADA,AVAX,DOT,NEAR,ATOM,ALGO,BCH,LTC,XLM,ETC,LINK,UNI,AAVE,INJ,FIL,VET,FET,GRT,THETA,XTZ,SAND,CHZ,DASH,HBAR;TON,SUI,ICP,MKR,RENDER,RNDR,ARB,OP,MATIC,POL,APT,SEI,EOS,MANA;CHZ,DASH,HBAR;1440;336;1,5;0,5;TypeError: float() argument must be a string or a real number, not 'complex'
crypto;DOGE;priority_with_coverage_fallback;30;30;BTC,ETH,SOL,XRP,BNB,TRX,ADA,AVAX,DOT,NEAR,ATOM,ALGO,BCH,LTC,XLM,ETC,LINK,UNI,AAVE,INJ,FIL,VET,FET,GRT,THETA,XTZ,SAND,CHZ,DASH,HBAR;TON,SUI,ICP,MKR,RENDER,RNDR,ARB,OP,MATIC,POL,APT,SEI,EOS,MANA;CHZ,DASH,HBAR;1440;336;1,5;0,75;TypeError: float() argument must be a string or a real number, not 'complex'
crypto;DOGE;priority_with_coverage_fallback;30;30;BTC,ETH,SOL,XRP,BNB,TRX,ADA,AVAX,DOT,NEAR,ATOM,ALGO,BCH,LTC,XLM,ETC,LINK,UNI,AAVE,INJ,FIL,VET,FET,GRT,THETA,XTZ,SAND,CHZ,DASH,HBAR;TON,SUI,ICP,MKR,RENDER,RNDR,ARB,OP,MATIC,POL,APT,SEI,EOS,MANA;CHZ,DASH,HBAR;1440;336;1,5;1,0;TypeError: float() argument must be a string or a real number, not 'complex'
crypto;DOGE;priority_with_coverage_fallback;30;30;BTC,ETH,SOL,XRP,BNB,TRX,ADA,AVAX,DOT,NEAR,ATOM,ALGO,BCH,LTC,XLM,ETC,LINK,UNI,AAVE,INJ,FIL,VET,FET,GRT,THETA,XTZ,SAND,CHZ,DASH,HBAR;TON,SUI,ICP,MKR,RENDER,RNDR,ARB,OP,MATIC,POL,APT,SEI,EOS,MANA;CHZ,DASH,HBAR;1440;336;2,0;0,25;TypeError: float() argument must be a string or a real number, not 'complex'
crypto;DOGE;priority_with_coverage_fallback;30;30;BTC,ETH,SOL,XRP,BNB,TRX,ADA,AVAX,DOT,NEAR,ATOM,ALGO,BCH,LTC,XLM,ETC,LINK,UNI,AAVE,INJ,FIL,VET,FET,GRT,THETA,XTZ,SAND,CHZ,DASH,HBAR;TON,SUI,ICP,MKR,RENDER,RNDR,ARB,OP,MATIC,POL,APT,SEI,EOS,MANA;CHZ,DASH,HBAR;1440;336;2,0;0,5;TypeError: float() argument must be a string or a real number, not 'complex'
crypto;DOGE;priority_with_coverage_fallback;30;30;BTC,ETH,SOL,XRP,BNB,TRX,ADA,AVAX,DOT,NEAR,ATOM,ALGO,BCH,LTC,XLM,ETC,LINK,UNI,AAVE,INJ,FIL,VET,FET,GRT,THETA,XTZ,SAND,CHZ,DASH,HBAR;TON,SUI,ICP,MKR,RENDER,RNDR,ARB,OP,MATIC,POL,APT,SEI,EOS,MANA;CHZ,DASH,HBAR;1440;336;2,0;0,75;TypeError: float() argument must be a string or a real number, not 'complex'
crypto;DOGE;priority_with_coverage_fallback;30;30;BTC,ETH,SOL,XRP,BNB,TRX,ADA,AVAX,DOT,NEAR,ATOM,ALGO,BCH,LTC,XLM,ETC,LINK,UNI,AAVE,INJ,FIL,VET,FET,GRT,THETA,XTZ,SAND,CHZ,DASH,HBAR;TON,SUI,ICP,MKR,RENDER,RNDR,ARB,OP,MATIC,POL,APT,SEI,EOS,MANA;CHZ,DASH,HBAR;1440;336;2,0;1,0;TypeError: float() argument must be a string or a real number, not 'complex'
