market;rebalance_frequency;entry_z;exit_z;top_decile_appearances;targets_represented;median_sharpe_in_decile;median_total_return_in_decile;top_decile_slots;appearance_rate
crypto;24;3,0;0,25;7;7;1,6276462197819386;14,349995991949694;79;0,0886075949367088
crypto;24;3,0;0,5;7;7;1,466100752129926;7,989271825488201;79;0,0886075949367088
crypto;24;2,5;0,5;7;7;1,216955944639377;12,221715926951624;79;0,0886075949367088
crypto;24;2,5;0,25;6;6;1,3815473189278853;26,87394913147903;79;0,0759493670886076
crypto;24;2,0;0,25;6;6;1,254755281495187;19,71846543651016;79;0,0759493670886076
crypto;24;1,5;0,25;4;4;1,365509973116558;42,31085315844243;79;0,050632911392405
crypto;24;2,5;0,75;3;3;1,4944370280271029;27,73485414608414;79;0,0379746835443038
crypto;24;3,0;0,75;3;3;1,344331862308945;5,084492028983341;79;0,0379746835443038
crypto;24;2,0;0,5;3;3;1,0166883129995097;22,6698090491481;79;0,0379746835443038
crypto;24;1,5;0,5;3;3;0,9856821869493592;22,365585072648035;79;0,0379746835443038
crypto;72;1,5;0,75;2;2;1,7207755199307662;76,69920314092344;79;0,0253164556962025
crypto;168;2,5;0,25;2;2;1,6204985120538091;62,23208810156583;79;0,0253164556962025
crypto;24;2,5;1,0;2;2;1,2898524630380088;11,29025468406143;79;0,0253164556962025
crypto;72;2,5;0,5;2;2;1,230049575737231;18,222847242515872;79;0,0253164556962025
crypto;72;3,0;0,25;2;2;1,143004712776235;13,337424234255408;79;0,0253164556962025
crypto;24;1,5;0,75;2;2;1,0740514936175165;15,471773766294667;79;0,0253164556962025
crypto;168;1,5;0,25;2;2;1,0665893957055177;116,75901499039276;79;0,0253164556962025
crypto;72;1,5;0,25;2;2;0,504669493381657;14,49212886315428;79;0,0253164556962025
crypto;72;2,5;0,25;2;2;0,4437874144467921;1,8252062105937896;79;0,0253164556962025
crypto;24;1,0;0,25;1;1;1,5275587186623696;40,843179261149174;79;0,0126582278481012
crypto;24;2,0;0,75;1;1;1,4405895063987184;25,722963013967604;79;0,0126582278481012
crypto;72;2,0;0,25;1;1;1,3819966931171128;25,05342522416933;79;0,0126582278481012
crypto;72;1,5;0,5;1;1;1,3265707145248584;26,012070503099107;79;0,0126582278481012
crypto;168;3,0;0,25;1;1;1,2970271853581383;11,031190783027329;79;0,0126582278481012
crypto;72;3,0;0,5;1;1;1,1988136102117597;6,143663866669273;79;0,0126582278481012
crypto;24;3,0;1,0;1;1;1,1426155164768732;5,2579205929476;79;0,0126582278481012
crypto;72;2,5;0,75;1;1;1,130117648602725;4,207802031673393;79;0,0126582278481012
crypto;24;1,0;0,5;1;1;0,9350634266355324;24,905846190842237;79;0,0126582278481012
crypto;72;2,0;0,5;1;1;0,8981714707490511;23,656868819690256;79;0,0126582278481012
crypto;168;2,0;0,25;1;1;0,0116356223071271;0,0952416180336179;79;0,0126582278481012
crypto;168;2,0;0,5;1;1;-0,0592868659973124;-0,3391639755665347;79;0,0126582278481012
russia;5;2,5;0,25;7;7;0,8569484476826217;5,407733559343501;80;0,0875
russia;5;2,0;0,25;4;4;1,039852677749438;7,595761681182372;80;0,05
russia;10;2,5;0,25;4;4;0,9647395746333528;6,404427934500406;80;0,05
russia;5;2,5;0,5;4;4;0,9167952463332474;6,286773888491986;80;0,05
russia;10;2,5;0,5;4;4;0,7900573747297901;4,332415836223442;80;0,05
russia;5;3,0;0,5;4;4;0,7389062905430539;3,166618610497568;80;0,05
russia;5;2,5;0,75;3;3;1,1180241891296216;4,230075025962674;80;0,0375
russia;5;2,0;0,5;3;3;0,9819717074077258;8,473068758207551;80;0,0375
russia;5;3,0;0,25;3;3;0,9698669901475914;6,339431377192566;80;0,0375
russia;21;1,0;0,25;3;3;0,8784653023684283;8,304271541814016;80;0,0375
russia;5;1,5;0,25;3;3;0,8505822019413227;6,091908917829425;80;0,0375
russia;21;2,5;0,25;3;3;0,751902997112012;6,538431497566996;80;0,0375
russia;10;2,0;0,25;2;2;1,0579901519419477;14,671108838689245;80;0,025
russia;5;3,0;0,75;2;2;0,919643131077526;4,433051710397666;80;0,025
russia;5;1,0;0,5;2;2;0,8753223388961793;8,924516720540122;80;0,025
russia;10;1,0;0,25;2;2;0,8713872061766547;6,888472069476564;80;0,025
russia;21;2,0;0,25;2;2;0,8356394333826811;7,820775511467501;80;0,025
russia;21;1,5;0,25;2;2;0,787387817415021;6,3514509770930765;80;0,025
russia;10;1,5;0,5;2;2;0,667311669616172;4,523136152343982;80;0,025
russia;21;2,5;0,5;2;2;0,6564369446178129;4,240542276914923;80;0,025
russia;21;1,5;0,5;2;2;0,6340064610193046;4,706339428534992;80;0,025
russia;5;3,0;1,0;1;1;1,25815120887068;4,920314041314487;80;0,0125
russia;10;2,5;0,75;1;1;1,1310350240525866;4,450295590457359;80;0,0125
russia;21;1,0;0,5;1;1;1,077745913793361;12,516894202137182;80;0,0125
russia;5;2,0;1,0;1;1;1,0236488237905756;7,999975138508926;80;0,0125
russia;5;2,0;0,75;1;1;0,9869869681372724;8,94235714074868;80;0,0125
russia;21;1,0;0,75;1;1;0,9743793083053864;9,196029016856054;80;0,0125
russia;63;2,0;0,75;1;1;0,9600565272168776;8,96165210570312;80;0,0125
russia;5;2,5;1,0;1;1;0,9507999308285062;5,384843608233116;80;0,0125
russia;10;2,0;0,75;1;1;0,9015439198864568;7,88447136497266;80;0,0125
russia;5;1,0;0,25;1;1;0,8935781000290168;7,106438792392545;80;0,0125
russia;10;1,0;0,5;1;1;0,8646353745785509;5,5364074517030435;80;0,0125
russia;10;1,0;0,75;1;1;0,8299759888589384;4,628429997829301;80;0,0125
russia;10;2,0;0,5;1;1;0,8203310327477562;5,923506436602667;80;0,0125
russia;21;1,5;0,75;1;1;0,7584581828807215;5,454678543257016;80;0,0125
russia;10;3,0;0,5;1;1;0,7149079040153801;2,181376146189937;80;0,0125
russia;21;3,0;1,0;1;1;0,5510706431276183;1,2526776974281604;80;0,0125
russia;10;1,5;0,25;1;1;0,5416751528506841;5,482900110382976;80;0,0125
usa;5;2,0;0,25;5;5;0,7612317656319793;2,3972311702555573;80;0,0625
usa;5;1,5;0,25;4;4;0,9243815542702752;4,6687266139399055;80;0,05
usa;10;1,5;0,25;4;4;0,8189315984397365;5,191515991486046;80;0,05
usa;5;2,0;0,5;4;4;0,7817456649898762;1,6531539619778832;80;0,05
usa;5;1,0;0,5;4;4;0,7797339979097742;3,2367065812632574;80;0,05
usa;5;1,5;0,5;4;4;0,7015084290467857;2,251344664989526;80;0,05
usa;10;1,5;0,5;3;3;0,9917904559393158;2,4489367947145593;80;0,0375
usa;10;1,0;0,25;3;3;0,891518400801104;5,96230013662104;80;0,0375
usa;5;1,0;0,25;3;3;0,7192146029082553;4,505023692433959;80;0,0375
usa;5;2,5;0,25;3;3;0,715394466587101;2,170577501291355;80;0,0375
usa;21;3,0;0,75;2;2;0,9814853111327864;2,269274399548709;80;0,025
usa;5;1,5;0,75;2;2;0,9777864964067136;1,8223022820313424;80;0,025
usa;21;1,5;0,25;2;2;0,9582660440346402;21,459745445152105;80;0,025
usa;5;3,0;0,75;2;2;0,9476447916000836;2,302644533397192;80;0,025
usa;5;1,0;0,75;2;2;0,896660210840861;1,752239002138619;80;0,025
usa;21;1,5;0,5;2;2;0,8921678273592983;11,59840561094903;80;0,025
usa;10;3,0;0,25;2;2;0,8802390371157832;1,337629071135241;80;0,025
usa;5;1,5;1,0;2;2;0,8762005404830848;2,1355549854318285;80;0,025
usa;10;1,0;0,5;2;2;0,8365528720718378;3,1094386299571344;80;0,025
usa;21;1,5;0,75;2;2;0,5337971867022666;1,5877044004988283;80;0,025
usa;10;1,5;0,75;1;1;1,234982521087421;4,768721145929957;80;0,0125
usa;10;3,0;0,75;1;1;1,1638699629907516;1,0041285372328814;80;0,0125
usa;10;3,0;1,0;1;1;1,1390899220516797;0,8483434815814639;80;0,0125
usa;10;3,0;0,5;1;1;1,102330171845464;1,008208055815854;80;0,0125
usa;5;2,0;0,75;1;1;1,0651056614036258;1,964465172805233;80;0,0125
usa;21;3,0;0,5;1;1;0,9789344355729892;5,590943798477944;80;0,0125
usa;5;2,0;1,0;1;1;0,931814157004346;1,5354116798336523;80;0,0125
usa;21;2,5;0,25;1;1;0,9208330909351372;1,700378120171754;80;0,0125
usa;63;3,0;0,25;1;1;0,9152067311291624;4,704180799422642;80;0,0125
usa;21;3,0;1,0;1;1;0,9149379382669696;0,4943274657055736;80;0,0125
usa;21;2,5;0,75;1;1;0,9147943069535476;1,2748476545696033;80;0,0125
usa;5;3,0;0,25;1;1;0,802864200492874;1,9327508736432204;80;0,0125
usa;10;2,0;0,5;1;1;0,7831493004182603;1,0400859409230965;80;0,0125
usa;5;2,5;0,5;1;1;0,7658742178215594;2,0090984143720165;80;0,0125
usa;5;3,0;0,5;1;1;0,7439756905017373;1,6612153759589168;80;0,0125
usa;63;2,5;0,25;1;1;0,7420707335285691;4,020391245979174;80;0,0125
usa;10;2,5;0,25;1;1;0,73480867555866;2,4361276306200095;80;0,0125
usa;21;2,0;0,5;1;1;0,7236724023751676;2,031752002855329;80;0,0125
usa;5;2,5;1,0;1;1;0,7077380305397362;1,4320654470012657;80;0,0125
usa;21;2,0;0,25;1;1;0,6684020270579479;2,153379379504326;80;0,0125
usa;10;2,0;0,25;1;1;0,5297386945738902;1,904196850713674;80;0,0125
usa;63;1,0;0,25;1;1;0,5248051895088873;3,2271245622758444;80;0,0125
usa;63;1,0;0,5;1;1;0,5183845396606489;2,809708360793163;80;0,0125
