market,target,universe_selection_method,universe_size_requested,universe_size_actual,universe_assets,missing_priority_assets,filled_from_fallback,train_window,rebalance_frequency,pca_explained_variance,zscore_lookback,entry_z,exit_z,transaction_cost_bps,annualization_factor,total_return,annualized_return,annualized_volatility,sharpe_ratio,max_drawdown,turnover,number_of_trades,average_holding_period,hit_rate
crypto,SOL,priority_with_coverage_fallback,30,30,"BTC,ETH,XRP,BNB,TRX,ADA,AVAX,DOT,NEAR,ATOM,ALGO,DOGE,BCH,LTC,XLM,ETC,LINK,UNI,AAVE,INJ,FIL,VET,FET,GRT,THETA,XTZ,SAND,CHZ,DASH,HBAR","TON,SUI,ICP,MKR,RENDER,RNDR,ARB,OP,MATIC,POL,APT,SEI,EOS,MANA","CHZ,DASH,HBAR",1440,24,0.8,336,1.0,0.0,10.0,8760.0,17.174226588742616,0.719659516275897,1.1008092295255507,0.653754980402981,-0.8071371283272364,0.008002560819462228,188,46524.0,0.5036755223110653
crypto,SOL,priority_with_coverage_fallback,30,30,"BTC,ETH,XRP,BNB,TRX,ADA,AVAX,DOT,NEAR,ATOM,ALGO,DOGE,BCH,LTC,XLM,ETC,LINK,UNI,AAVE,INJ,FIL,VET,FET,GRT,THETA,XTZ,SAND,CHZ,DASH,HBAR","TON,SUI,ICP,MKR,RENDER,RNDR,ARB,OP,MATIC,POL,APT,SEI,EOS,MANA","CHZ,DASH,HBAR",1440,24,0.8,336,1.0,0.25,10.0,8760.0,11.76998056175311,0.609870730624934,0.9298489948682626,0.6558814753693831,-0.7719467978216761,0.01431924882629108,659,100.5679012345679,0.5040510680088387
crypto,SOL,priority_with_coverage_fallback,30,30,"BTC,ETH,XRP,BNB,TRX,ADA,AVAX,DOT,NEAR,ATOM,ALGO,DOGE,BCH,LTC,XLM,ETC,LINK,UNI,AAVE,INJ,FIL,VET,FET,GRT,THETA,XTZ,SAND,CHZ,DASH,HBAR","TON,SUI,ICP,MKR,RENDER,RNDR,ARB,OP,MATIC,POL,APT,SEI,EOS,MANA","CHZ,DASH,HBAR",1440,24,0.8,336,1.0,0.5,10.0,8760.0,24.905846190841647,0.8374703002165098,0.8956294047665126,0.9350634266355238,-0.6958420514656911,0.019184805804524113,890,66.29705215419501,0.5040872866573178
crypto,SOL,priority_with_coverage_fallback,30,30,"BTC,ETH,XRP,BNB,TRX,ADA,AVAX,DOT,NEAR,ATOM,ALGO,DOGE,BCH,LTC,XLM,ETC,LINK,UNI,AAVE,INJ,FIL,VET,FET,GRT,THETA,XTZ,SAND,CHZ,DASH,HBAR","TON,SUI,ICP,MKR,RENDER,RNDR,ARB,OP,MATIC,POL,APT,SEI,EOS,MANA","CHZ,DASH,HBAR",1440,24,0.8,336,1.0,0.75,10.0,8760.0,10.337173717626646,0.5744502366606052,0.8684005069590012,0.6615038015952311,-0.6937961448653707,0.02635510029876227,1227,43.1983606557377,0.5035482524382376
crypto,SOL,priority_with_coverage_fallback,30,30,"BTC,ETH,XRP,BNB,TRX,ADA,AVAX,DOT,NEAR,ATOM,ALGO,DOGE,BCH,LTC,XLM,ETC,LINK,UNI,AAVE,INJ,FIL,VET,FET,GRT,THETA,XTZ,SAND,CHZ,DASH,HBAR","TON,SUI,ICP,MKR,RENDER,RNDR,ARB,OP,MATIC,POL,APT,SEI,EOS,MANA","CHZ,DASH,HBAR",1440,24,0.8,336,1.5,0.0,10.0,8760.0,383.57420584773786,2.0425360042792264,1.0914516426272995,1.8713939532515742,-0.6516354720624936,0.005953905249679897,140,46439.0,0.5069445939835052
crypto,SOL,priority_with_coverage_fallback,30,30,"BTC,ETH,XRP,BNB,TRX,ADA,AVAX,DOT,NEAR,ATOM,ALGO,DOGE,BCH,LTC,XLM,ETC,LINK,UNI,AAVE,INJ,FIL,VET,FET,GRT,THETA,XTZ,SAND,CHZ,DASH,HBAR","TON,SUI,ICP,MKR,RENDER,RNDR,ARB,OP,MATIC,POL,APT,SEI,EOS,MANA","CHZ,DASH,HBAR",1440,24,0.8,336,1.5,0.25,10.0,8760.0,23.884171681593177,0.8237009767983432,0.8520246004921918,0.9667572700629926,-0.7142706176336209,0.00998719590268886,462,124.13157894736842,0.5058299766800933
crypto,SOL,priority_with_coverage_fallback,30,30,"BTC,ETH,XRP,BNB,TRX,ADA,AVAX,DOT,NEAR,ATOM,ALGO,DOGE,BCH,LTC,XLM,ETC,LINK,UNI,AAVE,INJ,FIL,VET,FET,GRT,THETA,XTZ,SAND,CHZ,DASH,HBAR","TON,SUI,ICP,MKR,RENDER,RNDR,ARB,OP,MATIC,POL,APT,SEI,EOS,MANA","CHZ,DASH,HBAR",1440,24,0.8,336,1.5,0.5,10.0,8760.0,22.005038500501243,0.7971277108507566,0.808706621063968,0.9856821869493567,-0.6979441914318405,0.011651728553137003,542,91.97397769516729,0.5057192514449699
crypto,SOL,priority_with_coverage_fallback,30,30,"BTC,ETH,XRP,BNB,TRX,ADA,AVAX,DOT,NEAR,ATOM,ALGO,DOGE,BCH,LTC,XLM,ETC,LINK,UNI,AAVE,INJ,FIL,VET,FET,GRT,THETA,XTZ,SAND,CHZ,DASH,HBAR","TON,SUI,ICP,MKR,RENDER,RNDR,ARB,OP,MATIC,POL,APT,SEI,EOS,MANA","CHZ,DASH,HBAR",1440,24,0.8,336,1.5,0.75,10.0,8760.0,12.898723979006986,0.6355639462200242,0.7763465900731713,0.818660060270403,-0.7153596849731321,0.013486982501067009,630,69.49363057324841,0.5054763759681041
crypto,SOL,priority_with_coverage_fallback,30,30,"BTC,ETH,XRP,BNB,TRX,ADA,AVAX,DOT,NEAR,ATOM,ALGO,DOGE,BCH,LTC,XLM,ETC,LINK,UNI,AAVE,INJ,FIL,VET,FET,GRT,THETA,XTZ,SAND,CHZ,DASH,HBAR","TON,SUI,ICP,MKR,RENDER,RNDR,ARB,OP,MATIC,POL,APT,SEI,EOS,MANA","CHZ,DASH,HBAR",1440,24,0.8,336,1.5,1.0,10.0,8760.0,3.7483418181711032,0.3380509031672321,0.7275563442258006,0.4646387951258334,-0.662129633648773,0.0166880068288519,781,47.738461538461536,0.5056934149747556
crypto,SOL,priority_with_coverage_fallback,30,30,"BTC,ETH,XRP,BNB,TRX,ADA,AVAX,DOT,NEAR,ATOM,ALGO,DOGE,BCH,LTC,XLM,ETC,LINK,UNI,AAVE,INJ,FIL,VET,FET,GRT,THETA,XTZ,SAND,CHZ,DASH,HBAR","TON,SUI,ICP,MKR,RENDER,RNDR,ARB,OP,MATIC,POL,APT,SEI,EOS,MANA","CHZ,DASH,HBAR",1440,24,0.8,336,2.0,0.0,10.0,8760.0,504.82584788454557,2.2024729168552684,1.0884710191767846,2.02345572647493,-0.7716813463477965,0.00450277422108408,106,46354.0,0.5067523838287958
crypto,SOL,priority_with_coverage_fallback,30,30,"BTC,ETH,XRP,BNB,TRX,ADA,AVAX,DOT,NEAR,ATOM,ALGO,DOGE,BCH,LTC,XLM,ETC,LINK,UNI,AAVE,INJ,FIL,VET,FET,GRT,THETA,XTZ,SAND,CHZ,DASH,HBAR","TON,SUI,ICP,MKR,RENDER,RNDR,ARB,OP,MATIC,POL,APT,SEI,EOS,MANA","CHZ,DASH,HBAR",1440,24,0.8,336,2.0,0.25,10.0,8760.0,14.962203074338955,0.6784405308791528,0.7781867428072196,0.8718222677910912,-0.6181732152261832,0.0069995731967562955,326,139.12345679012347,0.5050137545478747
crypto,SOL,priority_with_coverage_fallback,30,30,"BTC,ETH,XRP,BNB,TRX,ADA,AVAX,DOT,NEAR,ATOM,ALGO,DOGE,BCH,LTC,XLM,ETC,LINK,UNI,AAVE,INJ,FIL,VET,FET,GRT,THETA,XTZ,SAND,CHZ,DASH,HBAR","TON,SUI,ICP,MKR,RENDER,RNDR,ARB,OP,MATIC,POL,APT,SEI,EOS,MANA","CHZ,DASH,HBAR",1440,24,0.8,336,2.0,0.5,10.0,8760.0,16.306184596632743,0.7039982131182401,0.7339912371088432,0.9591370816513503,-0.5446915132509569,0.007597097737942808,354,109.375,0.5047792207792208
crypto,SOL,priority_with_coverage_fallback,30,30,"BTC,ETH,XRP,BNB,TRX,ADA,AVAX,DOT,NEAR,ATOM,ALGO,DOGE,BCH,LTC,XLM,ETC,LINK,UNI,AAVE,INJ,FIL,VET,FET,GRT,THETA,XTZ,SAND,CHZ,DASH,HBAR","TON,SUI,ICP,MKR,RENDER,RNDR,ARB,OP,MATIC,POL,APT,SEI,EOS,MANA","CHZ,DASH,HBAR",1440,24,0.8,336,2.0,0.75,10.0,8760.0,8.167743735660501,0.5131611163763254,0.7064131650815288,0.7264319830691438,-0.5749971065755195,0.008237302603499787,384,87.34031413612566,0.5052751468648843
crypto,SOL,priority_with_coverage_fallback,30,30,"BTC,ETH,XRP,BNB,TRX,ADA,AVAX,DOT,NEAR,ATOM,ALGO,DOGE,BCH,LTC,XLM,ETC,LINK,UNI,AAVE,INJ,FIL,VET,FET,GRT,THETA,XTZ,SAND,CHZ,DASH,HBAR","TON,SUI,ICP,MKR,RENDER,RNDR,ARB,OP,MATIC,POL,APT,SEI,EOS,MANA","CHZ,DASH,HBAR",1440,24,0.8,336,2.0,1.0,10.0,8760.0,5.217085980398377,0.40719080253242734,0.6603019442323899,0.6166736386120932,-0.5717162508749708,0.009133589415279557,427,65.34741784037558,0.5057116172138804
crypto,SOL,priority_with_coverage_fallback,30,30,"BTC,ETH,XRP,BNB,TRX,ADA,AVAX,DOT,NEAR,ATOM,ALGO,DOGE,BCH,LTC,XLM,ETC,LINK,UNI,AAVE,INJ,FIL,VET,FET,GRT,THETA,XTZ,SAND,CHZ,DASH,HBAR","TON,SUI,ICP,MKR,RENDER,RNDR,ARB,OP,MATIC,POL,APT,SEI,EOS,MANA","CHZ,DASH,HBAR",1440,24,0.8,336,2.5,0.0,10.0,8760.0,46.043961745065985,1.0542702514655424,1.0822270865782615,0.9741673115934366,-0.8153533548008202,0.003051643192488263,72,45868.0,0.5056902415627452
crypto,SOL,priority_with_coverage_fallback,30,30,"BTC,ETH,XRP,BNB,TRX,ADA,AVAX,DOT,NEAR,ATOM,ALGO,DOGE,BCH,LTC,XLM,ETC,LINK,UNI,AAVE,INJ,FIL,VET,FET,GRT,THETA,XTZ,SAND,CHZ,DASH,HBAR","TON,SUI,ICP,MKR,RENDER,RNDR,ARB,OP,MATIC,POL,APT,SEI,EOS,MANA","CHZ,DASH,HBAR",1440,24,0.8,336,2.5,0.25,10.0,8760.0,9.21417430999826,0.5440461522606188,0.7127945019117163,0.7632580649843481,-0.6415951146764838,0.005036278275714895,236,139.47457627118644,0.5083242192246932
crypto,SOL,priority_with_coverage_fallback,30,30,"BTC,ETH,XRP,BNB,TRX,ADA,AVAX,DOT,NEAR,ATOM,ALGO,DOGE,BCH,LTC,XLM,ETC,LINK,UNI,AAVE,INJ,FIL,VET,FET,GRT,THETA,XTZ,SAND,CHZ,DASH,HBAR","TON,SUI,ICP,MKR,RENDER,RNDR,ARB,OP,MATIC,POL,APT,SEI,EOS,MANA","CHZ,DASH,HBAR",1440,24,0.8,336,2.5,0.5,10.0,8760.0,11.962414809987028,0.6143782786457308,0.6700217208298406,0.916952778612619,-0.5179927134907805,0.005292360221937686,248,110.49193548387096,0.5090139405882782
crypto,SOL,priority_with_coverage_fallback,30,30,"BTC,ETH,XRP,BNB,TRX,ADA,AVAX,DOT,NEAR,ATOM,ALGO,DOGE,BCH,LTC,XLM,ETC,LINK,UNI,AAVE,INJ,FIL,VET,FET,GRT,THETA,XTZ,SAND,CHZ,DASH,HBAR","TON,SUI,ICP,MKR,RENDER,RNDR,ARB,OP,MATIC,POL,APT,SEI,EOS,MANA","CHZ,DASH,HBAR",1440,24,0.8,336,2.5,0.75,10.0,8760.0,5.01706170074526,0.3986143896182264,0.6452553426615587,0.6177622458328138,-0.5432944925297627,0.005420401195049082,254,96.81102362204724,0.5067100447336316
crypto,SOL,priority_with_coverage_fallback,30,30,"BTC,ETH,XRP,BNB,TRX,ADA,AVAX,DOT,NEAR,ATOM,ALGO,DOGE,BCH,LTC,XLM,ETC,LINK,UNI,AAVE,INJ,FIL,VET,FET,GRT,THETA,XTZ,SAND,CHZ,DASH,HBAR","TON,SUI,ICP,MKR,RENDER,RNDR,ARB,OP,MATIC,POL,APT,SEI,EOS,MANA","CHZ,DASH,HBAR",1440,24,0.8,336,2.5,1.0,10.0,8760.0,5.321356460441224,0.41157295966106,0.6031698263683152,0.6823500474802268,-0.4846577151603444,0.0058045241143832695,272,73.36029411764706,0.5093715545755237
crypto,SOL,priority_with_coverage_fallback,30,30,"BTC,ETH,XRP,BNB,TRX,ADA,AVAX,DOT,NEAR,ATOM,ALGO,DOGE,BCH,LTC,XLM,ETC,LINK,UNI,AAVE,INJ,FIL,VET,FET,GRT,THETA,XTZ,SAND,CHZ,DASH,HBAR","TON,SUI,ICP,MKR,RENDER,RNDR,ARB,OP,MATIC,POL,APT,SEI,EOS,MANA","CHZ,DASH,HBAR",1440,24,0.8,336,3.0,0.0,10.0,8760.0,14.707138517002756,0.6733938653976921,1.0821003951618333,0.6223025778462846,-0.881359384228753,0.0017285531370038413,41,45866.0,0.5106178868878908
crypto,SOL,priority_with_coverage_fallback,30,30,"BTC,ETH,XRP,BNB,TRX,ADA,AVAX,DOT,NEAR,ATOM,ALGO,DOGE,BCH,LTC,XLM,ETC,LINK,UNI,AAVE,INJ,FIL,VET,FET,GRT,THETA,XTZ,SAND,CHZ,DASH,HBAR","TON,SUI,ICP,MKR,RENDER,RNDR,ARB,OP,MATIC,POL,APT,SEI,EOS,MANA","CHZ,DASH,HBAR",1440,24,0.8,336,3.0,0.25,10.0,8760.0,5.352459970628067,0.4128687575629224,0.598533020912235,0.6898011356727849,-0.5753493685520552,0.0030729833546734955,144,144.13888888888889,0.5146463673154751
crypto,SOL,priority_with_coverage_fallback,30,30,"BTC,ETH,XRP,BNB,TRX,ADA,AVAX,DOT,NEAR,ATOM,ALGO,DOGE,BCH,LTC,XLM,ETC,LINK,UNI,AAVE,INJ,FIL,VET,FET,GRT,THETA,XTZ,SAND,CHZ,DASH,HBAR","TON,SUI,ICP,MKR,RENDER,RNDR,ARB,OP,MATIC,POL,APT,SEI,EOS,MANA","CHZ,DASH,HBAR",1440,24,0.8,336,3.0,0.5,10.0,8760.0,4.640613804635368,0.3818242697434546,0.5755626621459414,0.6633930497156504,-0.5965943690607873,0.0031156636790439607,146,114.10958904109589,0.5157262905162064
crypto,SOL,priority_with_coverage_fallback,30,30,"BTC,ETH,XRP,BNB,TRX,ADA,AVAX,DOT,NEAR,ATOM,ALGO,DOGE,BCH,LTC,XLM,ETC,LINK,UNI,AAVE,INJ,FIL,VET,FET,GRT,THETA,XTZ,SAND,CHZ,DASH,HBAR","TON,SUI,ICP,MKR,RENDER,RNDR,ARB,OP,MATIC,POL,APT,SEI,EOS,MANA","CHZ,DASH,HBAR",1440,24,0.8,336,3.0,0.75,10.0,8760.0,1.679300804212566,0.2023039051042721,0.5318265022986017,0.38039455391917576,-0.5803526498713492,0.0031156636790439607,146,101.21917808219177,0.5152253349573691
crypto,SOL,priority_with_coverage_fallback,30,30,"BTC,ETH,XRP,BNB,TRX,ADA,AVAX,DOT,NEAR,ATOM,ALGO,DOGE,BCH,LTC,XLM,ETC,LINK,UNI,AAVE,INJ,FIL,VET,FET,GRT,THETA,XTZ,SAND,CHZ,DASH,HBAR","TON,SUI,ICP,MKR,RENDER,RNDR,ARB,OP,MATIC,POL,APT,SEI,EOS,MANA","CHZ,DASH,HBAR",1440,24,0.8,336,3.0,1.0,10.0,8760.0,1.143817189591143,0.1532200338977059,0.5035723312753543,0.3042661885526131,-0.5281082920902744,0.0032437046521553562,152,82.14473684210526,0.5141758769822201
crypto,SOL,priority_with_coverage_fallback,30,30,"BTC,ETH,XRP,BNB,TRX,ADA,AVAX,DOT,NEAR,ATOM,ALGO,DOGE,BCH,LTC,XLM,ETC,LINK,UNI,AAVE,INJ,FIL,VET,FET,GRT,THETA,XTZ,SAND,CHZ,DASH,HBAR","TON,SUI,ICP,MKR,RENDER,RNDR,ARB,OP,MATIC,POL,APT,SEI,EOS,MANA","CHZ,DASH,HBAR",1440,72,0.8,336,1.0,0.0,10.0,8760.0,32.64390953720248,0.9307778273010714,1.1378757072559458,0.8179960441775288,-0.7908298151742374,0.007754421943091515,182,46456.0,0.5015068021353539
crypto,SOL,priority_with_coverage_fallback,30,30,"BTC,ETH,XRP,BNB,TRX,ADA,AVAX,DOT,NEAR,ATOM,ALGO,DOGE,BCH,LTC,XLM,ETC,LINK,UNI,AAVE,INJ,FIL,VET,FET,GRT,THETA,XTZ,SAND,CHZ,DASH,HBAR","TON,SUI,ICP,MKR,RENDER,RNDR,ARB,OP,MATIC,POL,APT,SEI,EOS,MANA","CHZ,DASH,HBAR",1440,72,0.8,336,1.0,0.25,10.0,8760.0,15.836173576452648,0.6961676331798083,0.9699948952611251,0.7177023678999859,-0.7385295272598835,0.01420575920704093,649,103.46372239747635,0.5011890968961522
crypto,SOL,priority_with_coverage_fallback,30,30,"BTC,ETH,XRP,BNB,TRX,ADA,AVAX,DOT,NEAR,ATOM,ALGO,DOGE,BCH,LTC,XLM,ETC,LINK,UNI,AAVE,INJ,FIL,VET,FET,GRT,THETA,XTZ,SAND,CHZ,DASH,HBAR","TON,SUI,ICP,MKR,RENDER,RNDR,ARB,OP,MATIC,POL,APT,SEI,EOS,MANA","CHZ,DASH,HBAR",1440,72,0.8,336,1.0,0.5,10.0,8760.0,6.5312734312643705,0.459115617933457,0.9375468798945741,0.48969883829711425,-0.742427732353079,0.017709134409980346,820,72.80788177339902,0.5006765899864682
crypto,SOL,priority_with_coverage_fallback,30,30,"BTC,ETH,XRP,BNB,TRX,ADA,AVAX,DOT,NEAR,ATOM,ALGO,DOGE,BCH,LTC,XLM,ETC,LINK,UNI,AAVE,INJ,FIL,VET,FET,GRT,THETA,XTZ,SAND,CHZ,DASH,HBAR","TON,SUI,ICP,MKR,RENDER,RNDR,ARB,OP,MATIC,POL,APT,SEI,EOS,MANA","CHZ,DASH,HBAR",1440,72,0.8,336,1.0,0.75,10.0,8760.0,1.8045470106501171,0.21285595669479584,0.905971801623388,0.2349476620722462,-0.7560215747810493,0.024737246859779544,1149,46.81754385964912,0.5012366034624897
crypto,SOL,priority_with_coverage_fallback,30,30,"BTC,ETH,XRP,BNB,TRX,ADA,AVAX,DOT,NEAR,ATOM,ALGO,DOGE,BCH,LTC,XLM,ETC,LINK,UNI,AAVE,INJ,FIL,VET,FET,GRT,THETA,XTZ,SAND,CHZ,DASH,HBAR","TON,SUI,ICP,MKR,RENDER,RNDR,ARB,OP,MATIC,POL,APT,SEI,EOS,MANA","CHZ,DASH,HBAR",1440,72,0.8,336,1.5,0.0,10.0,8760.0,239.4734353544815,1.7897974357295148,1.137441264999406,1.5735295446050568,-0.6542564178728014,0.005917286165940357,139,46439.0,0.5038006847692672
crypto,SOL,priority_with_coverage_fallback,30,30,"BTC,ETH,XRP,BNB,TRX,ADA,AVAX,DOT,NEAR,ATOM,ALGO,DOGE,BCH,LTC,XLM,ETC,LINK,UNI,AAVE,INJ,FIL,VET,FET,GRT,THETA,XTZ,SAND,CHZ,DASH,HBAR","TON,SUI,ICP,MKR,RENDER,RNDR,ARB,OP,MATIC,POL,APT,SEI,EOS,MANA","CHZ,DASH,HBAR",1440,72,0.8,336,1.5,0.25,10.0,8760.0,28.794008599647906,0.8873653017319296,0.9008155947583038,0.985068760904408,-0.7098312999887672,0.010040160642570281,464,122.66375545851528,0.5027411890352439
crypto,SOL,priority_with_coverage_fallback,30,30,"BTC,ETH,XRP,BNB,TRX,ADA,AVAX,DOT,NEAR,ATOM,ALGO,DOGE,BCH,LTC,XLM,ETC,LINK,UNI,AAVE,INJ,FIL,VET,FET,GRT,THETA,XTZ,SAND,CHZ,DASH,HBAR","TON,SUI,ICP,MKR,RENDER,RNDR,ARB,OP,MATIC,POL,APT,SEI,EOS,MANA","CHZ,DASH,HBAR",1440,72,0.8,336,1.5,0.5,10.0,8760.0,16.56118773826487,0.7096028823811427,0.8671771699907604,0.8182905488490931,-0.6904739934735751,0.01123643510211057,522,96.57528957528957,0.5026985967297005
crypto,SOL,priority_with_coverage_fallback,30,30,"BTC,ETH,XRP,BNB,TRX,ADA,AVAX,DOT,NEAR,ATOM,ALGO,DOGE,BCH,LTC,XLM,ETC,LINK,UNI,AAVE,INJ,FIL,VET,FET,GRT,THETA,XTZ,SAND,CHZ,DASH,HBAR","TON,SUI,ICP,MKR,RENDER,RNDR,ARB,OP,MATIC,POL,APT,SEI,EOS,MANA","CHZ,DASH,HBAR",1440,72,0.8,336,1.5,0.75,10.0,8760.0,6.18580204560012,0.4463503403977982,0.8358581128449663,0.5340025221249323,-0.7289693575990683,0.01290267452789883,600,74.40604026845638,0.5032246425833221
crypto,SOL,priority_with_coverage_fallback,30,30,"BTC,ETH,XRP,BNB,TRX,ADA,AVAX,DOT,NEAR,ATOM,ALGO,DOGE,BCH,LTC,XLM,ETC,LINK,UNI,AAVE,INJ,FIL,VET,FET,GRT,THETA,XTZ,SAND,CHZ,DASH,HBAR","TON,SUI,ICP,MKR,RENDER,RNDR,ARB,OP,MATIC,POL,APT,SEI,EOS,MANA","CHZ,DASH,HBAR",1440,72,0.8,336,1.5,1.0,10.0,8760.0,2.0782998625401667,0.23417958349874257,0.785248511278309,0.2982235306852359,-0.6532554633619616,0.015551567974023755,727,52.03030303030303,0.50299147561815
crypto,SOL,priority_with_coverage_fallback,30,30,"BTC,ETH,XRP,BNB,TRX,ADA,AVAX,DOT,NEAR,ATOM,ALGO,DOGE,BCH,LTC,XLM,ETC,LINK,UNI,AAVE,INJ,FIL,VET,FET,GRT,THETA,XTZ,SAND,CHZ,DASH,HBAR","TON,SUI,ICP,MKR,RENDER,RNDR,ARB,OP,MATIC,POL,APT,SEI,EOS,MANA","CHZ,DASH,HBAR",1440,72,0.8,336,2.0,0.0,10.0,8760.0,57.05584534121203,1.138312365152422,1.1279806700332469,1.0091594611447292,-0.7874910004567409,0.004122874476629924,97,45973.0,0.5032519087290366
crypto,SOL,priority_with_coverage_fallback,30,30,"BTC,ETH,XRP,BNB,TRX,ADA,AVAX,DOT,NEAR,ATOM,ALGO,DOGE,BCH,LTC,XLM,ETC,LINK,UNI,AAVE,INJ,FIL,VET,FET,GRT,THETA,XTZ,SAND,CHZ,DASH,HBAR","TON,SUI,ICP,MKR,RENDER,RNDR,ARB,OP,MATIC,POL,APT,SEI,EOS,MANA","CHZ,DASH,HBAR",1440,72,0.8,336,2.0,0.25,10.0,8760.0,6.907552774226428,0.47248869543776206,0.8094551245784917,0.5837120318236314,-0.6749494609210134,0.0066649577031530375,310,142.05844155844156,0.503588243360607
crypto,SOL,priority_with_coverage_fallback,30,30,"BTC,ETH,XRP,BNB,TRX,ADA,AVAX,DOT,NEAR,ATOM,ALGO,DOGE,BCH,LTC,XLM,ETC,LINK,UNI,AAVE,INJ,FIL,VET,FET,GRT,THETA,XTZ,SAND,CHZ,DASH,HBAR","TON,SUI,ICP,MKR,RENDER,RNDR,ARB,OP,MATIC,POL,APT,SEI,EOS,MANA","CHZ,DASH,HBAR",1440,72,0.8,336,2.0,0.5,10.0,8760.0,4.191391548965485,0.36098121586585896,0.7742862756038916,0.46621156442985856,-0.7001655064095653,0.0070921985815602835,330,118.0670731707317,0.5033310953881114
crypto,SOL,priority_with_coverage_fallback,30,30,"BTC,ETH,XRP,BNB,TRX,ADA,AVAX,DOT,NEAR,ATOM,ALGO,DOGE,BCH,LTC,XLM,ETC,LINK,UNI,AAVE,INJ,FIL,VET,FET,GRT,THETA,XTZ,SAND,CHZ,DASH,HBAR","TON,SUI,ICP,MKR,RENDER,RNDR,ARB,OP,MATIC,POL,APT,SEI,EOS,MANA","CHZ,DASH,HBAR",1440,72,0.8,336,2.0,0.75,10.0,8760.0,2.581050052095751,0.2696172023297343,0.7479028791980622,0.3604976124959312,-0.5915978571837185,0.007818508074852602,364,92.69613259668509,0.5033973059959471
crypto,SOL,priority_with_coverage_fallback,30,30,"BTC,ETH,XRP,BNB,TRX,ADA,AVAX,DOT,NEAR,ATOM,ALGO,DOGE,BCH,LTC,XLM,ETC,LINK,UNI,AAVE,INJ,FIL,VET,FET,GRT,THETA,XTZ,SAND,CHZ,DASH,HBAR","TON,SUI,ICP,MKR,RENDER,RNDR,ARB,OP,MATIC,POL,APT,SEI,EOS,MANA","CHZ,DASH,HBAR",1440,72,0.8,336,2.0,1.0,10.0,8760.0,1.0600113406747913,0.14481389678635948,0.7071028555276072,0.20479891384161655,-0.5385640739117438,0.008459369392463471,395,71.88832487309645,0.5024714023443017
crypto,SOL,priority_with_coverage_fallback,30,30,"BTC,ETH,XRP,BNB,TRX,ADA,AVAX,DOT,NEAR,ATOM,ALGO,DOGE,BCH,LTC,XLM,ETC,LINK,UNI,AAVE,INJ,FIL,VET,FET,GRT,THETA,XTZ,SAND,CHZ,DASH,HBAR","TON,SUI,ICP,MKR,RENDER,RNDR,ARB,OP,MATIC,POL,APT,SEI,EOS,MANA","CHZ,DASH,HBAR",1440,72,0.8,336,2.5,0.0,10.0,8760.0,36.11593619994506,0.9665917054324906,1.1270747842541302,0.8576109757190218,-0.8067808286526149,0.003054772280611809,72,45866.0,0.5029869620197968
crypto,SOL,priority_with_coverage_fallback,30,30,"BTC,ETH,XRP,BNB,TRX,ADA,AVAX,DOT,NEAR,ATOM,ALGO,DOGE,BCH,LTC,XLM,ETC,LINK,UNI,AAVE,INJ,FIL,VET,FET,GRT,THETA,XTZ,SAND,CHZ,DASH,HBAR","TON,SUI,ICP,MKR,RENDER,RNDR,ARB,OP,MATIC,POL,APT,SEI,EOS,MANA","CHZ,DASH,HBAR",1440,72,0.8,336,2.5,0.25,10.0,8760.0,5.609085930500625,0.4238829641992774,0.7281629784184454,0.5821264974497087,-0.6813322409262896,0.00482782192600188,225,149.24107142857142,0.5049955130122644
crypto,SOL,priority_with_coverage_fallback,30,30,"BTC,ETH,XRP,BNB,TRX,ADA,AVAX,DOT,NEAR,ATOM,ALGO,DOGE,BCH,LTC,XLM,ETC,LINK,UNI,AAVE,INJ,FIL,VET,FET,GRT,THETA,XTZ,SAND,CHZ,DASH,HBAR","TON,SUI,ICP,MKR,RENDER,RNDR,ARB,OP,MATIC,POL,APT,SEI,EOS,MANA","CHZ,DASH,HBAR",1440,72,0.8,336,2.5,0.5,10.0,8760.0,4.206367700961778,0.3617150651575278,0.7061688459013449,0.512221782732201,-0.7161977301906848,0.004998718277364778,233,124.68103448275862,0.5053585010025583
crypto,SOL,priority_with_coverage_fallback,30,30,"BTC,ETH,XRP,BNB,TRX,ADA,AVAX,DOT,NEAR,ATOM,ALGO,DOGE,BCH,LTC,XLM,ETC,LINK,UNI,AAVE,INJ,FIL,VET,FET,GRT,THETA,XTZ,SAND,CHZ,DASH,HBAR","TON,SUI,ICP,MKR,RENDER,RNDR,ARB,OP,MATIC,POL,APT,SEI,EOS,MANA","CHZ,DASH,HBAR",1440,72,0.8,336,2.5,0.75,10.0,8760.0,2.5904325637531334,0.27023902484758655,0.6807980415641521,0.3969444803729238,-0.5647283447260703,0.005169614628727677,241,103.61666666666666,0.5064339713688274
crypto,SOL,priority_with_coverage_fallback,30,30,"BTC,ETH,XRP,BNB,TRX,ADA,AVAX,DOT,NEAR,ATOM,ALGO,DOGE,BCH,LTC,XLM,ETC,LINK,UNI,AAVE,INJ,FIL,VET,FET,GRT,THETA,XTZ,SAND,CHZ,DASH,HBAR","TON,SUI,ICP,MKR,RENDER,RNDR,ARB,OP,MATIC,POL,APT,SEI,EOS,MANA","CHZ,DASH,HBAR",1440,72,0.8,336,2.5,1.0,10.0,8760.0,2.9757284351783437,0.2947017984590192,0.6382455390551732,0.4617373415492743,-0.4886295762045184,0.005554131419294198,259,80.82170542635659,0.5070976405140993
crypto,SOL,priority_with_coverage_fallback,30,30,"BTC,ETH,XRP,BNB,TRX,ADA,AVAX,DOT,NEAR,ATOM,ALGO,DOGE,BCH,LTC,XLM,ETC,LINK,UNI,AAVE,INJ,FIL,VET,FET,GRT,THETA,XTZ,SAND,CHZ,DASH,HBAR","TON,SUI,ICP,MKR,RENDER,RNDR,ARB,OP,MATIC,POL,APT,SEI,EOS,MANA","CHZ,DASH,HBAR",1440,72,0.8,336,3.0,0.0,10.0,8760.0,13.854953025639174,0.656891372336531,1.123189429643664,0.5848446887048538,-0.7445260905413399,0.0016448773818678972,39,45542.0,0.5061920864257169
crypto,SOL,priority_with_coverage_fallback,30,30,"BTC,ETH,XRP,BNB,TRX,ADA,AVAX,DOT,NEAR,ATOM,ALGO,DOGE,BCH,LTC,XLM,ETC,LINK,UNI,AAVE,INJ,FIL,VET,FET,GRT,THETA,XTZ,SAND,CHZ,DASH,HBAR","TON,SUI,ICP,MKR,RENDER,RNDR,ARB,OP,MATIC,POL,APT,SEI,EOS,MANA","CHZ,DASH,HBAR",1440,72,0.8,336,3.0,0.25,10.0,8760.0,5.103406024861251,0.4028308871171391,0.6558168652108698,0.6142429517844342,-0.6083857839111262,0.002990686148850722,139,151.56521739130434,0.5080321285140562
crypto,SOL,priority_with_coverage_fallback,30,30,"BTC,ETH,XRP,BNB,TRX,ADA,AVAX,DOT,NEAR,ATOM,ALGO,DOGE,BCH,LTC,XLM,ETC,LINK,UNI,AAVE,INJ,FIL,VET,FET,GRT,THETA,XTZ,SAND,CHZ,DASH,HBAR","TON,SUI,ICP,MKR,RENDER,RNDR,ARB,OP,MATIC,POL,APT,SEI,EOS,MANA","CHZ,DASH,HBAR",1440,72,0.8,336,3.0,0.5,10.0,8760.0,2.760649885536231,0.2812970097620331,0.6386181186890241,0.4404776524967514,-0.645540413378112,0.002990686148850722,139,132.8985507246377,0.5061068702290077
crypto,SOL,priority_with_coverage_fallback,30,30,"BTC,ETH,XRP,BNB,TRX,ADA,AVAX,DOT,NEAR,ATOM,ALGO,DOGE,BCH,LTC,XLM,ETC,LINK,UNI,AAVE,INJ,FIL,VET,FET,GRT,THETA,XTZ,SAND,CHZ,DASH,HBAR","TON,SUI,ICP,MKR,RENDER,RNDR,ARB,OP,MATIC,POL,APT,SEI,EOS,MANA","CHZ,DASH,HBAR",1440,72,0.8,336,3.0,0.75,10.0,8760.0,1.9627863476794452,0.2253777588662007,0.5874985378893615,0.38362267194040944,-0.4873955921246683,0.002990686148850722,139,112.34782608695652,0.5103199174406605
crypto,SOL,priority_with_coverage_fallback,30,30,"BTC,ETH,XRP,BNB,TRX,ADA,AVAX,DOT,NEAR,ATOM,ALGO,DOGE,BCH,LTC,XLM,ETC,LINK,UNI,AAVE,INJ,FIL,VET,FET,GRT,THETA,XTZ,SAND,CHZ,DASH,HBAR","TON,SUI,ICP,MKR,RENDER,RNDR,ARB,OP,MATIC,POL,APT,SEI,EOS,MANA","CHZ,DASH,HBAR",1440,72,0.8,336,3.0,1.0,10.0,8760.0,1.862832950414231,0.21753351310634228,0.5217408042626358,0.4169378958461517,-0.458617962732924,0.0031188584123728958,145,86.33333333333333,0.5119047619047619
crypto,SOL,priority_with_coverage_fallback,30,30,"BTC,ETH,XRP,BNB,TRX,ADA,AVAX,DOT,NEAR,ATOM,ALGO,DOGE,BCH,LTC,XLM,ETC,LINK,UNI,AAVE,INJ,FIL,VET,FET,GRT,THETA,XTZ,SAND,CHZ,DASH,HBAR","TON,SUI,ICP,MKR,RENDER,RNDR,ARB,OP,MATIC,POL,APT,SEI,EOS,MANA","CHZ,DASH,HBAR",1440,168,0.8,336,1.0,0.0,10.0,8760.0,3.0004519470961997,0.2965498690981283,1.2187820488335765,0.2433165711473503,-0.8331660607129426,0.0075913095543580535,178,46368.0,0.5007332643202208
crypto,SOL,priority_with_coverage_fallback,30,30,"BTC,ETH,XRP,BNB,TRX,ADA,AVAX,DOT,NEAR,ATOM,ALGO,DOGE,BCH,LTC,XLM,ETC,LINK,UNI,AAVE,INJ,FIL,VET,FET,GRT,THETA,XTZ,SAND,CHZ,DASH,HBAR","TON,SUI,ICP,MKR,RENDER,RNDR,ARB,OP,MATIC,POL,APT,SEI,EOS,MANA","CHZ,DASH,HBAR",1440,168,0.8,336,1.0,0.25,10.0,8760.0,0.7371068842758155,0.10898371017244779,1.0813035241220124,0.10078919354391215,-0.8729559865786047,0.01212471131639723,541,131.64728682170542,0.49795377594582657
crypto,SOL,priority_with_coverage_fallback,30,30,"BTC,ETH,XRP,BNB,TRX,ADA,AVAX,DOT,NEAR,ATOM,ALGO,DOGE,BCH,LTC,XLM,ETC,LINK,UNI,AAVE,INJ,FIL,VET,FET,GRT,THETA,XTZ,SAND,CHZ,DASH,HBAR","TON,SUI,ICP,MKR,RENDER,RNDR,ARB,OP,MATIC,POL,APT,SEI,EOS,MANA","CHZ,DASH,HBAR",1440,168,0.8,336,1.0,0.5,10.0,8760.0,-0.07613142175837984,-0.01472383044990866,1.047892213375914,-0.014050901669050505,-0.8246089965548039,0.015332306902745702,701,90.83673469387755,0.49722373784382323
crypto,SOL,priority_with_coverage_fallback,30,30,"BTC,ETH,XRP,BNB,TRX,ADA,AVAX,DOT,NEAR,ATOM,ALGO,DOGE,BCH,LTC,XLM,ETC,LINK,UNI,AAVE,INJ,FIL,VET,FET,GRT,THETA,XTZ,SAND,CHZ,DASH,HBAR","TON,SUI,ICP,MKR,RENDER,RNDR,ARB,OP,MATIC,POL,APT,SEI,EOS,MANA","CHZ,DASH,HBAR",1440,168,0.8,336,1.0,0.75,10.0,8760.0,-0.2953963198831112,-0.06348121006079699,1.00393056845645,-0.06323266972376365,-0.8200958369415157,0.02166196219314002,1002,56.71975806451613,0.49728077346887994
crypto,SOL,priority_with_coverage_fallback,30,30,"BTC,ETH,XRP,BNB,TRX,ADA,AVAX,DOT,NEAR,ATOM,ALGO,DOGE,BCH,LTC,XLM,ETC,LINK,UNI,AAVE,INJ,FIL,VET,FET,GRT,THETA,XTZ,SAND,CHZ,DASH,HBAR","TON,SUI,ICP,MKR,RENDER,RNDR,ARB,OP,MATIC,POL,APT,SEI,EOS,MANA","CHZ,DASH,HBAR",1440,168,0.8,336,1.5,0.0,10.0,8760.0,0.9468843230465496,0.13292258083681863,1.2183720937412694,0.1090985106435356,-0.9361462679691444,0.005623984261397656,132,46356.0,0.5008628872206402
crypto,SOL,priority_with_coverage_fallback,30,30,"BTC,ETH,XRP,BNB,TRX,ADA,AVAX,DOT,NEAR,ATOM,ALGO,DOGE,BCH,LTC,XLM,ETC,LINK,UNI,AAVE,INJ,FIL,VET,FET,GRT,THETA,XTZ,SAND,CHZ,DASH,HBAR","TON,SUI,ICP,MKR,RENDER,RNDR,ARB,OP,MATIC,POL,APT,SEI,EOS,MANA","CHZ,DASH,HBAR",1440,168,0.8,336,1.5,0.25,10.0,8760.0,1.0260743914372243,0.14141555218500002,1.0265886277114433,0.13775289182801032,-0.8741895906196124,0.008788811906594817,397,154.61979166666666,0.4975915383838044
crypto,SOL,priority_with_coverage_fallback,30,30,"BTC,ETH,XRP,BNB,TRX,ADA,AVAX,DOT,NEAR,ATOM,ALGO,DOGE,BCH,LTC,XLM,ETC,LINK,UNI,AAVE,INJ,FIL,VET,FET,GRT,THETA,XTZ,SAND,CHZ,DASH,HBAR","TON,SUI,ICP,MKR,RENDER,RNDR,ARB,OP,MATIC,POL,APT,SEI,EOS,MANA","CHZ,DASH,HBAR",1440,168,0.8,336,1.5,0.5,10.0,8760.0,-0.013115379117494608,-0.0024700176031275944,0.9863834009339597,-0.0025041151349352105,-0.8349699139980266,0.009815242494226328,451,120.44144144144144,0.49685840376991547
crypto,SOL,priority_with_coverage_fallback,30,30,"BTC,ETH,XRP,BNB,TRX,ADA,AVAX,DOT,NEAR,ATOM,ALGO,DOGE,BCH,LTC,XLM,ETC,LINK,UNI,AAVE,INJ,FIL,VET,FET,GRT,THETA,XTZ,SAND,CHZ,DASH,HBAR","TON,SUI,ICP,MKR,RENDER,RNDR,ARB,OP,MATIC,POL,APT,SEI,EOS,MANA","CHZ,DASH,HBAR",1440,168,0.8,336,1.5,0.75,10.0,8760.0,0.11912698530636767,0.021306881811978817,0.9432554158656642,0.02258866628655889,-0.7909094015888474,0.011654263963732786,539,87.9812734082397,0.49759482354944445
crypto,SOL,priority_with_coverage_fallback,30,30,"BTC,ETH,XRP,BNB,TRX,ADA,AVAX,DOT,NEAR,ATOM,ALGO,DOGE,BCH,LTC,XLM,ETC,LINK,UNI,AAVE,INJ,FIL,VET,FET,GRT,THETA,XTZ,SAND,CHZ,DASH,HBAR","TON,SUI,ICP,MKR,RENDER,RNDR,ARB,OP,MATIC,POL,APT,SEI,EOS,MANA","CHZ,DASH,HBAR",1440,168,0.8,336,1.5,1.0,10.0,8760.0,-0.14833432163607096,-0.029629094647522614,0.9070320613520167,-0.03266598382791194,-0.7988717996499493,0.01430587631511419,666,59.43072289156626,0.49779534742283715
crypto,SOL,priority_with_coverage_fallback,30,30,"BTC,ETH,XRP,BNB,TRX,ADA,AVAX,DOT,NEAR,ATOM,ALGO,DOGE,BCH,LTC,XLM,ETC,LINK,UNI,AAVE,INJ,FIL,VET,FET,GRT,THETA,XTZ,SAND,CHZ,DASH,HBAR","TON,SUI,ICP,MKR,RENDER,RNDR,ARB,OP,MATIC,POL,APT,SEI,EOS,MANA","CHZ,DASH,HBAR",1440,168,0.8,336,2.0,0.0,10.0,8760.0,25.650189334412374,0.8495551565780284,1.2182831895252677,0.6973379948787418,-0.8688025559218063,0.004169874262253015,98,46354.0,0.502610346464167
crypto,SOL,priority_with_coverage_fallback,30,30,"BTC,ETH,XRP,BNB,TRX,ADA,AVAX,DOT,NEAR,ATOM,ALGO,DOGE,BCH,LTC,XLM,ETC,LINK,UNI,AAVE,INJ,FIL,VET,FET,GRT,THETA,XTZ,SAND,CHZ,DASH,HBAR","TON,SUI,ICP,MKR,RENDER,RNDR,ARB,OP,MATIC,POL,APT,SEI,EOS,MANA","CHZ,DASH,HBAR",1440,168,0.8,336,2.0,0.25,10.0,8760.0,7.198806866575783,0.483088427717687,0.9590816029233996,0.5036989826988377,-0.8021629211839871,0.006500727054999572,293,173.6950354609929,0.499040463843861
crypto,SOL,priority_with_coverage_fallback,30,30,"BTC,ETH,XRP,BNB,TRX,ADA,AVAX,DOT,NEAR,ATOM,ALGO,DOGE,BCH,LTC,XLM,ETC,LINK,UNI,AAVE,INJ,FIL,VET,FET,GRT,THETA,XTZ,SAND,CHZ,DASH,HBAR","TON,SUI,ICP,MKR,RENDER,RNDR,ARB,OP,MATIC,POL,APT,SEI,EOS,MANA","CHZ,DASH,HBAR",1440,168,0.8,336,2.0,0.5,10.0,8760.0,3.3543765603652718,0.3173036768268793,0.9206215656679649,0.34466244183260786,-0.7135738080790869,0.006885638525361389,315,140.3116883116883,0.4987967419474269
crypto,SOL,priority_with_coverage_fallback,30,30,"BTC,ETH,XRP,BNB,TRX,ADA,AVAX,DOT,NEAR,ATOM,ALGO,DOGE,BCH,LTC,XLM,ETC,LINK,UNI,AAVE,INJ,FIL,VET,FET,GRT,THETA,XTZ,SAND,CHZ,DASH,HBAR","TON,SUI,ICP,MKR,RENDER,RNDR,ARB,OP,MATIC,POL,APT,SEI,EOS,MANA","CHZ,DASH,HBAR",1440,168,0.8,336,2.0,0.75,10.0,8760.0,2.5363790876816235,0.2669457005584588,0.8698224174357261,0.3068967816964596,-0.7547589584557896,0.00761269352493371,352,105.65517241379311,0.49945604873803306
crypto,SOL,priority_with_coverage_fallback,30,30,"BTC,ETH,XRP,BNB,TRX,ADA,AVAX,DOT,NEAR,ATOM,ALGO,DOGE,BCH,LTC,XLM,ETC,LINK,UNI,AAVE,INJ,FIL,VET,FET,GRT,THETA,XTZ,SAND,CHZ,DASH,HBAR","TON,SUI,ICP,MKR,RENDER,RNDR,ARB,OP,MATIC,POL,APT,SEI,EOS,MANA","CHZ,DASH,HBAR",1440,168,0.8,336,2.0,1.0,10.0,8760.0,0.9122102214256071,0.12911522568451184,0.8358643143106258,0.1544691207340259,-0.7159537101212783,0.008296980583354718,387,78.07772020725389,0.49943592806423787
crypto,SOL,priority_with_coverage_fallback,30,30,"BTC,ETH,XRP,BNB,TRX,ADA,AVAX,DOT,NEAR,ATOM,ALGO,DOGE,BCH,LTC,XLM,ETC,LINK,UNI,AAVE,INJ,FIL,VET,FET,GRT,THETA,XTZ,SAND,CHZ,DASH,HBAR","TON,SUI,ICP,MKR,RENDER,RNDR,ARB,OP,MATIC,POL,APT,SEI,EOS,MANA","CHZ,DASH,HBAR",1440,168,0.8,336,2.5,0.0,10.0,8760.0,0.4912573677865415,0.07773129789715116,1.2107148613518135,0.06420281139554274,-0.9013611370153783,0.0022453169104439314,53,45864.0,0.5018969126111983
crypto,SOL,priority_with_coverage_fallback,30,30,"BTC,ETH,XRP,BNB,TRX,ADA,AVAX,DOT,NEAR,ATOM,ALGO,DOGE,BCH,LTC,XLM,ETC,LINK,UNI,AAVE,INJ,FIL,VET,FET,GRT,THETA,XTZ,SAND,CHZ,DASH,HBAR","TON,SUI,ICP,MKR,RENDER,RNDR,ARB,OP,MATIC,POL,APT,SEI,EOS,MANA","CHZ,DASH,HBAR",1440,168,0.8,336,2.5,0.25,10.0,8760.0,1.5563414657351178,0.1922206118680525,0.8997665399643517,0.21363387426661606,-0.6425706186693922,0.004191258232828672,193,204.85263157894738,0.4975078361851909
crypto,SOL,priority_with_coverage_fallback,30,30,"BTC,ETH,XRP,BNB,TRX,ADA,AVAX,DOT,NEAR,ATOM,ALGO,DOGE,BCH,LTC,XLM,ETC,LINK,UNI,AAVE,INJ,FIL,VET,FET,GRT,THETA,XTZ,SAND,CHZ,DASH,HBAR","TON,SUI,ICP,MKR,RENDER,RNDR,ARB,OP,MATIC,POL,APT,SEI,EOS,MANA","CHZ,DASH,HBAR",1440,168,0.8,336,2.5,0.5,10.0,8760.0,0.7099440053259083,0.10571449290028356,0.8683061452328725,0.121747949707222,-0.5549012690577848,0.004405097938585237,204,167.85148514851485,0.49708016280304373
crypto,SOL,priority_with_coverage_fallback,30,30,"BTC,ETH,XRP,BNB,TRX,ADA,AVAX,DOT,NEAR,ATOM,ALGO,DOGE,BCH,LTC,XLM,ETC,LINK,UNI,AAVE,INJ,FIL,VET,FET,GRT,THETA,XTZ,SAND,CHZ,DASH,HBAR","TON,SUI,ICP,MKR,RENDER,RNDR,ARB,OP,MATIC,POL,APT,SEI,EOS,MANA","CHZ,DASH,HBAR",1440,168,0.8,336,2.5,0.75,10.0,8760.0,0.3237025010362524,0.053935933935204794,0.8242705070429732,0.06543474924111636,-0.6247914729217776,0.004661705585493114,217,128.2314814814815,0.4982309191999422
crypto,SOL,priority_with_coverage_fallback,30,30,"BTC,ETH,XRP,BNB,TRX,ADA,AVAX,DOT,NEAR,ATOM,ALGO,DOGE,BCH,LTC,XLM,ETC,LINK,UNI,AAVE,INJ,FIL,VET,FET,GRT,THETA,XTZ,SAND,CHZ,DASH,HBAR","TON,SUI,ICP,MKR,RENDER,RNDR,ARB,OP,MATIC,POL,APT,SEI,EOS,MANA","CHZ,DASH,HBAR",1440,168,0.8,336,2.5,1.0,10.0,8760.0,0.42764106413397185,0.06896575082574219,0.7904263910575423,0.08725132612724408,-0.6136613647074689,0.005089384997006244,237,94.05084745762711,0.49855829879257524
crypto,SOL,priority_with_coverage_fallback,30,30,"BTC,ETH,XRP,BNB,TRX,ADA,AVAX,DOT,NEAR,ATOM,ALGO,DOGE,BCH,LTC,XLM,ETC,LINK,UNI,AAVE,INJ,FIL,VET,FET,GRT,THETA,XTZ,SAND,CHZ,DASH,HBAR","TON,SUI,ICP,MKR,RENDER,RNDR,ARB,OP,MATIC,POL,APT,SEI,EOS,MANA","CHZ,DASH,HBAR",1440,168,0.8,336,3.0,0.0,10.0,8760.0,1.4716843625309823,0.18472310521231328,1.1993085409203623,0.15402467247548723,-0.8698048704318612,0.0016037977931742367,38,45420.0,0.5022457067371202
crypto,SOL,priority_with_coverage_fallback,30,30,"BTC,ETH,XRP,BNB,TRX,ADA,AVAX,DOT,NEAR,ATOM,ALGO,DOGE,BCH,LTC,XLM,ETC,LINK,UNI,AAVE,INJ,FIL,VET,FET,GRT,THETA,XTZ,SAND,CHZ,DASH,HBAR","TON,SUI,ICP,MKR,RENDER,RNDR,ARB,OP,MATIC,POL,APT,SEI,EOS,MANA","CHZ,DASH,HBAR",1440,168,0.8,336,3.0,0.25,10.0,8760.0,3.0011484505201054,0.29659215203601286,0.7559812582908109,0.39232738746271906,-0.5938596376800225,0.0030365238217432214,141,195.18571428571428,0.5002561662885164
crypto,SOL,priority_with_coverage_fallback,30,30,"BTC,ETH,XRP,BNB,TRX,ADA,AVAX,DOT,NEAR,ATOM,ALGO,DOGE,BCH,LTC,XLM,ETC,LINK,UNI,AAVE,INJ,FIL,VET,FET,GRT,THETA,XTZ,SAND,CHZ,DASH,HBAR","TON,SUI,ICP,MKR,RENDER,RNDR,ARB,OP,MATIC,POL,APT,SEI,EOS,MANA","CHZ,DASH,HBAR",1440,168,0.8,336,3.0,0.5,10.0,8760.0,1.7702061594677412,0.21029976786996296,0.7170237284602077,0.29329540923502906,-0.5009807006125195,0.003079291762894534,143,159.49295774647888,0.5014129282938891
crypto,SOL,priority_with_coverage_fallback,30,30,"BTC,ETH,XRP,BNB,TRX,ADA,AVAX,DOT,NEAR,ATOM,ALGO,DOGE,BCH,LTC,XLM,ETC,LINK,UNI,AAVE,INJ,FIL,VET,FET,GRT,THETA,XTZ,SAND,CHZ,DASH,HBAR","TON,SUI,ICP,MKR,RENDER,RNDR,ARB,OP,MATIC,POL,APT,SEI,EOS,MANA","CHZ,DASH,HBAR",1440,168,0.8,336,3.0,0.75,10.0,8760.0,0.5104335521641092,0.08031388461860378,0.6913221467854744,0.11617432624146228,-0.5439115831114092,0.003122059704045847,145,134.59722222222223,0.5017026106696936
crypto,SOL,priority_with_coverage_fallback,30,30,"BTC,ETH,XRP,BNB,TRX,ADA,AVAX,DOT,NEAR,ATOM,ALGO,DOGE,BCH,LTC,XLM,ETC,LINK,UNI,AAVE,INJ,FIL,VET,FET,GRT,THETA,XTZ,SAND,CHZ,DASH,HBAR","TON,SUI,ICP,MKR,RENDER,RNDR,ARB,OP,MATIC,POL,APT,SEI,EOS,MANA","CHZ,DASH,HBAR",1440,168,0.8,336,3.0,1.0,10.0,8760.0,-0.024766142182060635,-0.004686680607990046,0.6574638243665798,-0.007128423548634533,-0.6363469135317642,0.0032075955863484734,149,103.06756756756756,0.5001966697259735
crypto,SOL,priority_with_coverage_fallback,30,30,"BTC,ETH,XRP,BNB,TRX,ADA,AVAX,DOT,NEAR,ATOM,ALGO,DOGE,BCH,LTC,XLM,ETC,LINK,UNI,AAVE,INJ,FIL,VET,FET,GRT,THETA,XTZ,SAND,CHZ,DASH,HBAR","TON,SUI,ICP,MKR,RENDER,RNDR,ARB,OP,MATIC,POL,APT,SEI,EOS,MANA","CHZ,DASH,HBAR",1440,336,0.8,336,1.0,0.0,10.0,8760.0,-0.4032902515008444,-0.09218961456515296,1.3148114787154594,-0.07011622278748288,-0.9550161211837114,0.006522111025575229,153,46301.0,0.49962203840089847
crypto,SOL,priority_with_coverage_fallback,30,30,"BTC,ETH,XRP,BNB,TRX,ADA,AVAX,DOT,NEAR,ATOM,ALGO,DOGE,BCH,LTC,XLM,ETC,LINK,UNI,AAVE,INJ,FIL,VET,FET,GRT,THETA,XTZ,SAND,CHZ,DASH,HBAR","TON,SUI,ICP,MKR,RENDER,RNDR,ARB,OP,MATIC,POL,APT,SEI,EOS,MANA","CHZ,DASH,HBAR",1440,336,0.8,336,1.0,0.25,10.0,8760.0,2.744279387707555,0.2805761055296181,1.211823553064095,0.23153214411469525,-0.8866437118560565,0.01199640749294329,526,141.28048780487805,0.5016544382103294
crypto,SOL,priority_with_coverage_fallback,30,30,"BTC,ETH,XRP,BNB,TRX,ADA,AVAX,DOT,NEAR,ATOM,ALGO,DOGE,BCH,LTC,XLM,ETC,LINK,UNI,AAVE,INJ,FIL,VET,FET,GRT,THETA,XTZ,SAND,CHZ,DASH,HBAR","TON,SUI,ICP,MKR,RENDER,RNDR,ARB,OP,MATIC,POL,APT,SEI,EOS,MANA","CHZ,DASH,HBAR",1440,336,0.8,336,1.0,0.5,10.0,8760.0,0.9469427490710687,0.13292894957770818,1.1854387210533193,0.1121348132272872,-0.9130855448752001,0.014904627491232572,672,96.38271604938272,0.5001921352632253
crypto,SOL,priority_with_coverage_fallback,30,30,"BTC,ETH,XRP,BNB,TRX,ADA,AVAX,DOT,NEAR,ATOM,ALGO,DOGE,BCH,LTC,XLM,ETC,LINK,UNI,AAVE,INJ,FIL,VET,FET,GRT,THETA,XTZ,SAND,CHZ,DASH,HBAR","TON,SUI,ICP,MKR,RENDER,RNDR,ARB,OP,MATIC,POL,APT,SEI,EOS,MANA","CHZ,DASH,HBAR",1440,336,0.8,336,1.0,0.75,10.0,8760.0,-0.5838332578742416,-0.1514453845645357,1.1139104678688674,-0.13595830987591032,-0.9259053040255556,0.021148746899324267,973,58.56576200417537,0.49983958934873274
crypto,SOL,priority_with_coverage_fallback,30,30,"BTC,ETH,XRP,BNB,TRX,ADA,AVAX,DOT,NEAR,ATOM,ALGO,DOGE,BCH,LTC,XLM,ETC,LINK,UNI,AAVE,INJ,FIL,VET,FET,GRT,THETA,XTZ,SAND,CHZ,DASH,HBAR","TON,SUI,ICP,MKR,RENDER,RNDR,ARB,OP,MATIC,POL,APT,SEI,EOS,MANA","CHZ,DASH,HBAR",1440,336,0.8,336,1.5,0.0,10.0,8760.0,0.7297871919675052,0.10810685319340907,1.3136069909305015,0.08229771456745287,-0.905914872922748,0.004939697202976648,116,46236.0,0.5009083830781209
crypto,SOL,priority_with_coverage_fallback,30,30,"BTC,ETH,XRP,BNB,TRX,ADA,AVAX,DOT,NEAR,ATOM,ALGO,DOGE,BCH,LTC,XLM,ETC,LINK,UNI,AAVE,INJ,FIL,VET,FET,GRT,THETA,XTZ,SAND,CHZ,DASH,HBAR","TON,SUI,ICP,MKR,RENDER,RNDR,ARB,OP,MATIC,POL,APT,SEI,EOS,MANA","CHZ,DASH,HBAR",1440,336,0.8,336,1.5,0.25,10.0,8760.0,13.752105140648164,0.6555942836158759,1.1724946161882788,0.5591448136002365,-0.8167605616539017,0.008553588230262595,375,173.22857142857143,0.5030842817087251
crypto,SOL,priority_with_coverage_fallback,30,30,"BTC,ETH,XRP,BNB,TRX,ADA,AVAX,DOT,NEAR,ATOM,ALGO,DOGE,BCH,LTC,XLM,ETC,LINK,UNI,AAVE,INJ,FIL,VET,FET,GRT,THETA,XTZ,SAND,CHZ,DASH,HBAR","TON,SUI,ICP,MKR,RENDER,RNDR,ARB,OP,MATIC,POL,APT,SEI,EOS,MANA","CHZ,DASH,HBAR",1440,336,0.8,336,1.5,0.5,10.0,8760.0,5.356368620818965,0.4140344856690923,1.103204504757516,0.37530166336666376,-0.888395778999953,0.009494482935591481,425,131.27586206896552,0.5013696573980262
crypto,SOL,priority_with_coverage_fallback,30,30,"BTC,ETH,XRP,BNB,TRX,ADA,AVAX,DOT,NEAR,ATOM,ALGO,DOGE,BCH,LTC,XLM,ETC,LINK,UNI,AAVE,INJ,FIL,VET,FET,GRT,THETA,XTZ,SAND,CHZ,DASH,HBAR","TON,SUI,ICP,MKR,RENDER,RNDR,ARB,OP,MATIC,POL,APT,SEI,EOS,MANA","CHZ,DASH,HBAR",1440,336,0.8,336,1.5,0.75,10.0,8760.0,0.022543057337317984,0.004184683213909857,1.0278420559534822,0.004071329042892604,-0.9234038646432039,0.011162432640492687,511,94.216,0.5004670119724888
crypto,SOL,priority_with_coverage_fallback,30,30,"BTC,ETH,XRP,BNB,TRX,ADA,AVAX,DOT,NEAR,ATOM,ALGO,DOGE,BCH,LTC,XLM,ETC,LINK,UNI,AAVE,INJ,FIL,VET,FET,GRT,THETA,XTZ,SAND,CHZ,DASH,HBAR","TON,SUI,ICP,MKR,RENDER,RNDR,ARB,OP,MATIC,POL,APT,SEI,EOS,MANA","CHZ,DASH,HBAR",1440,336,0.8,336,1.5,1.0,10.0,8760.0,-0.7155083941376836,-0.2098048951118292,0.9391682635925253,-0.22339436205955185,-0.9478100773135782,0.012915918227696518,596,70.02721088435374,0.4985914124732854
crypto,SOL,priority_with_coverage_fallback,30,30,"BTC,ETH,XRP,BNB,TRX,ADA,AVAX,DOT,NEAR,ATOM,ALGO,DOGE,BCH,LTC,XLM,ETC,LINK,UNI,AAVE,INJ,FIL,VET,FET,GRT,THETA,XTZ,SAND,CHZ,DASH,HBAR","TON,SUI,ICP,MKR,RENDER,RNDR,ARB,OP,MATIC,POL,APT,SEI,EOS,MANA","CHZ,DASH,HBAR",1440,336,0.8,336,2.0,0.0,10.0,8760.0,2.5172321017375907,0.2656578970474406,1.3127247475760913,0.202371363484973,-0.8891163135380186,0.0040415704387990765,95,46177.0,0.5025445568139983
crypto,SOL,priority_with_coverage_fallback,30,30,"BTC,ETH,XRP,BNB,TRX,ADA,AVAX,DOT,NEAR,ATOM,ALGO,DOGE,BCH,LTC,XLM,ETC,LINK,UNI,AAVE,INJ,FIL,VET,FET,GRT,THETA,XTZ,SAND,CHZ,DASH,HBAR","TON,SUI,ICP,MKR,RENDER,RNDR,ARB,OP,MATIC,POL,APT,SEI,EOS,MANA","CHZ,DASH,HBAR",1440,336,0.8,336,2.0,0.25,10.0,8760.0,1.646313958149955,0.19997084664180065,1.0678322641017703,0.18726803203498477,-0.8093298691211622,0.006500727054999572,291,190.10071942446044,0.5031410838631547
crypto,SOL,priority_with_coverage_fallback,30,30,"BTC,ETH,XRP,BNB,TRX,ADA,AVAX,DOT,NEAR,ATOM,ALGO,DOGE,BCH,LTC,XLM,ETC,LINK,UNI,AAVE,INJ,FIL,VET,FET,GRT,THETA,XTZ,SAND,CHZ,DASH,HBAR","TON,SUI,ICP,MKR,RENDER,RNDR,ARB,OP,MATIC,POL,APT,SEI,EOS,MANA","CHZ,DASH,HBAR",1440,336,0.8,336,2.0,0.5,10.0,8760.0,0.34420701343797955,0.05697506183892198,0.9922227734560322,0.05742164296478596,-0.8833584091698912,0.006928406466512702,312,150.69333333333333,0.501858078216245
crypto,SOL,priority_with_coverage_fallback,30,30,"BTC,ETH,XRP,BNB,TRX,ADA,AVAX,DOT,NEAR,ATOM,ALGO,DOGE,BCH,LTC,XLM,ETC,LINK,UNI,AAVE,INJ,FIL,VET,FET,GRT,THETA,XTZ,SAND,CHZ,DASH,HBAR","TON,SUI,ICP,MKR,RENDER,RNDR,ARB,OP,MATIC,POL,APT,SEI,EOS,MANA","CHZ,DASH,HBAR",1440,336,0.8,336,2.0,0.75,10.0,8760.0,-0.7595839157349127,-0.23433310689956866,0.9501567744438512,-0.24662572872432476,-0.9131036421923218,0.0075699255837823965,348,113.73684210526316,0.4996143760604658
crypto,SOL,priority_with_coverage_fallback,30,30,"BTC,ETH,XRP,BNB,TRX,ADA,AVAX,DOT,NEAR,ATOM,ALGO,DOGE,BCH,LTC,XLM,ETC,LINK,UNI,AAVE,INJ,FIL,VET,FET,GRT,THETA,XTZ,SAND,CHZ,DASH,HBAR","TON,SUI,ICP,MKR,RENDER,RNDR,ARB,OP,MATIC,POL,APT,SEI,EOS,MANA","CHZ,DASH,HBAR",1440,336,0.8,336,2.0,1.0,10.0,8760.0,-0.9142251895249724,-0.36876200659739944,0.8539191200680524,-0.43184652730109996,-0.9505936059576058,0.008040372936446839,373,91.15675675675676,0.49887333965844405
crypto,SOL,priority_with_coverage_fallback,30,30,"BTC,ETH,XRP,BNB,TRX,ADA,AVAX,DOT,NEAR,ATOM,ALGO,DOGE,BCH,LTC,XLM,ETC,LINK,UNI,AAVE,INJ,FIL,VET,FET,GRT,THETA,XTZ,SAND,CHZ,DASH,HBAR","TON,SUI,ICP,MKR,RENDER,RNDR,ARB,OP,MATIC,POL,APT,SEI,EOS,MANA","CHZ,DASH,HBAR",1440,336,0.8,336,2.5,0.0,10.0,8760.0,2.2067229682790876,0.24393372456880713,1.3098603521195866,0.18622880231016922,-0.7902900794388996,0.002715764263108374,64,45921.0,0.5001633239694258
crypto,SOL,priority_with_coverage_fallback,30,30,"BTC,ETH,XRP,BNB,TRX,ADA,AVAX,DOT,NEAR,ATOM,ALGO,DOGE,BCH,LTC,XLM,ETC,LINK,UNI,AAVE,INJ,FIL,VET,FET,GRT,THETA,XTZ,SAND,CHZ,DASH,HBAR","TON,SUI,ICP,MKR,RENDER,RNDR,ARB,OP,MATIC,POL,APT,SEI,EOS,MANA","CHZ,DASH,HBAR",1440,336,0.8,336,2.5,0.25,10.0,8760.0,0.1840866427323642,0.032158650497354335,1.0302943189895237,0.031213071745260522,-0.7213098451960244,0.0047044735266444275,215,203.58095238095237,0.5022922904191617
crypto,SOL,priority_with_coverage_fallback,30,30,"BTC,ETH,XRP,BNB,TRX,ADA,AVAX,DOT,NEAR,ATOM,ALGO,DOGE,BCH,LTC,XLM,ETC,LINK,UNI,AAVE,INJ,FIL,VET,FET,GRT,THETA,XTZ,SAND,CHZ,DASH,HBAR","TON,SUI,ICP,MKR,RENDER,RNDR,ARB,OP,MATIC,POL,APT,SEI,EOS,MANA","CHZ,DASH,HBAR",1440,336,0.8,336,2.5,0.5,10.0,8760.0,-0.45441613762779465,-0.1072950219803227,0.9586797649232172,-0.11191956470356522,-0.8490165976434425,0.004918313232400992,226,166.92792792792793,0.5005666792595391
crypto,SOL,priority_with_coverage_fallback,30,30,"BTC,ETH,XRP,BNB,TRX,ADA,AVAX,DOT,NEAR,ATOM,ALGO,DOGE,BCH,LTC,XLM,ETC,LINK,UNI,AAVE,INJ,FIL,VET,FET,GRT,THETA,XTZ,SAND,CHZ,DASH,HBAR","TON,SUI,ICP,MKR,RENDER,RNDR,ARB,OP,MATIC,POL,APT,SEI,EOS,MANA","CHZ,DASH,HBAR",1440,336,0.8,336,2.5,0.75,10.0,8760.0,-0.807045040122445,-0.2652340061844288,0.9071767171794572,-0.29237303070241866,-0.8803362948402188,0.005217688820460183,241,127.80672268907563,0.49884936550726544
crypto,SOL,priority_with_coverage_fallback,30,30,"BTC,ETH,XRP,BNB,TRX,ADA,AVAX,DOT,NEAR,ATOM,ALGO,DOGE,BCH,LTC,XLM,ETC,LINK,UNI,AAVE,INJ,FIL,VET,FET,GRT,THETA,XTZ,SAND,CHZ,DASH,HBAR","TON,SUI,ICP,MKR,RENDER,RNDR,ARB,OP,MATIC,POL,APT,SEI,EOS,MANA","CHZ,DASH,HBAR",1440,336,0.8,336,2.5,1.0,10.0,8760.0,-0.9069739010621802,-0.35909249358886897,0.8130106859622264,-0.44168237858260195,-0.929172321706444,0.005388760585065435,250,105.54032258064517,0.4985099717276687
crypto,SOL,priority_with_coverage_fallback,30,30,"BTC,ETH,XRP,BNB,TRX,ADA,AVAX,DOT,NEAR,ATOM,ALGO,DOGE,BCH,LTC,XLM,ETC,LINK,UNI,AAVE,INJ,FIL,VET,FET,GRT,THETA,XTZ,SAND,CHZ,DASH,HBAR","TON,SUI,ICP,MKR,RENDER,RNDR,ARB,OP,MATIC,POL,APT,SEI,EOS,MANA","CHZ,DASH,HBAR",1440,336,0.8,336,3.0,0.0,10.0,8760.0,5.8930625512479535,0.43566918999317106,1.2871374303364769,0.33847915515849825,-0.8036235696730427,0.0020742451458386794,49,45120.0,0.4967420212765957
crypto,SOL,priority_with_coverage_fallback,30,30,"BTC,ETH,XRP,BNB,TRX,ADA,AVAX,DOT,NEAR,ATOM,ALGO,DOGE,BCH,LTC,XLM,ETC,LINK,UNI,AAVE,INJ,FIL,VET,FET,GRT,THETA,XTZ,SAND,CHZ,DASH,HBAR","TON,SUI,ICP,MKR,RENDER,RNDR,ARB,OP,MATIC,POL,APT,SEI,EOS,MANA","CHZ,DASH,HBAR",1440,336,0.8,336,3.0,0.25,10.0,8760.0,1.6173215587819145,0.19749714191432988,0.9676740766517873,0.20409469125977034,-0.7438506370553518,0.003464203233256351,158,216.14285714285714,0.5029742233972241
crypto,SOL,priority_with_coverage_fallback,30,30,"BTC,ETH,XRP,BNB,TRX,ADA,AVAX,DOT,NEAR,ATOM,ALGO,DOGE,BCH,LTC,XLM,ETC,LINK,UNI,AAVE,INJ,FIL,VET,FET,GRT,THETA,XTZ,SAND,CHZ,DASH,HBAR","TON,SUI,ICP,MKR,RENDER,RNDR,ARB,OP,MATIC,POL,APT,SEI,EOS,MANA","CHZ,DASH,HBAR",1440,336,0.8,336,3.0,0.5,10.0,8760.0,-0.045032405018553656,-0.008594327657434175,0.8939399694147899,-0.009613987461664095,-0.7697074162887845,0.003506971174407664,161,183.54430379746836,0.5019310344827587
crypto,SOL,priority_with_coverage_fallback,30,30,"BTC,ETH,XRP,BNB,TRX,ADA,AVAX,DOT,NEAR,ATOM,ALGO,DOGE,BCH,LTC,XLM,ETC,LINK,UNI,AAVE,INJ,FIL,VET,FET,GRT,THETA,XTZ,SAND,CHZ,DASH,HBAR","TON,SUI,ICP,MKR,RENDER,RNDR,ARB,OP,MATIC,POL,APT,SEI,EOS,MANA","CHZ,DASH,HBAR",1440,336,0.8,336,3.0,0.75,10.0,8760.0,-0.6058526275215581,-0.16004247113012504,0.8573384892176464,-0.1866736104151463,-0.8148864948212204,0.003549739115558977,164,143.03703703703704,0.5004315553253927
crypto,SOL,priority_with_coverage_fallback,30,30,"BTC,ETH,XRP,BNB,TRX,ADA,AVAX,DOT,NEAR,ATOM,ALGO,DOGE,BCH,LTC,XLM,ETC,LINK,UNI,AAVE,INJ,FIL,VET,FET,GRT,THETA,XTZ,SAND,CHZ,DASH,HBAR","TON,SUI,ICP,MKR,RENDER,RNDR,ARB,OP,MATIC,POL,APT,SEI,EOS,MANA","CHZ,DASH,HBAR",1440,336,0.8,336,3.0,1.0,10.0,8760.0,-0.8218401634829814,-0.2761326154194321,0.7572333095987657,-0.36465989004861155,-0.8487716810017639,0.00359250705671029,167,115.27710843373494,0.50188127090301
