market,target,universe_selection_method,universe_size_requested,universe_size_actual,universe_assets,missing_priority_assets,filled_from_fallback,train_window,rebalance_frequency,pca_explained_variance,zscore_lookback,entry_z,exit_z,transaction_cost_bps,annualization_factor,total_return,annualized_return,annualized_volatility,sharpe_ratio,max_drawdown,turnover,number_of_trades,average_holding_period,hit_rate,selection_metric,selection_value,flag_few_trades,flag_high_turnover,flag_large_drawdown,flag_cost_fragile,suspicion_flags,runs,median_sharpe,median_total_return,best_sharpe,best_total_return,positive_sharpe_share
crypto,ATOM,priority_with_coverage_fallback,30,30,"BTC,ETH,SOL,XRP,BNB,TRX,ADA,AVAX,DOT,NEAR,ALGO,DOGE,BCH,LTC,XLM,ETC,LINK,UNI,AAVE,INJ,FIL,VET,FET,GRT,THETA,XTZ,SAND,CHZ,DASH,HBAR","TON,SUI,ICP,MKR,RENDER,RNDR,ARB,OP,MATIC,POL,APT,SEI,EOS,MANA","CHZ,DASH,HBAR",1440,24,0.8,336,3.0,0.25,10.0,8760.0,121.05243113449384,1.277559956894924,0.5031703473587883,2.5390207582800044,-0.4458614545994119,0.0039505593366189,200,125.21782178217822,0.5304024669882186,sharpe_ratio,2.5390207582800044,False,False,False,False,,76,1.4887377245854487,39.91663488689838,2.5390207582800044,233.5494279517708,1.0
crypto,AVAX,priority_with_coverage_fallback,30,30,"BTC,ETH,SOL,XRP,BNB,TRX,ADA,DOT,NEAR,ATOM,ALGO,DOGE,BCH,LTC,XLM,ETC,LINK,UNI,AAVE,INJ,FIL,VET,FET,GRT,THETA,XTZ,SAND,CHZ,DASH,HBAR","TON,SUI,ICP,MKR,RENDER,RNDR,ARB,OP,MATIC,POL,APT,SEI,EOS,MANA","CHZ,DASH,HBAR",1440,24,0.8,336,2.5,0.25,10.0,8760.0,117.04383941010651,1.4880709804408228,0.6803770808507541,2.187126848217926,-0.5503276200712796,0.0057794643636046,263,119.21804511278197,0.5145055499495459,sharpe_ratio,2.187126848217926,False,False,True,False,large_drawdown,76,0.8302449378508941,11.508925339405632,2.187126848217926,117.04383941010651,0.9605263157894737
crypto,ADA,priority_with_coverage_fallback,30,30,"BTC,ETH,SOL,XRP,BNB,TRX,AVAX,DOT,NEAR,ATOM,ALGO,DOGE,BCH,LTC,XLM,ETC,LINK,UNI,AAVE,INJ,FIL,VET,FET,GRT,THETA,XTZ,SAND,CHZ,DASH,HBAR","TON,SUI,ICP,MKR,RENDER,RNDR,ARB,OP,MATIC,POL,APT,SEI,EOS,MANA","CHZ,DASH,HBAR",1440,24,0.8,336,3.0,0.5,10.0,8760.0,42.42664201397336,0.9080181728329232,0.4373446674273283,2.0762072581662485,-0.3676485041248027,0.0039701165610576,200,107.40196078431372,0.5242355089000457,sharpe_ratio,2.0762072581662485,False,False,False,False,,76,0.8844727827430979,11.213941248012729,2.0762072581662485,42.42664201397336,1.0
crypto,LINK,priority_with_coverage_fallback,30,30,"BTC,ETH,SOL,XRP,BNB,TRX,ADA,AVAX,DOT,NEAR,ATOM,ALGO,DOGE,BCH,LTC,XLM,ETC,UNI,AAVE,INJ,FIL,VET,FET,GRT,THETA,XTZ,SAND,CHZ,DASH,HBAR","TON,SUI,ICP,MKR,RENDER,RNDR,ARB,OP,MATIC,POL,APT,SEI,EOS,MANA","CHZ,DASH,HBAR",1440,24,0.8,336,1.5,0.25,10.0,8760.0,42.0498565171043,0.905171755915209,0.5481950714284298,1.6511855051097166,-0.4370745137814502,0.011167175154502,560,104.1118881118881,0.5121910263299302,sharpe_ratio,1.6511855051097166,False,False,False,False,,76,0.8993975494503137,6.954946825737835,1.6511855051097166,45.96391137429724,0.9078947368421053
crypto,ETH,priority_with_coverage_fallback,30,30,"BTC,SOL,XRP,BNB,TRX,ADA,AVAX,DOT,NEAR,ATOM,ALGO,DOGE,BCH,LTC,XLM,ETC,LINK,UNI,AAVE,INJ,FIL,VET,FET,GRT,THETA,XTZ,SAND,CHZ,DASH,HBAR","TON,SUI,ICP,MKR,RENDER,RNDR,ARB,OP,MATIC,POL,APT,SEI,EOS,MANA","CHZ,DASH,HBAR",1440,24,0.8,336,3.0,0.25,10.0,8760.0,10.565834370662037,0.5210547463094164,0.3201277648525021,1.6276462197819386,-0.2296838937739822,0.0035594148478447,179,152.13186813186817,0.5101849176538573,sharpe_ratio,1.6276462197819386,False,False,False,False,,76,0.4815145124412811,2.442739699592571,1.6276462197819386,16.783320553520984,0.9605263157894737
russia,MOEX,coverage,30,25,"AFKS,AFLT,ALRS,CHMF,GAZP,GMKN,HYDR,IRAO,LKOH,MAGN,MGNT,MTSS,NLMK,NVTK,PHOR,PLZL,RASP,ROSN,RTKM,SBER,SNGS,TATN,TRNFP,VTBR,YDEX",,,252,5,0.8,60,2.5,0.5,10.0,252.0,7.282653275266648,0.2176032688822178,0.1546984336427013,1.4066287793501802,-0.2765203380569125,0.0339985218033998,90,17.26086956521739,0.5604534005037783,sharpe_ratio,1.4066287793501802,False,False,False,False,,76,0.8042432833843016,2.932760841664862,1.4066287793501802,8.428139696830973,1.0
crypto,XRP,priority_with_coverage_fallback,30,30,"BTC,ETH,SOL,BNB,TRX,ADA,AVAX,DOT,NEAR,ATOM,ALGO,DOGE,BCH,LTC,XLM,ETC,LINK,UNI,AAVE,INJ,FIL,VET,FET,GRT,THETA,XTZ,SAND,CHZ,DASH,HBAR","TON,SUI,ICP,MKR,RENDER,RNDR,ARB,OP,MATIC,POL,APT,SEI,EOS,MANA","CHZ,DASH,HBAR",1440,24,0.8,336,2.0,0.25,10.0,8760.0,67.27887785891014,1.0618273718312397,0.7559256363629494,1.4046717305952234,-0.6675956745396056,0.0083704920597668,419,105.7803738317757,0.5158369041834165,sharpe_ratio,1.4046717305952234,False,False,True,False,large_drawdown,76,0.43524912443695124,4.414402301924422,1.4046717305952234,67.27887785891014,0.8947368421052632
usa,JPM,priority,30,30,"NVDA,AAPL,MSFT,AVGO,ORCL,AMD,CSCO,QCOM,TXN,IBM,ACN,ADI,GOOGL,META,NFLX,DIS,VZ,AMZN,TSLA,HD,MCD,LOW,WMT,COST,PG,KO,PEP,PM,BRK-B,V","TMUS,CMCSA,BKNG,SBUX",,252,5,0.8,60,1.5,0.5,5.0,252.0,6.02967758369047,0.2427829244275765,0.1731172404883127,1.4024190990034118,-0.2112264825216778,0.057938965059708,128,15.0,0.5535353535353535,sharpe_ratio,1.4024190990034118,False,False,False,False,,76,0.842135991661684,1.9372762306401752,1.4024190990034118,6.433575308574832,0.9736842105263158
russia,AFKS,coverage,30,25,"AFLT,ALRS,CHMF,GAZP,GMKN,HYDR,IRAO,LKOH,MAGN,MGNT,MOEX,MTSS,NLMK,NVTK,PHOR,PLZL,RASP,ROSN,RTKM,SBER,SNGS,TATN,TRNFP,VTBR,YDEX",,,252,5,0.8,60,3.0,0.25,10.0,252.0,11.50022922986255,0.2651790933783178,0.1955296092722649,1.3562093964452695,-0.2096216438996603,0.0199556541019955,53,26.703703703703702,0.5492371705963939,sharpe_ratio,1.3562093964452695,False,False,False,False,,76,0.6567615884863607,4.8839617314073624,1.3562093964452695,21.900538396205658,1.0
crypto,BNB,priority_with_coverage_fallback,30,30,"BTC,ETH,SOL,XRP,TRX,ADA,AVAX,DOT,NEAR,ATOM,ALGO,DOGE,BCH,LTC,XLM,ETC,LINK,UNI,AAVE,INJ,FIL,VET,FET,GRT,THETA,XTZ,SAND,CHZ,DASH,HBAR","TON,SUI,ICP,MKR,RENDER,RNDR,ARB,OP,MATIC,POL,APT,SEI,EOS,MANA","CHZ,DASH,HBAR",1440,24,0.8,336,3.0,0.25,10.0,8760.0,10.160211602102676,0.5117799734466217,0.3879938657271587,1.3190414041404217,-0.5343073684391175,0.0037549870922318,192,142.77083333333334,0.512914052239895,sharpe_ratio,1.3190414041404217,False,False,True,False,large_drawdown,76,0.6191702252697016,4.254545663882057,1.3190414041404217,16.44060666423874,0.9605263157894737
usa,NVDA,priority,30,30,"AAPL,MSFT,AVGO,ORCL,AMD,CSCO,QCOM,TXN,IBM,ACN,ADI,GOOGL,META,NFLX,DIS,VZ,AMZN,TSLA,HD,MCD,LOW,WMT,COST,PG,KO,PEP,PM,BRK-B,JPM,V","TMUS,CMCSA,BKNG,SBUX",,252,21,0.8,60,1.5,0.25,5.0,252.0,40.64682604748757,0.5153420580144161,0.4142563776795744,1.2440171975168264,-0.3589096395242557,0.0526315789473684,105,22.85,0.5346462436177972,sharpe_ratio,1.2440171975168264,False,False,False,False,,76,0.7214447011604503,3.9950697170365324,1.2440171975168264,40.64682604748757,1.0
crypto,BTC,priority_with_coverage_fallback,30,30,"ETH,SOL,XRP,BNB,TRX,ADA,AVAX,DOT,NEAR,ATOM,ALGO,DOGE,BCH,LTC,XLM,ETC,LINK,UNI,AAVE,INJ,FIL,VET,FET,GRT,THETA,XTZ,SAND,CHZ,DASH,HBAR","TON,SUI,ICP,MKR,RENDER,RNDR,ARB,OP,MATIC,POL,APT,SEI,EOS,MANA","CHZ,DASH,HBAR",1440,24,0.8,336,3.0,0.5,10.0,8760.0,3.2391507728494577,0.2807554764984989,0.231946748776872,1.210430747484113,-0.2967817963944635,0.0035203003989673,180,126.28888888888888,0.5050149568889671,sharpe_ratio,1.210430747484113,False,False,False,False,,76,0.49003956128767723,1.6636744250904005,1.210430747484113,6.321713211823386,0.9342105263157895
usa,BRK.B,priority,30,30,"NVDA,AAPL,MSFT,AVGO,ORCL,AMD,CSCO,QCOM,TXN,IBM,ACN,ADI,GOOGL,META,NFLX,DIS,VZ,AMZN,TSLA,HD,MCD,LOW,WMT,COST,PG,KO,PEP,PM,JPM,V","TMUS,CMCSA,BKNG,SBUX",,252,10,0.8,60,3.0,0.75,5.0,252.0,1.0041285372328814,0.0805656243184758,0.0692221870830392,1.1638699629907516,-0.0407334617769141,0.0141530296329057,32,13.8125,0.6153846153846154,sharpe_ratio,1.1638699629907516,False,False,False,False,,76,0.532288640990457,0.6113899145022219,1.1638699629907516,1.700378120171754,0.9736842105263158
usa,JNJ,priority,30,30,"NVDA,AAPL,MSFT,AVGO,ORCL,AMD,CSCO,QCOM,TXN,IBM,ACN,ADI,GOOGL,META,NFLX,DIS,VZ,AMZN,TSLA,HD,MCD,LOW,WMT,COST,PG,KO,PEP,PM,BRK-B,JPM","TMUS,CMCSA,BKNG,SBUX",,252,5,0.8,60,1.5,0.75,5.0,252.0,2.5246344522868394,0.1507438413972601,0.1348104295885836,1.1181912397824287,-0.1713442173633672,0.0698805838124723,154,13.240506329113924,0.5076481835564054,sharpe_ratio,1.1181912397824287,False,False,False,False,,76,0.7135024016208424,0.9893247135142877,1.1181912397824287,2.5246344522868394,1.0
russia,SBER,coverage,30,25,"AFKS,AFLT,ALRS,CHMF,GAZP,GMKN,HYDR,IRAO,LKOH,MAGN,MGNT,MOEX,MTSS,NLMK,NVTK,PHOR,PLZL,RASP,ROSN,RTKM,SNGS,TATN,TRNFP,VTBR,YDEX",,,252,21,0.8,60,1.0,0.25,10.0,252.0,15.579456343354703,0.2988953825558915,0.2690551396823558,1.110907537052683,-0.2690880102250583,0.0713229859571323,173,18.927835051546392,0.5038126361655774,sharpe_ratio,1.110907537052683,False,False,False,False,,76,0.6862370568314484,3.2438840153621333,1.110907537052683,15.579456343354703,1.0
russia,CHMF,coverage,30,25,"AFKS,AFLT,ALRS,GAZP,GMKN,HYDR,IRAO,LKOH,MAGN,MGNT,MOEX,MTSS,NLMK,NVTK,PHOR,PLZL,RASP,ROSN,RTKM,SBER,SNGS,TATN,TRNFP,VTBR,YDEX",,,252,21,0.8,60,2.5,0.25,10.0,252.0,6.538431497566996,0.2069742593955987,0.1895832359253738,1.0917329181841302,-0.3874034004620539,0.0277161862527716,70,25.210526315789473,0.535490605427975,sharpe_ratio,1.0917329181841302,False,False,False,False,,76,0.4825619748600407,1.4686711940535402,1.0917329181841302,8.304271541814016,0.9868421052631579
russia,AFLT,coverage,30,25,"AFKS,ALRS,CHMF,GAZP,GMKN,HYDR,IRAO,LKOH,MAGN,MGNT,MOEX,MTSS,NLMK,NVTK,PHOR,PLZL,RASP,ROSN,RTKM,SBER,SNGS,TATN,TRNFP,VTBR,YDEX",,,252,5,0.8,60,2.0,0.25,10.0,252.0,15.853035202693142,0.3008765966461861,0.2841794390563643,1.0587556849477422,-0.2555955564213823,0.0358462675535846,93,27.163265306122447,0.5259203606311045,sharpe_ratio,1.0587556849477422,False,False,False,False,,76,0.5837918964765851,4.284320135394292,1.0587556849477422,15.853035202693142,0.9868421052631579
crypto,SOL,priority_with_coverage_fallback,30,30,"BTC,ETH,XRP,BNB,TRX,ADA,AVAX,DOT,NEAR,ATOM,ALGO,DOGE,BCH,LTC,XLM,ETC,LINK,UNI,AAVE,INJ,FIL,VET,FET,GRT,THETA,XTZ,SAND,CHZ,DASH,HBAR","TON,SUI,ICP,MKR,RENDER,RNDR,ARB,OP,MATIC,POL,APT,SEI,EOS,MANA","CHZ,DASH,HBAR",1440,24,0.8,336,1.5,0.5,10.0,8760.0,22.005038500501342,0.7971277108507582,0.8087066210639674,0.9856821869493592,-0.6979441914318416,0.011651728553137,542,90.62637362637362,0.5057192514449699,sharpe_ratio,0.9856821869493592,False,False,True,False,large_drawdown,76,0.3525800271642756,2.3073394751109193,0.9856821869493592,28.7940085996481,0.8026315789473685
russia,PLZL,coverage,30,25,"AFKS,AFLT,ALRS,CHMF,GAZP,GMKN,HYDR,IRAO,LKOH,MAGN,MGNT,MOEX,MTSS,NLMK,NVTK,PHOR,RASP,ROSN,RTKM,SBER,SNGS,TATN,TRNFP,VTBR,YDEX",,,252,5,0.8,60,3.0,0.25,10.0,252.0,6.339431377192566,0.2039709605066879,0.2103081789345653,0.9698669901475914,-0.2416478399612502,0.0206947524020694,53,29.571428571428573,0.5555555555555556,sharpe_ratio,0.9698669901475914,False,False,False,False,,76,0.34968288404204995,1.7602581768559207,0.9698669901475914,7.790351070038554,0.9605263157894737
usa,AMZN,priority,30,30,"NVDA,AAPL,MSFT,AVGO,ORCL,AMD,CSCO,QCOM,TXN,IBM,ACN,ADI,GOOGL,META,NFLX,DIS,VZ,TSLA,HD,MCD,LOW,WMT,COST,PG,KO,PEP,PM,BRK-B,JPM,V","TMUS,CMCSA,BKNG,SBUX",,252,63,0.8,60,3.0,0.25,5.0,252.0,4.704180799422642,0.2141758884249487,0.2340191359395959,0.9152067311291624,-0.2885906331193977,0.0194604157452454,41,37.04545454545455,0.5165644171779141,sharpe_ratio,0.9152067311291624,False,False,False,False,,76,0.47536419510313044,1.3180325464106724,0.9152067311291624,4.704180799422642,1.0
usa,CAT,priority,30,30,"NVDA,AAPL,MSFT,AVGO,ORCL,AMD,CSCO,QCOM,TXN,IBM,ACN,ADI,GOOGL,META,NFLX,DIS,VZ,AMZN,TSLA,HD,MCD,LOW,WMT,COST,PG,KO,PEP,PM,BRK-B,JPM","TMUS,CMCSA,BKNG,SBUX",,252,10,0.8,60,1.0,0.25,5.0,252.0,5.96230013662104,0.2414496148884692,0.2708296482400212,0.891518400801104,-0.3137689978459904,0.0685537372843874,142,20.96153846153846,0.5162079510703363,sharpe_ratio,0.891518400801104,False,False,False,False,,76,0.4386421734634688,1.1150735328176917,0.891518400801104,5.96230013662104,0.9078947368421053
usa,KO,priority,30,30,"NVDA,AAPL,MSFT,AVGO,ORCL,AMD,CSCO,QCOM,TXN,IBM,ACN,ADI,GOOGL,META,NFLX,DIS,VZ,AMZN,TSLA,HD,MCD,LOW,WMT,COST,PG,PEP,PM,BRK-B,JPM,V","TMUS,CMCSA,BKNG,SBUX",,252,5,0.8,60,3.0,0.75,5.0,252.0,0.7029075743752164,0.0611271500592107,0.0689723270640233,0.886256164772716,-0.1216023771654472,0.0212295444493586,48,16.541666666666668,0.5894206549118388,sharpe_ratio,0.886256164772716,False,False,False,False,,76,0.5320256784830244,0.6162455742385775,0.886256164772716,1.6470308368477538,0.9210526315789473
russia,LKOH,coverage,30,25,"AFKS,AFLT,ALRS,CHMF,GAZP,GMKN,HYDR,IRAO,MAGN,MGNT,MOEX,MTSS,NLMK,NVTK,PHOR,PLZL,RASP,ROSN,RTKM,SBER,SNGS,TATN,TRNFP,VTBR,YDEX",,,252,10,0.8,60,1.0,0.5,10.0,252.0,5.5364074517030435,0.1910488801743992,0.2209588987352295,0.8646353745785509,-0.3047500958570459,0.0872135994087213,226,14.059322033898304,0.5280289330922242,sharpe_ratio,0.8646353745785509,False,True,False,False,high_turnover,76,0.5500719289561833,1.4550407730305424,0.8646353745785509,5.5364074517030435,0.881578947368421
russia,GAZP,coverage,30,25,"AFKS,AFLT,ALRS,CHMF,GMKN,HYDR,IRAO,LKOH,MAGN,MGNT,MOEX,MTSS,NLMK,NVTK,PHOR,PLZL,RASP,ROSN,RTKM,SBER,SNGS,TATN,TRNFP,VTBR,YDEX",,,252,10,0.8,60,2.0,0.5,10.0,252.0,5.923506436602667,0.1974476406256213,0.2406926383904515,0.8203310327477562,-0.2360801885762322,0.0399113082039911,105,21.814814814814813,0.5212224108658744,sharpe_ratio,0.8203310327477562,False,False,False,False,,76,0.5310278257822735,2.478342852376981,0.8203310327477562,9.65084111819493,0.9868421052631579
usa,AAPL,priority,30,30,"NVDA,MSFT,AVGO,ORCL,AMD,CSCO,QCOM,TXN,IBM,ACN,ADI,GOOGL,META,NFLX,DIS,VZ,AMZN,TSLA,HD,MCD,LOW,WMT,COST,PG,KO,PEP,PM,BRK-B,JPM,V","TMUS,CMCSA,BKNG,SBUX",,252,5,0.8,60,1.5,0.25,5.0,252.0,3.5221484097894074,0.1831546827386918,0.2251579535540855,0.8134497575929336,-0.2689558183352578,0.0517470145953118,107,25.74576271186441,0.5398288347597103,sharpe_ratio,0.8134497575929336,False,False,False,False,,76,0.24940747271098077,0.5929653304155255,0.8134497575929336,3.5221484097894074,0.9868421052631579
usa,MSFT,priority,30,30,"NVDA,AAPL,AVGO,ORCL,AMD,CSCO,QCOM,TXN,IBM,ACN,ADI,GOOGL,META,NFLX,DIS,VZ,AMZN,TSLA,HD,MCD,LOW,WMT,COST,PG,KO,PEP,PM,BRK-B,JPM,V","TMUS,CMCSA,BKNG,SBUX",,252,21,0.8,60,2.0,0.5,5.0,252.0,2.031752002855329,0.1315851006001274,0.1818296513287663,0.7236724023751676,-0.252141326048116,0.0433436532507739,95,20.979591836734695,0.5262645914396887,sharpe_ratio,0.7236724023751676,False,False,False,False,,76,0.3756982129704184,0.731194336072142,0.7236724023751676,2.2726648428166416,0.9736842105263158
usa,XOM,priority,30,30,"NVDA,AAPL,MSFT,AVGO,ORCL,AMD,CSCO,QCOM,TXN,IBM,ACN,ADI,GOOGL,META,NFLX,DIS,VZ,AMZN,TSLA,HD,MCD,LOW,WMT,COST,PG,KO,PEP,PM,BRK-B,JPM","TMUS,CMCSA,BKNG,SBUX",,252,5,0.8,60,1.0,0.25,5.0,252.0,5.480313766578116,0.2315626911135209,0.321966058777396,0.7192146029082553,-0.44600076348157,0.0650154798761609,138,20.93243243243243,0.525500322788896,sharpe_ratio,0.7192146029082553,False,False,False,False,,76,0.22182607364581058,0.8085101944835354,0.7192146029082553,5.480313766578116,0.9605263157894737
russia,YDEX,coverage,30,25,"AFKS,AFLT,ALRS,CHMF,GAZP,GMKN,HYDR,IRAO,LKOH,MAGN,MGNT,MOEX,MTSS,NLMK,NVTK,PHOR,PLZL,RASP,ROSN,RTKM,SBER,SNGS,TATN,TRNFP,VTBR",,,252,5,0.8,60,2.5,0.5,10.0,252.0,5.290894501717324,0.1868100063075635,0.2782514816678058,0.6713711107227422,-0.4393543576269593,0.0288248337028824,77,18.71794871794872,0.552054794520548,sharpe_ratio,0.6713711107227422,False,False,False,False,,76,0.28714754136822385,1.5837704866823157,0.6713711107227422,6.511718828463765,0.9736842105263158
russia,NVTK,coverage,30,25,"AFKS,AFLT,ALRS,CHMF,GAZP,GMKN,HYDR,IRAO,LKOH,MAGN,MGNT,MOEX,MTSS,NLMK,PHOR,PLZL,RASP,ROSN,RTKM,SBER,SNGS,TATN,TRNFP,VTBR,YDEX",,,252,5,0.8,60,1.5,0.25,10.0,252.0,6.091908917829425,0.200130567059207,0.3062779451978443,0.6534279408526463,-0.4359813453337546,0.0602365114560236,155,21.01219512195122,0.5211839814277424,sharpe_ratio,0.6534279408526463,False,False,False,False,,76,0.3132159181694054,1.3500486076135338,0.6534279408526463,6.091908917829425,0.9736842105263158
crypto,DOGE,priority_with_coverage_fallback,30,30,"BTC,ETH,SOL,XRP,BNB,TRX,ADA,AVAX,DOT,NEAR,ATOM,ALGO,BCH,LTC,XLM,ETC,LINK,UNI,AAVE,INJ,FIL,VET,FET,GRT,THETA,XTZ,SAND,CHZ,DASH,HBAR","TON,SUI,ICP,MKR,RENDER,RNDR,ARB,OP,MATIC,POL,APT,SEI,EOS,MANA","CHZ,DASH,HBAR",1440,72,0.8,336,1.5,0.25,10.0,8760.0,0.1902491266604569,0.0302873734484605,1.247923015819374,0.0242702258589037,-0.9882243656236582,0.010032856137057,497,119.26070038910504,0.5039477977161501,sharpe_ratio,0.0242702258589037,False,False,True,False,large_drawdown,65,-0.1730355612242773,-0.7081038754870019,0.0242702258589037,0.1902491266604569,0.046153846153846156
crypto,ATOM,priority_with_coverage_fallback,30,30,"BTC,ETH,SOL,XRP,BNB,TRX,ADA,AVAX,DOT,NEAR,ALGO,DOGE,BCH,LTC,XLM,ETC,LINK,UNI,AAVE,INJ,FIL,VET,FET,GRT,THETA,XTZ,SAND,CHZ,DASH,HBAR","TON,SUI,ICP,MKR,RENDER,RNDR,ARB,OP,MATIC,POL,APT,SEI,EOS,MANA","CHZ,DASH,HBAR",1440,168,0.8,336,1.5,0.25,10.0,8760.0,233.5494279517708,1.547250182158165,0.7239834223836346,2.1371348214908243,-0.4748324241174279,0.0100132989126183,488,122.51953125,0.5105053403475212,total_return,233.5494279517708,False,False,False,False,,76,1.4887377245854487,39.91663488689838,2.5390207582800044,233.5494279517708,1.0
crypto,AVAX,priority_with_coverage_fallback,30,30,"BTC,ETH,SOL,XRP,BNB,TRX,ADA,DOT,NEAR,ATOM,ALGO,DOGE,BCH,LTC,XLM,ETC,LINK,UNI,AAVE,INJ,FIL,VET,FET,GRT,THETA,XTZ,SAND,CHZ,DASH,HBAR","TON,SUI,ICP,MKR,RENDER,RNDR,ARB,OP,MATIC,POL,APT,SEI,EOS,MANA","CHZ,DASH,HBAR",1440,24,0.8,336,2.5,0.25,10.0,8760.0,117.04383941010651,1.4880709804408228,0.6803770808507541,2.187126848217926,-0.5503276200712796,0.0057794643636046,263,119.21804511278197,0.5145055499495459,total_return,117.04383941010651,False,False,True,False,large_drawdown,76,0.8302449378508941,11.508925339405632,2.187126848217926,117.04383941010651,0.9605263157894737
crypto,XRP,priority_with_coverage_fallback,30,30,"BTC,ETH,SOL,BNB,TRX,ADA,AVAX,DOT,NEAR,ATOM,ALGO,DOGE,BCH,LTC,XLM,ETC,LINK,UNI,AAVE,INJ,FIL,VET,FET,GRT,THETA,XTZ,SAND,CHZ,DASH,HBAR","TON,SUI,ICP,MKR,RENDER,RNDR,ARB,OP,MATIC,POL,APT,SEI,EOS,MANA","CHZ,DASH,HBAR",1440,24,0.8,336,2.0,0.25,10.0,8760.0,67.27887785891014,1.0618273718312397,0.7559256363629494,1.4046717305952234,-0.6675956745396056,0.0083704920597668,419,105.7803738317757,0.5158369041834165,total_return,67.27887785891014,False,False,True,False,large_drawdown,76,0.43524912443695124,4.414402301924422,1.4046717305952234,67.27887785891014,0.8947368421052632
crypto,LINK,priority_with_coverage_fallback,30,30,"BTC,ETH,SOL,XRP,BNB,TRX,ADA,AVAX,DOT,NEAR,ATOM,ALGO,DOGE,BCH,LTC,XLM,ETC,UNI,AAVE,INJ,FIL,VET,FET,GRT,THETA,XTZ,SAND,CHZ,DASH,HBAR","TON,SUI,ICP,MKR,RENDER,RNDR,ARB,OP,MATIC,POL,APT,SEI,EOS,MANA","CHZ,DASH,HBAR",1440,336,0.8,336,1.5,0.25,10.0,8760.0,45.96391137429724,0.9337877422027728,0.7468648780456619,1.250276682773243,-0.5476629018608337,0.0093679105061409,443,141.59166666666667,0.5072096992525454,total_return,45.96391137429724,False,False,True,False,large_drawdown,76,0.8993975494503137,6.954946825737835,1.6511855051097166,45.96391137429724,0.9078947368421053
crypto,ADA,priority_with_coverage_fallback,30,30,"BTC,ETH,SOL,XRP,BNB,TRX,AVAX,DOT,NEAR,ATOM,ALGO,DOGE,BCH,LTC,XLM,ETC,LINK,UNI,AAVE,INJ,FIL,VET,FET,GRT,THETA,XTZ,SAND,CHZ,DASH,HBAR","TON,SUI,ICP,MKR,RENDER,RNDR,ARB,OP,MATIC,POL,APT,SEI,EOS,MANA","CHZ,DASH,HBAR",1440,24,0.8,336,3.0,0.5,10.0,8760.0,42.42664201397336,0.9080181728329232,0.4373446674273283,2.0762072581662485,-0.3676485041248027,0.0039701165610576,200,107.40196078431372,0.5242355089000457,total_return,42.42664201397336,False,False,False,False,,76,0.8844727827430979,11.213941248012729,2.0762072581662485,42.42664201397336,1.0
usa,NVDA,priority,30,30,"AAPL,MSFT,AVGO,ORCL,AMD,CSCO,QCOM,TXN,IBM,ACN,ADI,GOOGL,META,NFLX,DIS,VZ,AMZN,TSLA,HD,MCD,LOW,WMT,COST,PG,KO,PEP,PM,BRK-B,JPM,V","TMUS,CMCSA,BKNG,SBUX",,252,21,0.8,60,1.5,0.25,5.0,252.0,40.64682604748757,0.5153420580144161,0.4142563776795744,1.2440171975168264,-0.3589096395242557,0.0526315789473684,105,22.85,0.5346462436177972,total_return,40.64682604748757,False,False,False,False,,76,0.7214447011604503,3.9950697170365324,1.2440171975168264,40.64682604748757,1.0
crypto,SOL,priority_with_coverage_fallback,30,30,"BTC,ETH,XRP,BNB,TRX,ADA,AVAX,DOT,NEAR,ATOM,ALGO,DOGE,BCH,LTC,XLM,ETC,LINK,UNI,AAVE,INJ,FIL,VET,FET,GRT,THETA,XTZ,SAND,CHZ,DASH,HBAR","TON,SUI,ICP,MKR,RENDER,RNDR,ARB,OP,MATIC,POL,APT,SEI,EOS,MANA","CHZ,DASH,HBAR",1440,72,0.8,336,1.5,0.25,10.0,8760.0,28.7940085996481,0.8873653017319318,0.9008155947583038,0.9850687609044104,-0.7098312999887684,0.0100401606425702,464,119.53191489361704,0.5027411890352439,total_return,28.7940085996481,False,False,True,False,large_drawdown,76,0.3525800271642756,2.3073394751109193,0.9856821869493592,28.7940085996481,0.8026315789473685
russia,AFKS,coverage,30,25,"AFLT,ALRS,CHMF,GAZP,GMKN,HYDR,IRAO,LKOH,MAGN,MGNT,MOEX,MTSS,NLMK,NVTK,PHOR,PLZL,RASP,ROSN,RTKM,SBER,SNGS,TATN,TRNFP,VTBR,YDEX",,,252,10,0.8,60,2.0,0.25,10.0,252.0,21.900538396205658,0.3385589882209918,0.2950369469942033,1.1475138679076813,-0.2313977651864597,0.0369549150036954,95,26.82,0.5279642058165548,total_return,21.900538396205658,False,False,False,False,,76,0.6567615884863607,4.8839617314073624,1.3562093964452695,21.900538396205658,1.0
crypto,ETH,priority_with_coverage_fallback,30,30,"BTC,SOL,XRP,BNB,TRX,ADA,AVAX,DOT,NEAR,ATOM,ALGO,DOGE,BCH,LTC,XLM,ETC,LINK,UNI,AAVE,INJ,FIL,VET,FET,GRT,THETA,XTZ,SAND,CHZ,DASH,HBAR","TON,SUI,ICP,MKR,RENDER,RNDR,ARB,OP,MATIC,POL,APT,SEI,EOS,MANA","CHZ,DASH,HBAR",1440,168,0.8,336,2.5,0.25,10.0,8760.0,16.783320553520984,0.6373963210581504,0.4995322475536233,1.275986333574446,-0.3498184578395673,0.0050066494563091,247,173.25,0.4998647186147186,total_return,16.783320553520984,False,False,False,False,,76,0.4815145124412811,2.442739699592571,1.6276462197819386,16.783320553520984,0.9605263157894737
crypto,BNB,priority_with_coverage_fallback,30,30,"BTC,ETH,SOL,XRP,TRX,ADA,AVAX,DOT,NEAR,ATOM,ALGO,DOGE,BCH,LTC,XLM,ETC,LINK,UNI,AAVE,INJ,FIL,VET,FET,GRT,THETA,XTZ,SAND,CHZ,DASH,HBAR","TON,SUI,ICP,MKR,RENDER,RNDR,ARB,OP,MATIC,POL,APT,SEI,EOS,MANA","CHZ,DASH,HBAR",1440,72,0.8,336,1.5,0.25,10.0,8760.0,16.44060666423874,0.6319465403525713,0.5927342428224547,1.0661549387519729,-0.5962732159625741,0.0101501994836892,503,125.1423076923077,0.502996588499247,total_return,16.44060666423874,False,False,True,False,large_drawdown,76,0.6191702252697016,4.254545663882057,1.3190414041404217,16.44060666423874,0.9605263157894737
russia,AFLT,coverage,30,25,"AFKS,ALRS,CHMF,GAZP,GMKN,HYDR,IRAO,LKOH,MAGN,MGNT,MOEX,MTSS,NLMK,NVTK,PHOR,PLZL,RASP,ROSN,RTKM,SBER,SNGS,TATN,TRNFP,VTBR,YDEX",,,252,5,0.8,60,2.0,0.25,10.0,252.0,15.853035202693142,0.3008765966461861,0.2841794390563643,1.0587556849477422,-0.2555955564213823,0.0358462675535846,93,27.163265306122447,0.5259203606311045,total_return,15.853035202693142,False,False,False,False,,76,0.5837918964765851,4.284320135394292,1.0587556849477422,15.853035202693142,0.9868421052631579
russia,SBER,coverage,30,25,"AFKS,AFLT,ALRS,CHMF,GAZP,GMKN,HYDR,IRAO,LKOH,MAGN,MGNT,MOEX,MTSS,NLMK,NVTK,PHOR,PLZL,RASP,ROSN,RTKM,SNGS,TATN,TRNFP,VTBR,YDEX",,,252,21,0.8,60,1.0,0.25,10.0,252.0,15.579456343354703,0.2988953825558915,0.2690551396823558,1.110907537052683,-0.2690880102250583,0.0713229859571323,173,18.927835051546392,0.5038126361655774,total_return,15.579456343354703,False,False,False,False,,76,0.6862370568314484,3.2438840153621333,1.110907537052683,15.579456343354703,1.0
russia,GAZP,coverage,30,25,"AFKS,AFLT,ALRS,CHMF,GMKN,HYDR,IRAO,LKOH,MAGN,MGNT,MOEX,MTSS,NLMK,NVTK,PHOR,PLZL,RASP,ROSN,RTKM,SBER,SNGS,TATN,TRNFP,VTBR,YDEX",,,252,21,0.8,60,2.0,0.25,10.0,252.0,9.65084111819493,0.2464548449312964,0.3184442948119979,0.7739339311347928,-0.2718010362951717,0.0358462675535846,91,31.26530612244898,0.5045691906005222,total_return,9.65084111819493,False,False,False,False,,76,0.5310278257822735,2.478342852376981,0.8203310327477562,9.65084111819493,0.9868421052631579
russia,MOEX,coverage,30,25,"AFKS,AFLT,ALRS,CHMF,GAZP,GMKN,HYDR,IRAO,LKOH,MAGN,MGNT,MTSS,NLMK,NVTK,PHOR,PLZL,RASP,ROSN,RTKM,SBER,SNGS,TATN,TRNFP,VTBR,YDEX",,,252,5,0.8,60,1.0,0.5,10.0,252.0,8.428139696830973,0.2323803711700354,0.2281962865663019,1.018335463151885,-0.3038798266084611,0.0927568366592756,246,12.992063492063492,0.5271838729383018,total_return,8.428139696830973,False,True,False,False,high_turnover,76,0.8042432833843016,2.932760841664862,1.4066287793501802,8.428139696830973,1.0
russia,CHMF,coverage,30,25,"AFKS,AFLT,ALRS,GAZP,GMKN,HYDR,IRAO,LKOH,MAGN,MGNT,MOEX,MTSS,NLMK,NVTK,PHOR,PLZL,RASP,ROSN,RTKM,SBER,SNGS,TATN,TRNFP,VTBR,YDEX",,,252,21,0.8,60,1.0,0.25,10.0,252.0,8.304271541814016,0.230863487004868,0.2628031936861222,0.8784653023684283,-0.3780716746100592,0.0698447893569844,174,19.147368421052633,0.5046728971962616,total_return,8.304271541814016,False,False,False,False,,76,0.4825619748600407,1.4686711940535402,1.0917329181841302,8.304271541814016,0.9868421052631579
russia,PLZL,coverage,30,25,"AFKS,AFLT,ALRS,CHMF,GAZP,GMKN,HYDR,IRAO,LKOH,MAGN,MGNT,MOEX,MTSS,NLMK,NVTK,PHOR,RASP,ROSN,RTKM,SBER,SNGS,TATN,TRNFP,VTBR,YDEX",,,252,21,0.8,60,2.5,0.25,10.0,252.0,7.790351070038554,0.2243677662817214,0.2983998828884798,0.751902997112012,-0.2873644165291092,0.024390243902439,65,35.81818181818182,0.5279187817258884,total_return,7.790351070038554,False,False,False,False,,76,0.34968288404204995,1.7602581768559207,0.9698669901475914,7.790351070038554,0.9605263157894737
russia,YDEX,coverage,30,25,"AFKS,AFLT,ALRS,CHMF,GAZP,GMKN,HYDR,IRAO,LKOH,MAGN,MGNT,MOEX,MTSS,NLMK,NVTK,PHOR,PLZL,RASP,ROSN,RTKM,SBER,SNGS,TATN,TRNFP,VTBR",,,252,21,0.8,60,1.0,0.25,10.0,252.0,6.511718828463765,0.2065753209676246,0.3762921946213331,0.5489758329308521,-0.4257083539632172,0.0565410199556541,142,25.25974025974026,0.5012853470437018,total_return,6.511718828463765,False,False,False,False,,76,0.28714754136822385,1.5837704866823157,0.6713711107227422,6.511718828463765,0.9736842105263158
usa,JPM,priority,30,30,"NVDA,AAPL,MSFT,AVGO,ORCL,AMD,CSCO,QCOM,TXN,IBM,ACN,ADI,GOOGL,META,NFLX,DIS,VZ,AMZN,TSLA,HD,MCD,LOW,WMT,COST,PG,KO,PEP,PM,BRK-B,V","TMUS,CMCSA,BKNG,SBUX",,252,5,0.8,60,1.0,0.5,5.0,252.0,6.433575308574832,0.2505453311380761,0.1911208497529323,1.3109262095787222,-0.2158064259867593,0.0888987173816895,196,11.92079207920792,0.5431893687707641,total_return,6.433575308574832,False,True,False,False,high_turnover,76,0.842135991661684,1.9372762306401752,1.4024190990034118,6.433575308574832,0.9736842105263158
crypto,BTC,priority_with_coverage_fallback,30,30,"ETH,SOL,XRP,BNB,TRX,ADA,AVAX,DOT,NEAR,ATOM,ALGO,DOGE,BCH,LTC,XLM,ETC,LINK,UNI,AAVE,INJ,FIL,VET,FET,GRT,THETA,XTZ,SAND,CHZ,DASH,HBAR","TON,SUI,ICP,MKR,RENDER,RNDR,ARB,OP,MATIC,POL,APT,SEI,EOS,MANA","CHZ,DASH,HBAR",1440,336,0.8,336,1.0,0.25,10.0,8760.0,6.321713211823386,0.4064573341692941,0.4825511816125708,0.8423092713419761,-0.4069143775968548,0.0115583196432762,546,132.0,0.4968519656019656,total_return,6.321713211823386,False,False,False,False,,76,0.49003956128767723,1.6636744250904005,1.210430747484113,6.321713211823386,0.9342105263157895
russia,NVTK,coverage,30,25,"AFKS,AFLT,ALRS,CHMF,GAZP,GMKN,HYDR,IRAO,LKOH,MAGN,MGNT,MOEX,MTSS,NLMK,PHOR,PLZL,RASP,ROSN,RTKM,SBER,SNGS,TATN,TRNFP,VTBR,YDEX",,,252,5,0.8,60,1.5,0.25,10.0,252.0,6.091908917829425,0.200130567059207,0.3062779451978443,0.6534279408526463,-0.4359813453337546,0.0602365114560236,155,21.01219512195122,0.5211839814277424,total_return,6.091908917829425,False,False,False,False,,76,0.3132159181694054,1.3500486076135338,0.6534279408526463,6.091908917829425,0.9736842105263158
usa,CAT,priority,30,30,"NVDA,AAPL,MSFT,AVGO,ORCL,AMD,CSCO,QCOM,TXN,IBM,ACN,ADI,GOOGL,META,NFLX,DIS,VZ,AMZN,TSLA,HD,MCD,LOW,WMT,COST,PG,KO,PEP,PM,BRK-B,JPM","TMUS,CMCSA,BKNG,SBUX",,252,10,0.8,60,1.0,0.25,5.0,252.0,5.96230013662104,0.2414496148884692,0.2708296482400212,0.891518400801104,-0.3137689978459904,0.0685537372843874,142,20.96153846153846,0.5162079510703363,total_return,5.96230013662104,False,False,False,False,,76,0.4386421734634688,1.1150735328176917,0.891518400801104,5.96230013662104,0.9078947368421053
russia,LKOH,coverage,30,25,"AFKS,AFLT,ALRS,CHMF,GAZP,GMKN,HYDR,IRAO,MAGN,MGNT,MOEX,MTSS,NLMK,NVTK,PHOR,PLZL,RASP,ROSN,RTKM,SBER,SNGS,TATN,TRNFP,VTBR,YDEX",,,252,10,0.8,60,1.0,0.5,10.0,252.0,5.5364074517030435,0.1910488801743992,0.2209588987352295,0.8646353745785509,-0.3047500958570459,0.0872135994087213,226,14.059322033898304,0.5280289330922242,total_return,5.5364074517030435,False,True,False,False,high_turnover,76,0.5500719289561833,1.4550407730305424,0.8646353745785509,5.5364074517030435,0.881578947368421
usa,XOM,priority,30,30,"NVDA,AAPL,MSFT,AVGO,ORCL,AMD,CSCO,QCOM,TXN,IBM,ACN,ADI,GOOGL,META,NFLX,DIS,VZ,AMZN,TSLA,HD,MCD,LOW,WMT,COST,PG,KO,PEP,PM,BRK-B,JPM","TMUS,CMCSA,BKNG,SBUX",,252,5,0.8,60,1.0,0.25,5.0,252.0,5.480313766578116,0.2315626911135209,0.321966058777396,0.7192146029082553,-0.44600076348157,0.0650154798761609,138,20.93243243243243,0.525500322788896,total_return,5.480313766578116,False,False,False,False,,76,0.22182607364581058,0.8085101944835354,0.7192146029082553,5.480313766578116,0.9605263157894737
usa,AMZN,priority,30,30,"NVDA,AAPL,MSFT,AVGO,ORCL,AMD,CSCO,QCOM,TXN,IBM,ACN,ADI,GOOGL,META,NFLX,DIS,VZ,TSLA,HD,MCD,LOW,WMT,COST,PG,KO,PEP,PM,BRK-B,JPM,V","TMUS,CMCSA,BKNG,SBUX",,252,63,0.8,60,3.0,0.25,5.0,252.0,4.704180799422642,0.2141758884249487,0.2340191359395959,0.9152067311291624,-0.2885906331193977,0.0194604157452454,41,37.04545454545455,0.5165644171779141,total_return,4.704180799422642,False,False,False,False,,76,0.47536419510313044,1.3180325464106724,0.9152067311291624,4.704180799422642,1.0
usa,AAPL,priority,30,30,"NVDA,MSFT,AVGO,ORCL,AMD,CSCO,QCOM,TXN,IBM,ACN,ADI,GOOGL,META,NFLX,DIS,VZ,AMZN,TSLA,HD,MCD,LOW,WMT,COST,PG,KO,PEP,PM,BRK-B,JPM,V","TMUS,CMCSA,BKNG,SBUX",,252,5,0.8,60,1.5,0.25,5.0,252.0,3.5221484097894074,0.1831546827386918,0.2251579535540855,0.8134497575929336,-0.2689558183352578,0.0517470145953118,107,25.74576271186441,0.5398288347597103,total_return,3.5221484097894074,False,False,False,False,,76,0.24940747271098077,0.5929653304155255,0.8134497575929336,3.5221484097894074,0.9868421052631579
usa,JNJ,priority,30,30,"NVDA,AAPL,MSFT,AVGO,ORCL,AMD,CSCO,QCOM,TXN,IBM,ACN,ADI,GOOGL,META,NFLX,DIS,VZ,AMZN,TSLA,HD,MCD,LOW,WMT,COST,PG,KO,PEP,PM,BRK-B,JPM","TMUS,CMCSA,BKNG,SBUX",,252,5,0.8,60,1.5,0.75,5.0,252.0,2.5246344522868394,0.1507438413972601,0.1348104295885836,1.1181912397824287,-0.1713442173633672,0.0698805838124723,154,13.240506329113924,0.5076481835564054,total_return,2.5246344522868394,False,False,False,False,,76,0.7135024016208424,0.9893247135142877,1.1181912397824287,2.5246344522868394,1.0
usa,MSFT,priority,30,30,"NVDA,AAPL,AVGO,ORCL,AMD,CSCO,QCOM,TXN,IBM,ACN,ADI,GOOGL,META,NFLX,DIS,VZ,AMZN,TSLA,HD,MCD,LOW,WMT,COST,PG,KO,PEP,PM,BRK-B,JPM,V","TMUS,CMCSA,BKNG,SBUX",,252,21,0.8,60,1.5,0.25,5.0,252.0,2.2726648428166416,0.1412700120919983,0.2100622812618298,0.6725148905524541,-0.2966268143725853,0.0504201680672268,103,27.035087719298247,0.5146009085009734,total_return,2.2726648428166416,False,False,False,False,,76,0.3756982129704184,0.731194336072142,0.7236724023751676,2.2726648428166416,0.9736842105263158
usa,BRK.B,priority,30,30,"NVDA,AAPL,MSFT,AVGO,ORCL,AMD,CSCO,QCOM,TXN,IBM,ACN,ADI,GOOGL,META,NFLX,DIS,VZ,AMZN,TSLA,HD,MCD,LOW,WMT,COST,PG,KO,PEP,PM,JPM,V","TMUS,CMCSA,BKNG,SBUX",,252,21,0.8,60,2.5,0.25,5.0,252.0,1.700378120171754,0.1170805067494582,0.1271462851433358,0.9208330909351372,-0.1814050449530254,0.0252100840336134,53,33.89655172413793,0.5127161749745677,total_return,1.700378120171754,False,False,False,False,,76,0.532288640990457,0.6113899145022219,1.1638699629907516,1.700378120171754,0.9736842105263158
usa,KO,priority,30,30,"NVDA,AAPL,MSFT,AVGO,ORCL,AMD,CSCO,QCOM,TXN,IBM,ACN,ADI,GOOGL,META,NFLX,DIS,VZ,AMZN,TSLA,HD,MCD,LOW,WMT,COST,PG,PEP,PM,BRK-B,JPM,V","TMUS,CMCSA,BKNG,SBUX",,252,63,0.8,60,1.0,0.5,5.0,252.0,1.6470308368477538,0.1145990029590315,0.1755439977473494,0.6528221097252634,-0.238653135755184,0.063688633348076,134,21.569444444444443,0.5189954925949775,total_return,1.6470308368477538,False,False,False,False,,76,0.5320256784830244,0.6162455742385775,0.886256164772716,1.6470308368477538,0.9210526315789473
crypto,DOGE,priority_with_coverage_fallback,30,30,"BTC,ETH,SOL,XRP,BNB,TRX,ADA,AVAX,DOT,NEAR,ATOM,ALGO,BCH,LTC,XLM,ETC,LINK,UNI,AAVE,INJ,FIL,VET,FET,GRT,THETA,XTZ,SAND,CHZ,DASH,HBAR","TON,SUI,ICP,MKR,RENDER,RNDR,ARB,OP,MATIC,POL,APT,SEI,EOS,MANA","CHZ,DASH,HBAR",1440,72,0.8,336,1.5,0.25,10.0,8760.0,0.1902491266604569,0.0302873734484605,1.247923015819374,0.0242702258589037,-0.9882243656236582,0.010032856137057,497,119.26070038910504,0.5039477977161501,total_return,0.1902491266604569,False,False,True,False,large_drawdown,65,-0.1730355612242773,-0.7081038754870019,0.0242702258589037,0.1902491266604569,0.046153846153846156
