market,target,universe_selection_method,universe_size_requested,universe_size_actual,universe_assets,missing_priority_assets,filled_from_fallback,train_window,rebalance_frequency,pca_explained_variance,zscore_lookback,entry_z,exit_z,transaction_cost_bps,annualization_factor,total_return,annualized_return,annualized_volatility,sharpe_ratio,max_drawdown,turnover,number_of_trades,average_holding_period,hit_rate,selection_metric,selection_value,flag_few_trades,flag_high_turnover,flag_large_drawdown,flag_cost_fragile,suspicion_flags,runs,median_sharpe,median_total_return,best_sharpe,best_total_return,positive_sharpe_share
crypto,ETH,priority_with_coverage_fallback,30,30,"BTC,SOL,XRP,BNB,TRX,ADA,AVAX,DOT,NEAR,ATOM,ALGO,DOGE,BCH,LTC,XLM,ETC,LINK,UNI,AAVE,INJ,FIL,VET,FET,GRT,THETA,XTZ,SAND,CHZ,DASH,HBAR","TON,SUI,ICP,MKR,RENDER,RNDR,ARB,OP,MATIC,POL,APT,SEI,EOS,MANA","CHZ,DASH,HBAR",1440,72,0.8,336,3.0,0.0,10.0,8760.0,131.77934273465883,1.3106674697968836,0.5714215345142116,2.2936963180975227,-0.3901332538314345,0.0019752796683094,51,50260.0,0.5022682053322722,sharpe_ratio,2.2936963180975227,False,False,False,False,,96,0.5706997723157108,2.7269031031159114,2.2936963180975227,131.77934273465883,0.9375
crypto,SOL,priority_with_coverage_fallback,30,30,"BTC,ETH,XRP,BNB,TRX,ADA,AVAX,DOT,NEAR,ATOM,ALGO,DOGE,BCH,LTC,XLM,ETC,LINK,UNI,AAVE,INJ,FIL,VET,FET,GRT,THETA,XTZ,SAND,CHZ,DASH,HBAR","TON,SUI,ICP,MKR,RENDER,RNDR,ARB,OP,MATIC,POL,APT,SEI,EOS,MANA","CHZ,DASH,HBAR",1440,24,0.8,336,2.0,0.0,10.0,8760.0,504.8258478845456,2.2024729168552684,1.0884710191767846,2.02345572647493,-0.7716813463477965,0.004502774221084,106,46354.0,0.5067523838287958,sharpe_ratio,2.02345572647493,False,False,True,False,large_drawdown,96,0.36789963793129743,2.667355975730344,2.02345572647493,504.8258478845456,0.8333333333333334
crypto,BTC,priority_with_coverage_fallback,30,30,"ETH,SOL,XRP,BNB,TRX,ADA,AVAX,DOT,NEAR,ATOM,ALGO,DOGE,BCH,LTC,XLM,ETC,LINK,UNI,AAVE,INJ,FIL,VET,FET,GRT,THETA,XTZ,SAND,CHZ,DASH,HBAR","TON,SUI,ICP,MKR,RENDER,RNDR,ARB,OP,MATIC,POL,APT,SEI,EOS,MANA","CHZ,DASH,HBAR",1440,72,0.8,336,2.5,0.0,10.0,8760.0,52.13349840600849,0.975114763424537,0.4843427553638564,2.0132741795466607,-0.396942192876873,0.003344285379019,86,49797.0,0.5046689559612025,sharpe_ratio,2.0132741795466607,False,False,False,False,,96,0.4136331808426603,1.3545049750682847,2.0132741795466607,52.13349840600849,0.9479166666666666
crypto,BNB,priority_with_coverage_fallback,30,30,"BTC,ETH,SOL,XRP,TRX,ADA,AVAX,DOT,NEAR,ATOM,ALGO,DOGE,BCH,LTC,XLM,ETC,LINK,UNI,AAVE,INJ,FIL,VET,FET,GRT,THETA,XTZ,SAND,CHZ,DASH,HBAR","TON,SUI,ICP,MKR,RENDER,RNDR,ARB,OP,MATIC,POL,APT,SEI,EOS,MANA","CHZ,DASH,HBAR",1440,24,0.8,336,3.0,0.0,10.0,8760.0,91.74086527846735,1.172878398270302,0.6591054988122739,1.7795002475079649,-0.6603257460025506,0.0019752796683094,51,50315.0,0.5089337175792508,sharpe_ratio,1.7795002475079649,False,False,True,False,large_drawdown,96,0.6839959218811547,5.361696533781009,1.7795002475079649,91.74086527846735,0.9479166666666666
russia,AFKS,coverage,30,25,"AFLT,ALRS,CHMF,GAZP,GMKN,HYDR,IRAO,LKOH,MAGN,MGNT,MOEX,MTSS,NLMK,NVTK,PHOR,PLZL,RASP,ROSN,RTKM,SBER,SNGS,TATN,TRNFP,VTBR,YDEX",,,252,5,0.8,60,3.0,0.0,10.0,252.0,159.9005210672653,0.6050505709812053,0.3811547626787794,1.5874144316835297,-0.3094174537927052,0.0151515151515151,21,2427.0,0.5348166460651009,sharpe_ratio,1.5874144316835297,False,False,False,False,,96,0.6567615884863585,6.148706256828538,1.5874144316835297,159.9005210672653,1.0
crypto,XRP,priority_with_coverage_fallback,30,30,"BTC,ETH,SOL,BNB,TRX,ADA,AVAX,DOT,NEAR,ATOM,ALGO,DOGE,BCH,LTC,XLM,ETC,LINK,UNI,AAVE,INJ,FIL,VET,FET,GRT,THETA,XTZ,SAND,CHZ,DASH,HBAR","TON,SUI,ICP,MKR,RENDER,RNDR,ARB,OP,MATIC,POL,APT,SEI,EOS,MANA","CHZ,DASH,HBAR",1440,24,0.8,336,2.0,0.0,10.0,8760.0,237.39131224689808,1.5543502843064343,1.03956874827718,1.4951875831996424,-0.8666934878873505,0.0048697488852382,125,50496.0,0.5090304182509505,sharpe_ratio,1.4951875831996424,False,False,True,False,large_drawdown,96,0.3891002524506427,4.585076474505983,1.4951875831996424,237.39131224689808,0.8541666666666666
russia,GAZP,coverage,30,25,"AFKS,AFLT,ALRS,CHMF,GMKN,HYDR,IRAO,LKOH,MAGN,MGNT,MOEX,MTSS,NLMK,NVTK,PHOR,PLZL,RASP,ROSN,RTKM,SBER,SNGS,TATN,TRNFP,VTBR,YDEX",,,252,21,0.8,60,2.0,0.0,10.0,252.0,122.76041589690011,0.5662986598178532,0.3870163624566146,1.4632421642930833,-0.2718010362951697,0.0291943828529194,40,2646.0,0.518896447467876,sharpe_ratio,1.4632421642930833,False,False,False,False,,96,0.5805466933251533,3.24121836296531,1.4632421642930833,135.74220481926417,0.9895833333333334
usa,NVDA,priority,30,30,"AAPL,MSFT,AVGO,ORCL,AMD,CSCO,QCOM,TXN,IBM,ACN,ADI,GOOGL,META,NFLX,DIS,VZ,AMZN,TSLA,HD,MCD,LOW,WMT,COST,PG,KO,PEP,PM,BRK-B,JPM,V","TMUS,CMCSA,BKNG,SBUX",,252,21,0.8,60,1.5,0.25,5.0,252.0,40.64682604748814,0.5153420580144183,0.4142563776795746,1.2440171975168313,-0.358909639524256,0.0526315789473684,105,29.80434782608696,0.5346462436177972,sharpe_ratio,1.2440171975168313,False,False,False,False,,96,0.6597984228383003,4.408422346871518,1.2440171975168313,40.64682604748814,1.0
usa,BRK.B,priority,30,30,"NVDA,AAPL,MSFT,AVGO,ORCL,AMD,CSCO,QCOM,TXN,IBM,ACN,ADI,GOOGL,META,NFLX,DIS,VZ,AMZN,TSLA,HD,MCD,LOW,WMT,COST,PG,KO,PEP,PM,JPM,V","TMUS,CMCSA,BKNG,SBUX",,252,10,0.8,60,3.0,0.75,5.0,252.0,1.0041285372328783,0.0805656243184755,0.0692221870830391,1.1638699629907503,-0.0407334617769142,0.0141530296329057,32,13.8125,0.6153846153846154,sharpe_ratio,1.1638699629907503,False,False,False,False,,96,0.5377834332524511,0.7286390253680897,1.1638699629907503,4.149102605866839,0.9791666666666666
russia,AFLT,coverage,30,25,"AFKS,ALRS,CHMF,GAZP,GMKN,HYDR,IRAO,LKOH,MAGN,MGNT,MOEX,MTSS,NLMK,NVTK,PHOR,PLZL,RASP,ROSN,RTKM,SBER,SNGS,TATN,TRNFP,VTBR,YDEX",,,252,5,0.8,60,2.5,0.0,10.0,252.0,40.67945953702793,0.4153292706933105,0.3790014993826497,1.095851260139695,-0.3693477473955806,0.0181079083518107,25,2605.0,0.5247600767754319,sharpe_ratio,1.095851260139695,False,False,False,False,,96,0.5837918964765829,4.45138000201746,1.095851260139695,40.67945953702793,0.9895833333333334
russia,CHMF,coverage,30,25,"AFKS,AFLT,ALRS,GAZP,GMKN,HYDR,IRAO,LKOH,MAGN,MGNT,MOEX,MTSS,NLMK,NVTK,PHOR,PLZL,RASP,ROSN,RTKM,SBER,SNGS,TATN,TRNFP,VTBR,YDEX",,,252,21,0.8,60,2.5,0.25,10.0,252.0,6.538431497567036,0.2069742593955994,0.189583235925374,1.0917329181841324,-0.3874034004620527,0.0277161862527716,70,29.03030303030303,0.535490605427975,sharpe_ratio,1.0917329181841324,False,False,False,False,,96,0.49833862891917813,1.683885956713477,1.0917329181841324,15.400442065598073,0.9895833333333334
usa,AMZN,priority,30,30,"NVDA,AAPL,MSFT,AVGO,ORCL,AMD,CSCO,QCOM,TXN,IBM,ACN,ADI,GOOGL,META,NFLX,DIS,VZ,TSLA,HD,MCD,LOW,WMT,COST,PG,KO,PEP,PM,BRK-B,JPM,V","TMUS,CMCSA,BKNG,SBUX",,252,63,0.8,60,3.0,0.25,5.0,252.0,4.704180799422624,0.2141758884249482,0.2340191359395957,0.9152067311291614,-0.2885906331193976,0.0194604157452454,41,42.89473684210526,0.5165644171779141,sharpe_ratio,0.9152067311291614,False,False,False,False,,96,0.5261362313961401,1.5856311209230647,0.9152067311291614,5.80277571848915,1.0
russia,LKOH,coverage,30,25,"AFKS,AFLT,ALRS,CHMF,GAZP,GMKN,HYDR,IRAO,MAGN,MGNT,MOEX,MTSS,NLMK,NVTK,PHOR,PLZL,RASP,ROSN,RTKM,SBER,SNGS,TATN,TRNFP,VTBR,YDEX",,,252,10,0.8,60,1.0,0.5,10.0,252.0,5.536407451702921,0.1910488801743972,0.2209588987352299,0.8646353745785403,-0.3047500958570399,0.0872135994087213,226,15.36111111111111,0.5280289330922242,sharpe_ratio,0.8646353745785403,False,True,False,False,high_turnover,96,0.5418263573953463,1.7553418132323286,0.8646353745785403,6.724603043002426,0.90625
usa,AAPL,priority,30,30,"NVDA,MSFT,AVGO,ORCL,AMD,CSCO,QCOM,TXN,IBM,ACN,ADI,GOOGL,META,NFLX,DIS,VZ,AMZN,TSLA,HD,MCD,LOW,WMT,COST,PG,KO,PEP,PM,BRK-B,JPM,V","TMUS,CMCSA,BKNG,SBUX",,252,5,0.8,60,2.0,0.0,5.0,252.0,4.796543117169716,0.2163514899856333,0.2606426694092376,0.8300693454222483,-0.2896643937948849,0.0269792127377266,31,2184.0,0.5338827838827839,sharpe_ratio,0.8300693454222483,False,False,False,False,,96,0.2667723980782527,0.659365009488013,0.8300693454222483,5.506079546015568,0.9895833333333334
usa,MSFT,priority,30,30,"NVDA,AAPL,AVGO,ORCL,AMD,CSCO,QCOM,TXN,IBM,ACN,ADI,GOOGL,META,NFLX,DIS,VZ,AMZN,TSLA,HD,MCD,LOW,WMT,COST,PG,KO,PEP,PM,BRK-B,JPM,V","TMUS,CMCSA,BKNG,SBUX",,252,21,0.8,60,1.5,0.0,5.0,252.0,3.8010045653596274,0.1910718076883795,0.2335592774750449,0.8180869959609929,-0.3178280676258208,0.0349402919062361,40,2196.0,0.5154826958105647,sharpe_ratio,0.8180869959609929,False,False,False,False,,96,0.4012226063263262,0.7598162856890814,0.8180869959609929,3.8010045653596274,0.96875
crypto,SOL,priority_with_coverage_fallback,30,30,"BTC,ETH,XRP,BNB,TRX,ADA,AVAX,DOT,NEAR,ATOM,ALGO,DOGE,BCH,LTC,XLM,ETC,LINK,UNI,AAVE,INJ,FIL,VET,FET,GRT,THETA,XTZ,SAND,CHZ,DASH,HBAR","TON,SUI,ICP,MKR,RENDER,RNDR,ARB,OP,MATIC,POL,APT,SEI,EOS,MANA","CHZ,DASH,HBAR",1440,24,0.8,336,2.0,0.0,10.0,8760.0,504.8258478845456,2.2024729168552684,1.0884710191767846,2.02345572647493,-0.7716813463477965,0.004502774221084,106,46354.0,0.5067523838287958,total_return,504.8258478845456,False,False,True,False,large_drawdown,96,0.36789963793129743,2.667355975730344,2.02345572647493,504.8258478845456,0.8333333333333334
crypto,XRP,priority_with_coverage_fallback,30,30,"BTC,ETH,SOL,BNB,TRX,ADA,AVAX,DOT,NEAR,ATOM,ALGO,DOGE,BCH,LTC,XLM,ETC,LINK,UNI,AAVE,INJ,FIL,VET,FET,GRT,THETA,XTZ,SAND,CHZ,DASH,HBAR","TON,SUI,ICP,MKR,RENDER,RNDR,ARB,OP,MATIC,POL,APT,SEI,EOS,MANA","CHZ,DASH,HBAR",1440,24,0.8,336,2.0,0.0,10.0,8760.0,237.39131224689808,1.5543502843064343,1.03956874827718,1.4951875831996424,-0.8666934878873505,0.0048697488852382,125,50496.0,0.5090304182509505,total_return,237.39131224689808,False,False,True,False,large_drawdown,96,0.3891002524506427,4.585076474505983,1.4951875831996424,237.39131224689808,0.8541666666666666
russia,AFKS,coverage,30,25,"AFLT,ALRS,CHMF,GAZP,GMKN,HYDR,IRAO,LKOH,MAGN,MGNT,MOEX,MTSS,NLMK,NVTK,PHOR,PLZL,RASP,ROSN,RTKM,SBER,SNGS,TATN,TRNFP,VTBR,YDEX",,,252,5,0.8,60,3.0,0.0,10.0,252.0,159.9005210672653,0.6050505709812053,0.3811547626787794,1.5874144316835297,-0.3094174537927052,0.0151515151515151,21,2427.0,0.5348166460651009,total_return,159.9005210672653,False,False,False,False,,96,0.6567615884863585,6.148706256828538,1.5874144316835297,159.9005210672653,1.0
russia,GAZP,coverage,30,25,"AFKS,AFLT,ALRS,CHMF,GMKN,HYDR,IRAO,LKOH,MAGN,MGNT,MOEX,MTSS,NLMK,NVTK,PHOR,PLZL,RASP,ROSN,RTKM,SBER,SNGS,TATN,TRNFP,VTBR,YDEX",,,252,63,0.8,60,2.0,0.0,10.0,252.0,135.74220481926417,0.5809163374241226,0.3980002958509536,1.459587702521882,-0.3813728667215423,0.032150776053215,44,2646.0,0.5200302343159486,total_return,135.74220481926417,False,False,False,False,,96,0.5805466933251533,3.24121836296531,1.4632421642930833,135.74220481926417,0.9895833333333334
crypto,ETH,priority_with_coverage_fallback,30,30,"BTC,SOL,XRP,BNB,TRX,ADA,AVAX,DOT,NEAR,ATOM,ALGO,DOGE,BCH,LTC,XLM,ETC,LINK,UNI,AAVE,INJ,FIL,VET,FET,GRT,THETA,XTZ,SAND,CHZ,DASH,HBAR","TON,SUI,ICP,MKR,RENDER,RNDR,ARB,OP,MATIC,POL,APT,SEI,EOS,MANA","CHZ,DASH,HBAR",1440,72,0.8,336,3.0,0.0,10.0,8760.0,131.77934273465883,1.3106674697968836,0.5714215345142116,2.2936963180975227,-0.3901332538314345,0.0019752796683094,51,50260.0,0.5022682053322722,total_return,131.77934273465883,False,False,False,False,,96,0.5706997723157108,2.7269031031159114,2.2936963180975227,131.77934273465883,0.9375
crypto,BNB,priority_with_coverage_fallback,30,30,"BTC,ETH,SOL,XRP,TRX,ADA,AVAX,DOT,NEAR,ATOM,ALGO,DOGE,BCH,LTC,XLM,ETC,LINK,UNI,AAVE,INJ,FIL,VET,FET,GRT,THETA,XTZ,SAND,CHZ,DASH,HBAR","TON,SUI,ICP,MKR,RENDER,RNDR,ARB,OP,MATIC,POL,APT,SEI,EOS,MANA","CHZ,DASH,HBAR",1440,24,0.8,336,3.0,0.0,10.0,8760.0,91.74086527846735,1.172878398270302,0.6591054988122739,1.7795002475079649,-0.6603257460025506,0.0019752796683094,51,50315.0,0.5089337175792508,total_return,91.74086527846735,False,False,True,False,large_drawdown,96,0.6839959218811547,5.361696533781009,1.7795002475079649,91.74086527846735,0.9479166666666666
crypto,BTC,priority_with_coverage_fallback,30,30,"ETH,SOL,XRP,BNB,TRX,ADA,AVAX,DOT,NEAR,ATOM,ALGO,DOGE,BCH,LTC,XLM,ETC,LINK,UNI,AAVE,INJ,FIL,VET,FET,GRT,THETA,XTZ,SAND,CHZ,DASH,HBAR","TON,SUI,ICP,MKR,RENDER,RNDR,ARB,OP,MATIC,POL,APT,SEI,EOS,MANA","CHZ,DASH,HBAR",1440,72,0.8,336,2.5,0.0,10.0,8760.0,52.13349840600849,0.975114763424537,0.4843427553638564,2.0132741795466607,-0.396942192876873,0.003344285379019,86,49797.0,0.5046689559612025,total_return,52.13349840600849,False,False,False,False,,96,0.4136331808426603,1.3545049750682847,2.0132741795466607,52.13349840600849,0.9479166666666666
russia,AFLT,coverage,30,25,"AFKS,ALRS,CHMF,GAZP,GMKN,HYDR,IRAO,LKOH,MAGN,MGNT,MOEX,MTSS,NLMK,NVTK,PHOR,PLZL,RASP,ROSN,RTKM,SBER,SNGS,TATN,TRNFP,VTBR,YDEX",,,252,5,0.8,60,2.5,0.0,10.0,252.0,40.67945953702793,0.4153292706933105,0.3790014993826497,1.095851260139695,-0.3693477473955806,0.0181079083518107,25,2605.0,0.5247600767754319,total_return,40.67945953702793,False,False,False,False,,96,0.5837918964765829,4.45138000201746,1.095851260139695,40.67945953702793,0.9895833333333334
usa,NVDA,priority,30,30,"AAPL,MSFT,AVGO,ORCL,AMD,CSCO,QCOM,TXN,IBM,ACN,ADI,GOOGL,META,NFLX,DIS,VZ,AMZN,TSLA,HD,MCD,LOW,WMT,COST,PG,KO,PEP,PM,BRK-B,JPM,V","TMUS,CMCSA,BKNG,SBUX",,252,21,0.8,60,1.5,0.25,5.0,252.0,40.64682604748814,0.5153420580144183,0.4142563776795746,1.2440171975168313,-0.358909639524256,0.0526315789473684,105,29.80434782608696,0.5346462436177972,total_return,40.64682604748814,False,False,False,False,,96,0.6597984228383003,4.408422346871518,1.2440171975168313,40.64682604748814,1.0
russia,CHMF,coverage,30,25,"AFKS,AFLT,ALRS,GAZP,GMKN,HYDR,IRAO,LKOH,MAGN,MGNT,MOEX,MTSS,NLMK,NVTK,PHOR,PLZL,RASP,ROSN,RTKM,SBER,SNGS,TATN,TRNFP,VTBR,YDEX",,,252,5,0.8,60,2.5,0.0,10.0,252.0,15.400442065598073,0.2975828804010814,0.2914140839593414,1.0211684910966785,-0.3671215063676633,0.0181079083518107,25,2636.0,0.5235204855842185,total_return,15.400442065598073,False,False,False,False,,96,0.49833862891917813,1.683885956713477,1.0917329181841324,15.400442065598073,0.9895833333333334
russia,LKOH,coverage,30,25,"AFKS,AFLT,ALRS,CHMF,GAZP,GMKN,HYDR,IRAO,MAGN,MGNT,MOEX,MTSS,NLMK,NVTK,PHOR,PLZL,RASP,ROSN,RTKM,SBER,SNGS,TATN,TRNFP,VTBR,YDEX",,,252,10,0.8,60,2.5,0.0,10.0,252.0,6.724603043002426,0.2097195488858987,0.2630858551033922,0.7971525067490967,-0.2668712311458229,0.0188470066518847,26,2645.0,0.5092627599243856,total_return,6.724603043002426,False,False,False,False,,96,0.5418263573953463,1.7553418132323286,0.8646353745785403,6.724603043002426,0.90625
usa,AMZN,priority,30,30,"NVDA,AAPL,MSFT,AVGO,ORCL,AMD,CSCO,QCOM,TXN,IBM,ACN,ADI,GOOGL,META,NFLX,DIS,VZ,TSLA,HD,MCD,LOW,WMT,COST,PG,KO,PEP,PM,BRK-B,JPM,V","TMUS,CMCSA,BKNG,SBUX",,252,21,0.8,60,2.5,0.0,5.0,252.0,5.80277571848915,0.2382465465039458,0.3039820600550881,0.7837519966170715,-0.3939944899492394,0.0154798761609907,18,2117.0,0.5054322153991497,total_return,5.80277571848915,True,False,False,False,few_trades,96,0.5261362313961401,1.5856311209230647,0.9152067311291614,5.80277571848915,1.0
usa,AAPL,priority,30,30,"NVDA,MSFT,AVGO,ORCL,AMD,CSCO,QCOM,TXN,IBM,ACN,ADI,GOOGL,META,NFLX,DIS,VZ,AMZN,TSLA,HD,MCD,LOW,WMT,COST,PG,KO,PEP,PM,BRK-B,JPM,V","TMUS,CMCSA,BKNG,SBUX",,252,10,0.8,60,1.5,0.0,5.0,252.0,5.506079546015568,0.2321074920450083,0.2835365934161472,0.8186156476259266,-0.3173585416396933,0.0358248562582927,41,2185.0,0.519908466819222,total_return,5.506079546015568,False,False,False,False,,96,0.2667723980782527,0.659365009488013,0.8300693454222483,5.506079546015568,0.9895833333333334
usa,BRK.B,priority,30,30,"NVDA,AAPL,MSFT,AVGO,ORCL,AMD,CSCO,QCOM,TXN,IBM,ACN,ADI,GOOGL,META,NFLX,DIS,VZ,AMZN,TSLA,HD,MCD,LOW,WMT,COST,PG,KO,PEP,PM,JPM,V","TMUS,CMCSA,BKNG,SBUX",,252,21,0.8,60,2.5,0.0,5.0,252.0,4.149102605866839,0.200400358873914,0.1764264523039583,1.1358861228397428,-0.1814050449530256,0.0190181335692171,22,2152.0,0.5148698884758365,total_return,4.149102605866839,False,False,False,False,,96,0.5377834332524511,0.7286390253680897,1.1638699629907503,4.149102605866839,0.9791666666666666
usa,MSFT,priority,30,30,"NVDA,AAPL,AVGO,ORCL,AMD,CSCO,QCOM,TXN,IBM,ACN,ADI,GOOGL,META,NFLX,DIS,VZ,AMZN,TSLA,HD,MCD,LOW,WMT,COST,PG,KO,PEP,PM,BRK-B,JPM,V","TMUS,CMCSA,BKNG,SBUX",,252,21,0.8,60,1.5,0.0,5.0,252.0,3.8010045653596274,0.1910718076883795,0.2335592774750449,0.8180869959609929,-0.3178280676258208,0.0349402919062361,40,2196.0,0.5154826958105647,total_return,3.8010045653596274,False,False,False,False,,96,0.4012226063263262,0.7598162856890814,0.8180869959609929,3.8010045653596274,0.96875
