market,rebalance_frequency,entry_z,exit_z,top_decile_appearances,targets_represented,median_sharpe_in_decile,median_total_return_in_decile,top_decile_slots,appearance_rate
crypto,24,2.5,0.0,5,5,1.3583713986512624,46.04396174506599,50,0.1
crypto,24,3.0,0.0,3,3,1.7795002475079649,45.930447144931335,50,0.06
crypto,24,2.0,0.0,3,3,1.7021303880035918,237.39131224689808,50,0.06
crypto,24,1.5,0.0,3,3,1.6696633598774813,75.71272098551482,50,0.06
crypto,24,3.0,0.25,3,3,1.4092252931707785,11.964476097975608,50,0.06
crypto,72,2.0,0.0,3,3,1.2004862540742998,57.05584534121203,50,0.06
crypto,72,3.0,0.0,2,2,1.926030819835812,78.69919536033893,50,0.04
crypto,72,2.5,0.0,2,2,1.8542230580738333,51.65816679018469,50,0.04
crypto,72,1.5,0.0,2,2,1.5001346948011371,148.13525299627972,50,0.04
crypto,24,3.0,0.5,2,2,1.3530115755242464,8.460097188564808,50,0.04
crypto,168,2.5,0.0,2,2,1.2864835820583114,26.85812069129931,50,0.04
crypto,24,2.0,0.5,2,2,1.03655259997203,25.171759918254338,50,0.04
crypto,24,1.5,0.25,2,2,0.9528806936205283,26.622781839637895,50,0.04
crypto,24,2.0,0.25,1,1,1.4671093215787891,91.97298466786862,50,0.02
crypto,24,2.5,0.75,1,1,1.4032862975917082,13.654865952198412,50,0.02
crypto,24,3.0,0.75,1,1,1.3683691118319026,8.349810366278072,50,0.02
crypto,168,1.0,0.0,1,1,1.3615008261918191,83.5490324282429,50,0.02
crypto,24,2.5,0.5,1,1,1.308866019869336,14.752889361371455,50,0.02
crypto,168,3.0,0.0,1,1,1.258626658513196,29.288183941379128,50,0.02
crypto,72,3.0,0.25,1,1,1.2522788561863718,9.253054119564936,50,0.02
crypto,168,2.5,0.25,1,1,1.1849470102760644,13.840951875021494,50,0.02
crypto,24,2.5,0.25,1,1,1.0603527272983502,29.54940286561965,50,0.02
crypto,24,1.0,0.0,1,1,1.0584748384699805,8.68449864436333,50,0.02
crypto,72,2.0,0.5,1,1,1.0259312332535109,35.503335271790355,50,0.02
crypto,24,1.5,0.5,1,1,0.9856821869493568,22.005038500501243,50,0.02
crypto,72,1.5,0.25,1,1,0.985068760904408,28.794008599647903,50,0.02
crypto,72,2.5,0.75,1,1,0.942098297785977,3.4221846579611954,50,0.02
crypto,24,1.0,0.5,1,1,0.9350634266355238,24.905846190841647,50,0.02
crypto,72,2.0,0.25,1,1,0.881183637796236,27.33333564049912,50,0.02
russia,5,2.5,0.0,4,4,1.0585098756181868,28.039950801313,50,0.08
russia,5,2.5,0.25,4,4,0.9296048926965572,7.544364210939888,50,0.08
russia,5,2.0,0.0,3,3,1.0951285325582572,40.6165522087524,50,0.06
russia,21,2.0,0.0,2,2,1.321048997781293,102.11723516707997,50,0.04
russia,10,2.0,0.0,2,2,1.116458285377076,38.54429546060115,50,0.04
russia,5,2.0,0.25,2,2,1.0565338555828956,11.897469919194366,50,0.04
russia,10,2.5,0.25,2,2,0.9822041783200604,8.33885711464012,50,0.04
russia,5,2.5,0.5,2,2,0.9167952463332497,5.6772395899985035,50,0.04
russia,5,3.0,0.0,1,1,1.5874144316835297,159.9005210672653,50,0.02
russia,63,2.0,0.0,1,1,1.459587702521882,135.74220481926417,50,0.02
russia,5,3.0,0.25,1,1,1.3562093964452682,11.500229229862487,50,0.02
russia,5,3.0,0.75,1,1,1.2866706087757314,6.046034481357983,50,0.02
russia,21,1.5,0.0,1,1,1.2638906555873584,71.104434824801,50,0.02
russia,5,3.0,1.0,1,1,1.2581512088706737,4.920314041314428,50,0.02
russia,10,3.0,0.0,1,1,1.2536741329758243,81.8367020156582,50,0.02
russia,5,3.0,0.5,1,1,1.2356764856206506,7.045364958704759,50,0.02
russia,5,1.5,0.0,1,1,1.20045536798242,56.65649034995538,50,0.02
russia,63,1.5,0.0,1,1,1.099261129007946,48.41965621747448,50,0.02
russia,21,2.5,0.25,1,1,1.0917329181841324,6.538431497567036,50,0.02
russia,10,1.5,0.0,1,1,1.0411676423615377,24.922690649877,50,0.02
russia,5,2.0,1.0,1,1,1.0236488237905783,7.99997513850899,50,0.02
russia,5,1.0,0.0,1,1,1.0056184112842492,31.98948580094659,50,0.02
russia,5,2.0,0.75,1,1,0.9869869681372688,8.942357140748634,50,0.02
russia,5,2.0,0.5,1,1,0.9819717074077174,10.991607589024625,50,0.02
russia,10,2.0,0.25,1,1,0.9684664359762104,7.441679281172782,50,0.02
russia,63,2.5,0.0,1,1,0.956523106957452,31.103284837317723,50,0.02
russia,5,2.5,1.0,1,1,0.9507999308285048,5.384843608233113,50,0.02
russia,21,2.0,0.25,1,1,0.8973449356305703,5.990709904740085,50,0.02
russia,5,1.0,0.25,1,1,0.8935781000290235,7.106438792392739,50,0.02
russia,21,1.0,0.25,1,1,0.8784653023684271,8.304271541814012,50,0.02
russia,10,1.0,0.5,1,1,0.8646353745785403,5.536407451702921,50,0.02
russia,5,1.5,0.25,1,1,0.8505822019413355,5.61376517521042,50,0.02
russia,10,1.0,0.75,1,1,0.8299759888589324,4.628429997829256,50,0.02
russia,10,2.5,0.5,1,1,0.8299412730420218,2.800966604261125,50,0.02
russia,10,1.5,0.5,1,1,0.8055888769953758,4.226447640898591,50,0.02
russia,10,2.5,0.0,1,1,0.7971525067490967,6.724603043002426,50,0.02
russia,10,1.0,0.25,1,1,0.7730639639638814,4.758184421935725,50,0.02
usa,5,2.0,0.0,3,3,0.8300693454222483,2.9317026938206183,50,0.06
usa,21,1.5,0.0,3,3,0.8180869959609929,3.8010045653596274,50,0.06
usa,21,3.0,0.75,2,2,0.9814853111327876,2.2692743995487255,50,0.04
usa,21,2.5,0.0,2,2,0.9598190597284071,4.975939162177995,50,0.04
usa,21,1.5,0.25,2,2,0.9582660440346383,21.45974544515238,50,0.04
usa,5,1.5,0.25,2,2,0.9243815542702767,10.123308412837307,50,0.04
usa,21,1.5,0.5,2,2,0.8921678273592947,11.59840561094908,50,0.04
usa,10,1.5,0.25,2,2,0.8189315984397378,10.797974950469483,50,0.04
usa,5,1.5,0.0,2,2,0.7544718857087793,3.3659214263468025,50,0.04
usa,10,2.0,0.0,2,2,0.7168118158584821,3.345524415434072,50,0.04
usa,5,2.0,0.25,2,2,0.652852125842784,1.7018992357629221,50,0.04
usa,21,2.0,0.0,2,2,0.6519382452638207,4.188920521295034,50,0.04
usa,10,3.0,0.75,1,1,1.1638699629907503,1.0041285372328783,50,0.02
usa,10,3.0,1.0,1,1,1.1390899220516844,0.8483434815814703,50,0.02
usa,10,3.0,0.5,1,1,1.1023301718454666,1.00820805581586,50,0.02
usa,10,1.0,0.25,1,1,1.0604920268947764,24.664342638276104,50,0.02
usa,10,3.0,0.25,1,1,1.0189741057594646,1.015972694486805,50,0.02
usa,5,3.0,0.75,1,1,1.0090334184274463,3.9023814924191473,50,0.02
usa,21,3.0,0.5,1,1,0.9789344355729932,5.590943798478,50,0.02
usa,10,2.5,0.0,1,1,0.9473610890302098,2.808528618036921,50,0.02
usa,5,1.0,0.25,1,1,0.9472883115968488,15.796400183091148,50,0.02
usa,5,3.0,0.0,1,1,0.9272174196319766,2.509636439283512,50,0.02
usa,21,2.5,0.25,1,1,0.9208330909351308,1.7003781201717447,50,0.02
usa,63,3.0,0.25,1,1,0.9152067311291614,4.704180799422624,50,0.02
usa,10,1.5,0.0,1,1,0.8186156476259266,5.506079546015568,50,0.02
usa,5,2.5,0.25,1,1,0.8037185069346454,2.259702952530162,50,0.02
usa,5,3.0,0.25,1,1,0.8028642004928757,1.932750873643231,50,0.02
usa,5,2.5,0.0,1,1,0.7998020614820541,4.94111890543904,50,0.02
usa,5,1.5,1.0,1,1,0.7871669759063596,2.3771310526416225,50,0.02
usa,5,2.5,0.5,1,1,0.7658742178215664,2.00909841437204,50,0.02
usa,5,3.0,0.5,1,1,0.7439756905017348,1.661215375958912,50,0.02
usa,63,2.5,0.25,1,1,0.7420707335285699,4.020391245979196,50,0.02
usa,63,1.0,0.0,1,1,0.7244355465915397,3.1956361633242505,50,0.02
usa,21,2.0,0.5,1,1,0.7236724023751584,2.0317520028553053,50,0.02
usa,10,1.0,0.0,1,1,0.7094009877864376,2.606594226405873,50,0.02
usa,5,1.5,0.5,1,1,0.6319829184591886,2.1468931932327,50,0.02
