market,rebalance_entry_exit,mean_total_return,median_total_return,mean_sharpe_ratio,median_sharpe_ratio,median_max_drawdown,median_turnover,median_number_of_trades,count
crypto,168|1.0|0.25,22.110831223025816,2.137301072507957,0.5356609188804866,0.42497519889405344,-0.6366301412774464,0.0137780646170695,668.0,10
crypto,168|1.0|0.5,9.109635117698096,3.510873503043376,0.4555689279790192,0.4423257599859788,-0.6714885540127848,0.0176797308925917,873.0,10
crypto,168|1.0|0.75,7.248172728070678,2.5825253979929395,0.36682808107714593,0.3145977854755858,-0.6697758626127762,0.024955018383790953,1249.5,10
crypto,168|1.5|0.25,33.036770181873955,6.76109098725864,0.7088553255529155,0.5000948389282277,-0.6013645086486107,0.009876398341547299,477.5,10
crypto,168|1.5|0.5,19.9102982123131,9.137636789905184,0.6767867499036792,0.6076122442532543,-0.6273941211187565,0.0112356254400375,548.5,10
crypto,168|1.5|0.75,19.000018021699184,8.752874696517448,0.6684173127326727,0.5405573257500185,-0.6063239684744115,0.0129827759580788,637.0,10
crypto,168|1.5|1.0,6.421847751793557,3.9413132240400794,0.42515143151771395,0.3459642697585359,-0.650965563565878,0.0158706876320112,806.5,10
crypto,168|2.0|0.25,16.8631344881126,6.938077458001011,0.6731916208593354,0.5535589641649358,-0.6455067100745546,0.00705037941015405,340.0,10
crypto,168|2.0|0.5,10.814452505548065,6.016502085783328,0.6433988758425897,0.590002917455125,-0.6386610618616454,0.00777399671438625,375.5,10
crypto,168|2.0|0.75,9.248900969668734,6.6202832671220655,0.6327608447210977,0.6318571219588007,-0.6636546311485669,0.00836071344754745,411.0,10
crypto,168|2.0|1.0,5.146133692710864,4.694889036543719,0.4619574870747661,0.49700811426044267,-0.6214452597735529,0.00910388797621835,461.5,10
crypto,168|2.5|0.25,17.563309736848176,4.533973738844765,0.7039186223139848,0.5164818828322442,-0.5553295754634489,0.0049675350074317,242.5,10
crypto,168|2.5|0.5,11.809561725805683,4.484050337636893,0.6800468425823155,0.5808870481926597,-0.5095383303015553,0.00514355002738005,255.5,10
crypto,168|2.5|0.75,6.688562407456892,2.962560729912761,0.5779871551329309,0.5170150197302446,-0.5255447804373756,0.0053684581084252,266.5,10
crypto,168|2.5|1.0,3.3225063233913574,2.8990712531389287,0.45366212839861236,0.5814891369230495,-0.5136624054085563,0.0056618164750058,281.5,10
crypto,168|3.0|0.25,6.362896396787147,4.8111506670993345,0.6224346407895107,0.5314437397329259,-0.5270758290295717,0.00332449734547985,164.0,10
crypto,168|3.0|0.5,5.6081707738981255,4.293940945796622,0.6127343664556818,0.6172407069575765,-0.48566553202771096,0.0034901464722757,170.5,10
crypto,168|3.0|0.75,4.142346383770775,3.198933369567192,0.5711410736277159,0.6252253466296124,-0.5182149166237879,0.0035620435070435,176.0,10
crypto,168|3.0|1.0,2.3135293958029024,1.9627866476651796,0.42927039989188087,0.530502108379032,-0.47216664536212455,0.0036425702376199,183.0,10
crypto,24|1.0|0.25,19.82642689534429,9.110600780086644,0.8087410816758849,0.7067646672497061,-0.626995878089532,0.015156848939998399,752.0,10
crypto,24|1.0|0.5,20.301122711789805,10.422601822936219,0.8086930070072169,0.8085724197247177,-0.6098119387549521,0.01965501056090115,992.0,10
crypto,24|1.0|0.75,12.284363045250194,7.755779629911045,0.6547269931044681,0.5763925954646726,-0.6285597761723247,0.0292380505358679,1466.0,10
crypto,24|1.5|0.25,32.07398265605019,19.709538855533175,1.0223650591703994,0.97741076473822,-0.5520625128244436,0.010639130094656949,529.0,10
crypto,24|1.5|0.5,23.16875434723691,16.351578298173813,0.9256162629878741,0.8908778727320914,-0.5676976171504924,0.01198857858092775,592.0,10
crypto,24|1.5|0.75,15.19584598084192,13.182202716417448,0.7750456753529477,0.7911940347075045,-0.5911728556300562,0.014394117186888801,698.5,10
crypto,24|1.5|1.0,9.816480787600247,4.914259707698904,0.5920550426902061,0.6108253793755036,-0.5651229063498038,0.01795353203473355,875.0,10
crypto,24|2.0|0.25,24.680140373121837,14.905212196870053,1.0691716477552187,1.089868575553241,-0.5334303228093038,0.00744152389892825,363.0,10
crypto,24|2.0|0.5,16.01627528529938,13.420655446359163,0.9640606477926896,1.0346711853630386,-0.516790754076283,0.0080869123054056,398.5,10
crypto,24|2.0|0.75,11.066397929999074,8.828352726077018,0.8409947933117852,0.8525102890864584,-0.5383038769696289,0.008917922879246,442.5,10
crypto,24|2.0|1.0,7.266525398146291,5.587281977989585,0.7031658446436833,0.717587365286124,-0.54655627030087,0.009928794914847251,497.5,10
crypto,24|2.5|0.25,37.293014859401254,13.990264751835628,1.2659718752003455,1.2919627937899287,-0.4980945373353457,0.0053293436595478,262.5,10
crypto,24|2.5|0.5,22.554068996988132,10.269076291489892,1.173077202861888,1.1353580304246595,-0.48192708404509566,0.0056618164750058,282.0,10
crypto,24|2.5|0.75,12.230205481163207,5.5242958891193945,1.0108129607120424,1.013923754732546,-0.46785966264689627,0.00597260283143565,300.5,10
crypto,24|2.5|1.0,7.2275202492804835,4.249303439352161,0.8354371129621612,0.7892004373685397,-0.4810736437456842,0.0063169834937025,317.5,10
crypto,24|3.0|0.25,24.44685566683674,10.363022986382356,1.2967026848225478,1.258357392665813,-0.47597614455500725,0.0037060940311350503,183.5,10
crypto,24|3.0|0.5,15.129699455592192,5.995591043981518,1.1833737308085748,1.2206832296977552,-0.47726676709980953,0.0038576356491850502,190.0,10
crypto,24|3.0|0.75,8.544564964248192,4.325964046370989,0.9849150764347246,1.0095956469368979,-0.443758284447449,0.00393586454693985,195.0,10
crypto,24|3.0|1.0,5.412275758420449,2.7500402388094445,0.8349487975837541,0.9012940626887148,-0.43232054524856556,0.00412313994212125,202.0,10
crypto,336|1.0|0.25,31.463078880718513,5.474686540668055,0.6022270700615503,0.3664768249868623,-0.7437341002910025,0.0128882109051083,614.0,9
crypto,336|1.0|0.5,17.884402426925654,3.9154277218344222,0.5214845455598569,0.4623213718569384,-0.6829499910835759,0.0163302824063208,803.0,9
crypto,336|1.0|0.75,10.233559809563836,2.3935519536412797,0.35366010737846554,0.3055526671170998,-0.6620275460058463,0.0228819525932879,1144.0,9
crypto,336|1.5|0.25,22.012211494131787,6.081131780245762,0.6436828593541704,0.559144813600233,-0.5624376562956044,0.0093287960572635,443.0,9
crypto,336|1.5|0.5,12.045523373005178,5.356368620818993,0.5258092444461409,0.4357284251910249,-0.5847598584472975,0.0106195728702182,511.0,9
crypto,336|1.5|0.75,7.747398947813271,1.9900870429612825,0.3921867488868225,0.2665841123719116,-0.5875518649398574,0.0124579519674567,590.0,9
crypto,336|1.5|1.0,2.4900404457211645,0.5358581662745145,0.17514005159795273,0.1355556137633867,-0.65157152925491,0.0152350778377532,707.0,9
crypto,336|2.0|0.25,13.546154225518078,3.65235133110692,0.5386052366399949,0.5196600585930732,-0.5624376562956046,0.0067667996557928,321.0,9
crypto,336|2.0|0.5,8.267241859203999,1.9014661113214872,0.43618363371794794,0.4620288565475767,-0.5670008963392055,0.0072361730423218,355.0,9
crypto,336|2.0|0.75,5.211703890376047,1.03234522182815,0.33105939679884144,0.2568543128420636,-0.6415545088563996,0.0080966909176249,387.0,9
crypto,336|2.0|1.0,1.1717170371087653,0.3595780280868841,0.11860014485853171,0.1658354922466489,-0.6424243090766162,0.0088007509974184,436.0,9
crypto,336|2.5|0.25,6.586947142487359,1.9363238791271158,0.40339538917752416,0.42139173408107294,-0.6020135326018388,0.0048208558241413495,236.0,10
crypto,336|2.5|0.5,3.231150444353196,1.124536377100085,0.2717602235733064,0.2456860693510382,-0.6682847470637967,0.00507762581922095,252.5,10
crypto,336|2.5|0.75,1.6023001769495289,0.5556327239219482,0.17185168123745304,0.0991518792949318,-0.7221962145906218,0.005358679496205851,271.5,10
crypto,336|2.5|1.0,0.05581287061476634,-0.291385955938114,-0.03959941022856721,-0.10474799636456081,-0.7440677018828583,0.00559183259122565,282.5,10
crypto,336|3.0|0.25,3.5793695429151917,1.3529354929860253,0.2716274674706808,0.2163731243717657,-0.6076790111728363,0.00344335875501505,165.5,10
crypto,336|3.0|0.5,1.4100074881344429,0.3547164233374759,0.1349229500062863,0.06693551180862149,-0.6680354189315704,0.0035234143989068,175.0,10
crypto,336|3.0|0.75,0.4440350686473963,0.03530992597135704,0.036088544344641635,0.0200377421589985,-0.6766226019164568,0.0035839128183598997,182.0,10
crypto,336|3.0|1.0,-0.03466139271215185,-0.3429152342471896,-0.1006415924686694,-0.1305839183700781,-0.6907766724167383,0.0037158726433544,189.0,10
crypto,72|1.0|0.25,12.435225222367023,8.175536706528924,0.6397402611504973,0.635733728415118,-0.6597750441139398,0.01507862004224355,731.5,10
crypto,72|1.0|0.5,8.900276895985662,7.472253621496865,0.554593213456679,0.49880970661753726,-0.6585850128169092,0.01903895799108185,947.0,10
crypto,72|1.0|0.75,8.128202987997753,2.3209651284903448,0.467680397140491,0.3191199949653847,-0.6405484417525129,0.0273996714386294,1374.0,10
crypto,72|1.5|0.25,25.62577647469587,14.925948405197332,0.8557232263687578,0.8070779959879903,-0.5810236294597759,0.01030665727919885,500.0,10
crypto,72|1.5|0.5,15.149123266897243,15.543802505169825,0.7743736821849732,0.8069366095583526,-0.639101800665611,0.011743887831934498,579.0,10
crypto,72|1.5|0.75,20.687883134976676,7.694275478267086,0.7499416618046013,0.6072084874230205,-0.6106552428982216,0.0136800889173794,683.5,10
crypto,72|1.5|1.0,9.223942489297439,5.463821084798043,0.5647961904578487,0.6401768847543513,-0.6168823883828484,0.0170343424861143,869.0,10
crypto,72|2.0|0.25,17.616142435755062,12.264997095904288,0.8428207984880215,0.798783833887968,-0.5830213976224838,0.00726550887897985,359.5,10
crypto,72|2.0|0.5,9.998074336550612,8.944707471591503,0.7236578986894713,0.7561868666852849,-0.5636517579730871,0.00781311116326365,391.0,10
crypto,72|2.0|0.75,8.96400935039828,6.46826918274025,0.684202026966539,0.7196827329657767,-0.542318831969659,0.00855628569193455,434.0,10
crypto,72|2.0|1.0,6.772667976152168,5.695077485988573,0.6182940193578648,0.7188720033743526,-0.545770380944542,0.0096123758116248,482.0,10
crypto,72|2.5|0.25,13.610889810886082,7.922427246089788,0.9158508292314547,0.9880413656069058,-0.5332666501692679,0.0050653211296252006,254.0,10
crypto,72|2.5|0.5,9.323624157675443,6.484735171328366,0.8399196679261303,0.9457358119046492,-0.5120302507714951,0.0053195650473284,269.0,10
crypto,72|2.5|0.75,7.99481231681124,5.526072145355537,0.828856870889752,0.9161018199036248,-0.48399138792171215,0.00568137369944455,287.0,10
crypto,72|2.5|1.0,5.820671493263158,2.938666526808497,0.7449526784524645,0.7695280620198282,-0.5087302010287633,0.0059649534538058005,303.0,10
crypto,72|3.0|0.25,12.562743465479759,8.45827704820244,0.9632475748350317,0.9780372115113557,-0.5033122181661904,0.0034566920251674,173.0,10
crypto,72|3.0|0.5,7.424868866039691,5.4137260079989415,0.8510117929150847,0.896970204739574,-0.47739558305008645,0.003539857623406,178.0,10
crypto,72|3.0|0.75,6.865650516479425,4.177238610018858,0.8355827333229794,0.8668967836605306,-0.4465428426787402,0.0036113334633117496,183.0,10
crypto,72|3.0|1.0,4.214483364163198,2.781499130552084,0.6802891959969262,0.5918146668880789,-0.44588476681406275,0.0036722800665861498,187.0,10
russia,10|1.0|0.25,4.890664436875322,3.5814382572153014,0.5687885626503051,0.518606704854073,-0.3782080340632331,0.06541019955654095,161.5,10
russia,10|1.0|0.5,4.490453890993417,4.371639072050365,0.6111958981941978,0.6401139701757785,-0.36943546020668316,0.0790835181079083,206.5,10
russia,10|1.0|0.75,3.4324670845359897,3.179871574410595,0.5336628676653119,0.5178450985857364,-0.3671104003833972,0.09534368070953435,253.0,10
russia,10|1.5|0.25,4.42808145636094,4.49321395877206,0.5967904547204519,0.6022341093932133,-0.375026556505482,0.0471175166297117,118.5,10
russia,10|1.5|0.5,3.755994382210061,4.129954715250724,0.5904773126501099,0.5651926320373618,-0.3439263083070426,0.052660753880266045,139.5,10
russia,10|1.5|0.75,3.1920384870019047,3.294347970634258,0.5411763836471554,0.5828720870386461,-0.3379837556242803,0.0594974131559497,158.5,10
russia,10|1.5|1.0,1.8982384566537103,1.4760205939033324,0.4181029919012705,0.4297522615564954,-0.3483548273516137,0.0665188470066518,179.5,10
russia,10|2.0|0.25,6.297622282673112,4.8935829024364015,0.7078480846374315,0.7392560762142377,-0.28753357014259745,0.03547671840354765,91.5,10
russia,10|2.0|0.5,4.298417153066999,3.0471726716972594,0.661429321745007,0.7006342628314788,-0.2847482750251986,0.038248337028824755,102.0,10
russia,10|2.0|0.75,3.205612069805342,2.048725008494004,0.5754819583463412,0.5626215576950646,-0.30576820291820817,0.03954175905395415,105.5,10
russia,10|2.0|1.0,1.9260202705205625,1.2542370874291475,0.4577735420803828,0.4134005786922986,-0.28322910316478944,0.041759053954175854,113.0,10
russia,10|2.5|0.25,4.705047901749277,3.3247466768610714,0.7218539971310508,0.6906286813518403,-0.26208263784921626,0.0251293422025129,65.0,10
russia,10|2.5|0.5,3.394553872009324,2.704178572771065,0.6898815063801322,0.614667995600361,-0.23957375265892134,0.025868440502586798,69.0,10
russia,10|2.5|0.75,2.5092319623783275,1.8244289115761836,0.591258082710348,0.5150154504001669,-0.2602683879946968,0.025868440502586798,70.0,10
russia,10|2.5|1.0,1.8398147425402847,1.3133204514225683,0.500481437449621,0.4545888168760466,-0.23439378303715347,0.02623798965262375,71.0,10
russia,10|3.0|0.25,2.3084245107303856,2.027443359001078,0.5618612934327485,0.500931701708824,-0.27073041151621735,0.0151515151515151,39.5,10
russia,10|3.0|0.5,1.9176651315999638,1.8132022701990405,0.5698722776216757,0.49196192552459117,-0.2175299002780093,0.0151515151515151,41.0,10
russia,10|3.0|0.75,1.490673667765498,1.201844204347291,0.4866573778503449,0.3756355070750099,-0.22190658664177476,0.0151515151515151,41.0,10
russia,10|3.0|1.0,1.1803298452522148,0.9692841667796541,0.4320790603571235,0.38627769230553494,-0.21900281525972554,0.0151515151515151,41.0,10
russia,21|1.0|0.25,5.8839231394831115,5.591664639559694,0.6110559020612945,0.5546540092413037,-0.39846538719988356,0.0620842572062084,155.0,10
russia,21|1.0|0.5,5.063578731582965,4.154305249115358,0.5954458285710108,0.5978938025348869,-0.3752137754487114,0.07742054693274206,200.5,10
russia,21|1.0|0.75,3.584812631311712,3.4960959824745124,0.5147011975944226,0.5381612311177564,-0.3566553097920493,0.09423503325942345,248.5,10
russia,21|1.5|0.25,5.13633965584755,4.638845866729056,0.6240579016883805,0.5894912329349709,-0.36749064684199917,0.04767184035476715,120.0,10
russia,21|1.5|0.5,4.419083426407766,4.3423702448783805,0.6064250216419725,0.6246838916600055,-0.3548598134757721,0.051182557280118196,134.0,10
russia,21|1.5|0.75,3.3504212017860455,2.9725719648002995,0.5408593399596515,0.5646520920022964,-0.3288187230183426,0.05820399113082035,154.5,10
russia,21|1.5|1.0,2.1632191372025047,1.8836054243914087,0.4365781645879038,0.4784423872983361,-0.3166676028131902,0.0657797487065779,176.0,10
russia,21|2.0|0.25,5.294413287166274,4.647358410292673,0.6665524984369096,0.7202760880052701,-0.31482796870468294,0.0358462675535846,91.0,10
russia,21|2.0|0.5,3.866581785923112,3.2913941383607845,0.6154197859235648,0.6524158906766322,-0.29960974449684824,0.0371396895787139,97.5,10
russia,21|2.0|0.75,2.366343089213496,2.4452092652965858,0.5081369405571307,0.6162142591373861,-0.2730761011539351,0.03880266075388025,104.0,10
russia,21|2.0|1.0,1.2611444318208722,1.0562080540767789,0.36345123511463784,0.3744240711626795,-0.2721809997654808,0.04101995565410195,110.0,10
russia,21|2.5|0.25,4.324425109488838,4.33135428062017,0.6872511830088082,0.6261018794956044,-0.27724299566479654,0.024575018477457453,65.5,10
russia,21|2.5|0.5,3.039962191905899,2.5471086953427164,0.6095090405133493,0.6171181140789761,-0.2695474835825362,0.0251293422025129,67.5,10
russia,21|2.5|0.75,1.9989647108171327,1.7940095799234612,0.5365620927365183,0.5031022762960862,-0.2585965036482827,0.0256836659275683,69.5,10
russia,21|2.5|1.0,1.224326020807502,1.2137601536546816,0.403588128366939,0.43475037714068393,-0.21722463276629583,0.02623798965262375,71.0,10
russia,21|3.0|0.25,2.4918498752891884,2.20434147081629,0.5736411850375996,0.5376308145401409,-0.27441840062672007,0.0151515151515151,41.0,10
russia,21|3.0|0.5,1.8678530206020816,1.8654612340601677,0.5471271955192263,0.5412505585686145,-0.24793104601909086,0.0153362897265336,41.5,10
russia,21|3.0|0.75,1.375251312025087,1.3493599996876715,0.4993240677224877,0.4777733297450883,-0.2359603469055369,0.0153362897265336,41.5,10
russia,21|3.0|1.0,0.9305019142855656,0.8608651227761226,0.41702587911245387,0.37525769976273904,-0.20304660319380946,0.01589061345158905,43.0,10
russia,5|1.0|0.25,6.416829557428376,7.295281543761356,0.6964851543726673,0.6959435404914286,-0.3485828276035581,0.0678122690317812,168.5,10
russia,5|1.0|0.5,5.129804608657663,4.046470906529112,0.6445105212876465,0.6845863576337363,-0.3027317991935409,0.08093126385809304,211.0,10
russia,5|1.0|0.75,3.6459614234061157,3.3661651360224782,0.5675036420822251,0.6084582000969498,-0.3156485415751198,0.09756097560975605,258.0,10
russia,5|1.5|0.25,5.883470576386103,5.285743464438644,0.7091963790552083,0.7462934047786793,-0.31758078078621155,0.048780487804878,123.5,10
russia,5|1.5|0.5,4.536239810535095,4.035186990237596,0.6494182284055644,0.711412080206197,-0.2897778964174285,0.05432372505543235,143.0,10
russia,5|1.5|0.75,3.271548940609084,3.4587393784704794,0.5765304776395086,0.6062188628293435,-0.2912879563217219,0.05986696230598665,159.5,10
russia,5|1.5|1.0,2.3534179219146183,1.952303935267491,0.4848091364900181,0.46368981724817204,-0.2961732821836832,0.0679970436067997,183.0,10
russia,5|2.0|0.25,6.866183213496834,6.184946861294333,0.7988070271816299,0.785688237106433,-0.2843937469148061,0.0382483370288248,99.5,10
russia,5|2.0|0.5,4.891700097733775,3.7074197758630496,0.7226795013760742,0.787672644726821,-0.247338546575302,0.0399113082039911,107.0,10
russia,5|2.0|0.75,3.53090167724507,2.4899479592396645,0.6387657139662117,0.6455854997851368,-0.2649402643152191,0.041574279379157406,112.0,10
russia,5|2.0|1.0,2.4708768616905896,1.8283642246196827,0.5325504607751116,0.5498838710219396,-0.2734028830296922,0.0437915742793791,118.0,10
russia,5|2.5|0.25,5.799564288951165,5.05712560834668,0.8306166390667655,0.8354372534425365,-0.26235492147480155,0.02771618625277155,72.0,10
russia,5|2.5|0.5,4.162077301207233,2.9643576605239184,0.7931316019946325,0.739968307526286,-0.2576386114858149,0.0280857354028085,75.5,10
russia,5|2.5|0.75,2.991496400361626,2.0374111187477792,0.6945849063654893,0.59833943351528,-0.26266000182612487,0.0288248337028824,77.5,10
russia,5|2.5|1.0,2.2076361500813046,1.212897424995926,0.6018023140808906,0.5234330559782637,-0.24173916738250945,0.02919438285291935,78.5,10
russia,5|3.0|0.25,3.77008251386428,2.7606282417520185,0.7171496126089689,0.6349536822791129,-0.2358993394922913,0.016629711751662953,45.0,10
russia,5|3.0|0.5,2.5711696135651168,2.3047791949397443,0.6691376970629557,0.6640881429821923,-0.2353086193130013,0.016629711751662953,45.0,10
russia,5|3.0|0.75,1.9429323845726774,1.6429375837171738,0.5834416272042692,0.5690345044325104,-0.23720668018220809,0.0169992609016999,46.0,10
russia,5|3.0|1.0,1.5835180611040491,1.1633206862817884,0.5479318460319105,0.5172830006928221,-0.2029822106216514,0.01736881005173685,47.0,10
russia,63|1.0|0.25,2.780392898842783,2.5225808564680166,0.2706363438326199,0.32984117319984935,-0.6037068552525159,0.05247597930524755,127.5,10
russia,63|1.0|0.5,2.188527292647904,1.7560403625755674,0.2520273519472613,0.24422015701585315,-0.5753420351261357,0.0637472283813747,161.0,10
russia,63|1.0|0.75,2.2937603951049015,0.8171116771914352,0.2501433899086871,0.16421558263604305,-0.5591857372066833,0.0811160384331116,215.0,10
russia,63|1.5|0.25,2.9990924325992148,3.175256178299243,0.32175502384068294,0.3188360430495607,-0.5167531927269757,0.04194382852919435,103.5,10
russia,63|1.5|0.5,2.5672065320379382,2.2389308781717174,0.3168144087596861,0.32150152575053204,-0.5417678104296644,0.046747967479674746,116.5,10
russia,63|1.5|0.75,2.2935575204387755,1.3333953372394212,0.31937038927057293,0.2390624439584269,-0.5093686107212099,0.05173688100517365,133.5,10
russia,63|1.5|1.0,2.6409658301055665,1.0658046190091932,0.334048604930406,0.2465407717255044,-0.4851438113335864,0.060975609756097504,160.5,10
russia,63|2.0|0.25,3.0051889615652803,1.8005893715868901,0.34508310541807397,0.3102706244571264,-0.5133769323777808,0.0323355506282335,81.0,10
russia,63|2.0|0.5,2.829108190837157,2.085408390608736,0.366219203100282,0.34063962441202067,-0.4611917259223083,0.035291943828529154,90.5,10
russia,63|2.0|0.75,2.0119848836726724,1.3730866753463864,0.31235665019887426,0.30575632959007,-0.46517883876002764,0.037694013303769355,99.0,10
russia,63|2.0|1.0,1.4343383147372244,0.6307551967721977,0.26823567186838265,0.1729464073878961,-0.4556012629163876,0.039911308203991094,105.5,10
russia,63|2.5|0.25,1.1627915183442354,0.8755956053597114,0.2395949023523017,0.18179973697696133,-0.46035322212616137,0.0225424981522542,58.0,10
russia,63|2.5|0.5,1.1095698899264073,0.8451229927110321,0.2612051051615444,0.24834104503855597,-0.4222785586608536,0.024020694752402,63.0,10
russia,63|2.5|0.75,0.7680735857481484,0.4996010373689883,0.2191871876914115,0.16678898602334702,-0.4422755416524161,0.025498891352549853,68.5,10
russia,63|2.5|1.0,0.6413230892877829,0.097966274425743,0.17718544582947862,0.04979356187374565,-0.47752797967767224,0.02568366592756835,69.5,10
russia,63|3.0|0.25,1.1708238628025947,1.1750506559908995,0.2686707836126703,0.2757585673182614,-0.4245005076544508,0.0160753880266075,41.5,10
russia,63|3.0|0.5,1.0727703174123704,0.7208936739156748,0.27964145194912027,0.20709328301736254,-0.40563370707349156,0.016629711751662953,44.0,10
russia,63|3.0|0.75,0.6529289610066373,0.1657817483465068,0.19695932699538934,0.0757234523368079,-0.44368305296031085,0.016629711751662953,44.5,10
russia,63|3.0|1.0,0.39833739816136976,0.05983260040966655,0.1234021098785995,0.011235494325183,-0.43534359285918367,0.016629711751662953,44.5,10
usa,10|1.0|0.25,4.8249262459038516,1.8601624738290141,0.6861291152611052,0.5864785104241824,-0.29396426738435083,0.0659000442282176,137.5,10
usa,10|1.0|0.5,3.169147487593171,1.657105079497064,0.646078141019651,0.6656163151527743,-0.2712994726399377,0.0778416629809818,167.5,10
usa,10|1.0|0.75,2.7192566064053,1.302632352076902,0.593960880104398,0.6230271093714213,-0.265264686577402,0.09398496240601495,209.0,10
usa,10|1.5|0.25,4.117856786172224,2.1435932682449392,0.7086951106549332,0.5996122414217185,-0.29229909369569734,0.04842989827509945,103.0,10
usa,10|1.5|0.5,3.1320402638613727,1.7497082082076294,0.7168213969948997,0.7066388959684486,-0.2734855198200012,0.0544007076514816,120.0,10
usa,10|1.5|0.75,2.576165267419421,1.191360167226856,0.6426112638436488,0.626818206821326,-0.2471006000935732,0.059708093763821246,133.0,10
usa,10|1.5|1.0,1.8459956896681358,0.8687402887853153,0.5448201538474299,0.44114020543716054,-0.25342061832865936,0.0689960194604157,154.5,10
usa,10|2.0|0.25,2.4787194538601147,1.8247094731154556,0.6599001955421606,0.6094917783230946,-0.26025367680530986,0.03582485625829275,77.0,10
usa,10|2.0|0.5,1.7765226638434928,1.4110309651232185,0.6278241899867839,0.6125336695543864,-0.254332297687654,0.037593984962406,81.5,10
usa,10|2.0|0.75,1.6468307893727612,1.126067194331756,0.5781486659472905,0.5966863966740277,-0.2534206183286595,0.0398053958425475,89.0,10
usa,10|2.0|1.0,1.1337622924767075,0.8004496823796654,0.4661088785233739,0.4002989040128087,-0.24662412726773555,0.0415745245466607,94.0,10
usa,10|2.5|0.25,1.7661861640728151,1.3577183908677481,0.5781177634829346,0.5607025435896166,-0.2406932294103791,0.02410437859354265,51.5,10
usa,10|2.5|0.5,1.1893732132340897,1.015147628611074,0.5213080768194731,0.5631232241942292,-0.22612642158831806,0.0243255196815568,53.5,10
usa,10|2.5|0.75,1.1576461061527494,0.8560588737440371,0.5183981050165765,0.5127157761235122,-0.23030314445082173,0.02543122512162755,56.0,10
usa,10|2.5|1.0,0.8401996881850129,0.6104075180992455,0.42039026827936965,0.3733659977479957,-0.22364842119842482,0.0256523662096417,58.0,10
usa,10|3.0|0.25,1.0106867136067454,1.005147002596291,0.5301900060363225,0.569575249778546,-0.24201249183419785,0.013931888544891548,31.5,10
usa,10|3.0|0.5,0.8580744647181529,0.9962680860693258,0.5192682182939837,0.5538440044368296,-0.2112661496848357,0.013931888544891548,31.5,10
usa,10|3.0|0.75,0.8843371783503843,0.8996231800714096,0.5411353677663383,0.5617563578512161,-0.18434679786394184,0.014374170720919899,32.5,10
usa,10|3.0|1.0,0.6493793424959404,0.6453303393634557,0.47629477914366686,0.4849178480579692,-0.16229538994472195,0.014374170720919899,32.5,10
usa,21|1.0|0.25,3.184914152478894,1.4042545017111059,0.4881657791236188,0.4465811567774173,-0.33154885228688036,0.0614772224679345,127.5,10
usa,21|1.0|0.5,2.7132282186318646,1.4320195778596045,0.5265506742186489,0.4985821255603127,-0.3125119522646064,0.07231313578062801,156.0,10
usa,21|1.0|0.75,2.0819812546288676,1.1755569807465822,0.47955363455844796,0.5040533851195397,-0.30173091628133075,0.091110128261831,200.0,10
usa,21|1.5|0.25,5.537754072272348,1.3733922635078613,0.611984555720324,0.49660549464393877,-0.31966218971442883,0.04621848739495795,98.0,10
usa,21|1.5|0.5,3.5737475551520688,1.4471975592363253,0.6300334793743023,0.638574931886412,-0.27449500097226615,0.05174701459531175,113.0,10
usa,21|1.5|0.75,2.312525455597496,1.5115034127295233,0.5682345069473095,0.568765402051885,-0.29381318783050625,0.057938965059708,129.0,10
usa,21|1.5|1.0,1.3415876945383727,0.886275043149006,0.4761244060027707,0.44426537846463743,-0.2927501847779076,0.0652366209641751,146.0,10
usa,21|2.0|0.25,2.5943208036191856,1.2546061489830802,0.5292554178784593,0.4765576283169699,-0.3116165440021955,0.0340557275541795,73.0,10
usa,21|2.0|0.5,1.7809315698528692,1.0152749608602578,0.5166383626648685,0.525399785243132,-0.2856819617425417,0.03648827952233525,80.5,10
usa,21|2.0|0.75,1.2136416282308087,0.9498046394744225,0.4581098873005319,0.5142470604898286,-0.2776745107306956,0.0380362671384343,85.0,10
usa,21|2.0|1.0,0.6911454140154325,0.5629319517484627,0.3670040837584086,0.3340517522628472,-0.2777915758645799,0.0398053958425475,89.5,10
usa,21|2.5|0.25,1.730450356123352,1.0687046698631644,0.5432212923719083,0.4612758156507569,-0.29540689077913396,0.0247678018575851,53.0,10
usa,21|2.5|0.5,1.368129910201858,0.9275538244471218,0.517446778010856,0.49598537578967555,-0.26048729471668475,0.024988942945599252,56.0,10
usa,21|2.5|0.75,1.003073602895102,0.7748525192740653,0.48711433459978154,0.5153292378165413,-0.2446775322699423,0.02543122512162755,57.5,10
usa,21|2.5|1.0,0.6265032483660927,0.5111854231818881,0.3976961312050925,0.40844826309147614,-0.24942563174603205,0.02543122512162755,57.5,10
usa,21|3.0|0.25,1.0628233530573938,0.6298799872901361,0.4399136465761087,0.3350390997860701,-0.286522962971019,0.0137107474568774,30.5,10
usa,21|3.0|0.5,1.081544673716546,0.5513459437556525,0.46144145927654234,0.464815411319686,-0.2550255422622507,0.01415302963290575,31.5,10
usa,21|3.0|0.75,0.8443027003075112,0.4788411703931954,0.48222566677136475,0.38126871319776334,-0.1686684415550829,0.01415302963290575,31.5,10
usa,21|3.0|1.0,0.6407187104491454,0.44854137716127485,0.4558855824960665,0.44108405842767395,-0.14225511294335935,0.01459531180893405,33.0,10
usa,5|1.0|0.25,3.919216031532675,1.6253845954150439,0.7048106497832403,0.678622411991918,-0.2399947590319083,0.06744803184431665,141.5,10
usa,5|1.0|0.5,2.7805216574149254,1.6250715847368613,0.6744680032084516,0.6558310814370127,-0.249487228574313,0.07828394515701009,172.0,10
usa,5|1.0|0.75,2.46164294618505,1.3862347872554575,0.6172291376285266,0.4731677875418506,-0.25282137781054637,0.0964175143741707,214.5,10
usa,5|1.5|0.25,3.968552414641789,2.3937728592873095,0.7764791655277932,0.6944611076557649,-0.2750971705330699,0.050641309155240996,106.5,10
usa,5|1.5|0.5,2.7868751231582523,2.096072807181123,0.7480014869881855,0.6822892664693903,-0.23765953349123636,0.055506413091552353,122.5,10
usa,5|1.5|0.75,2.28879186538259,1.4716677483709133,0.6857006561757424,0.5711642498630547,-0.23492158687803927,0.0605926581158779,135.0,10
usa,5|1.5|1.0,1.931790428415941,1.1547849493325637,0.6056762748981486,0.5225188098472218,-0.24313514553174181,0.07010172490048645,157.0,10
usa,5|2.0|0.25,2.2088151565605356,1.9631313051925074,0.7174022300794526,0.6319346807022688,-0.2070807477962172,0.03626713843432105,79.5,10
usa,5|2.0|0.5,1.7429680837248736,1.5705082144520026,0.6718695892283986,0.6289122702502544,-0.2160868700776188,0.037593984962405944,83.0,10
usa,5|2.0|0.75,1.4914701844682003,0.9279247324264772,0.6261641068868242,0.5852441511202828,-0.2106870944627425,0.0398053958425475,89.0,10
usa,5|2.0|1.0,1.0534718075476355,0.8597122522311226,0.5314242989371086,0.45970708123929827,-0.22040225375112424,0.0424590888987173,96.0,10
usa,5|2.5|0.25,1.9575153588389462,1.0878776101833467,0.6243572938104086,0.5957738416161129,-0.19087457754516074,0.02366209641751435,51.5,10
usa,5|2.5|0.5,1.4315514392846045,0.9635692894684944,0.5854998702480164,0.5668739213278713,-0.2028977061156751,0.02410437859354265,54.0,10
usa,5|2.5|0.75,1.327470171768187,0.680929386080373,0.5822884754086278,0.5809267970395708,-0.1882213214582136,0.02543122512162755,57.0,10
usa,5|2.5|1.0,0.9304797265181215,0.5911509918632926,0.4956553625528275,0.44223085138408247,-0.1971447431285583,0.0256523662096417,58.0,10
usa,5|3.0|0.25,1.2047165112405422,0.8311705753568185,0.6088222126294976,0.7527617110582117,-0.20243283759350283,0.013931888544891548,31.0,10
usa,5|3.0|0.5,0.9628109802783076,0.7152481112782944,0.5825612144992695,0.7413090726158031,-0.19971307614080008,0.013931888544891548,31.5,10
usa,5|3.0|0.75,0.950334117542279,0.5902758050520921,0.5783206079644728,0.644477923171907,-0.1536389599605359,0.014816452896948249,33.5,10
usa,5|3.0|1.0,0.7026641073227492,0.4375445975491201,0.5090231208002749,0.5954027246871053,-0.15043210749001976,0.014816452896948249,33.5,10
usa,63|1.0|0.25,2.180442975586402,1.4818173042450353,0.4374074411530229,0.5229463826665017,-0.4006771532395845,0.055506413091552353,111.0,10
usa,63|1.0|0.5,1.5720638036634356,1.2238175062817545,0.36746251649439415,0.40730019684897445,-0.38375563832469817,0.0661211853162317,139.5,10
usa,63|1.0|0.75,1.094551100685647,0.8435973195590606,0.314326856344347,0.3419119033869613,-0.4243429999717689,0.08226448474126485,180.5,10
usa,63|1.5|0.25,1.6570075859366091,1.3076468147854108,0.38426436590287355,0.4780989936947277,-0.4148402748909381,0.0415745245466607,84.0,10
usa,63|1.5|0.5,1.098807613606767,0.8042425294574028,0.310802125887745,0.3716030250478627,-0.40312402207888454,0.047766475011057005,102.5,10
usa,63|1.5|0.75,0.6711752728143077,0.5991485102940763,0.2330398391210226,0.2772071563488146,-0.4305974221812194,0.050862450243255156,109.5,10
usa,63|1.5|1.0,0.39233226045390934,0.3582403962270841,0.17001088560364788,0.13539889048068304,-0.42855230662350907,0.05992923485183545,131.5,10
usa,63|2.0|0.25,1.1012197954018919,0.8074105033428355,0.3357100992135647,0.33421162360518986,-0.3246236120121507,0.032286598850066295,68.0,10
usa,63|2.0|0.5,0.5948735535068816,0.5214866190869204,0.2296327927253246,0.23437946694029774,-0.36917383724036745,0.0336134453781512,73.0,10
usa,63|2.0|0.75,0.3740283879885227,0.22652024942244006,0.1521111911950709,0.12012356987545755,-0.41339950638739015,0.0344980097302078,76.0,10
usa,63|2.0|1.0,0.15995890090539525,0.08968768373759015,0.06313190837549783,0.0356888039672299,-0.4079666127151004,0.0380362671384343,84.0,10
usa,63|2.5|0.25,1.173357375338835,0.5973397498938441,0.3595189758440633,0.3026028721244028,-0.2899677294544667,0.023440955329500197,50.0,10
usa,63|2.5|0.5,0.705891220891955,0.3402980222155436,0.2604546076824651,0.22695373190017845,-0.27553706986910065,0.0238832375055285,53.5,10
usa,63|2.5|0.75,0.4493118074235379,0.24943345665104,0.1619470337634862,0.18154198865703064,-0.29195157455865794,0.0238832375055285,54.0,10
usa,63|2.5|1.0,0.12022371781726464,0.0690958572050445,0.04651621700091742,0.05805048176331845,-0.32111790472475793,0.0243255196815568,55.0,10
usa,63|3.0|0.25,1.070543009763901,0.7115932712835413,0.3804710980684183,0.2986137826487183,-0.3020377639265517,0.0163644405130473,35.0,10
usa,63|3.0|0.5,0.6357304463818636,0.4673276830431593,0.3044604588117015,0.2659265325745359,-0.2646959923340358,0.0163644405130473,36.0,10
usa,63|3.0|0.75,0.4268176310223481,0.25922623770756176,0.22238211286740026,0.15013883485941149,-0.2699973445225093,0.0163644405130473,36.5,10
usa,63|3.0|1.0,0.24331309086634262,0.1733253476892889,0.14501507427001634,0.10810017941641835,-0.2508280635192217,0.0168067226890756,38.0,10
