market,exit_z,mean_total_return,median_total_return,mean_sharpe_ratio,median_sharpe_ratio,median_max_drawdown,median_turnover,median_number_of_trades,count
crypto,0.0,33.8415019382316,9.450234274547817,0.8225516908783962,0.7994246791086064,-0.7475874964156483,0.00418733875828755,105.5,100
crypto,0.25,6.9726292562144225,3.65825422837746,0.5499890193010021,0.5643242952068757,-0.6479252191381055,0.00677657826801215,333.0,100
crypto,0.5,4.9232719493082655,2.7531625342541655,0.48443272546390753,0.4807119636546931,-0.65542884176538,0.0073535163889540504,363.0,100
crypto,0.75,2.9212975017769365,1.4168596616544828,0.37483116346937295,0.33103766514696786,-0.6245407065657993,0.008106469529844298,398.0,100
crypto,1.0,2.154569140981611,0.9861107810501992,0.30956586720861246,0.3073217742577034,-0.5935077477320054,0.0072948447156379005,354.0,80
russia,0.0,19.258341279879737,7.054896638887867,0.6796124070751561,0.6652451406124542,-0.4128336634084906,0.024020694752402,33.0,100
russia,0.25,4.872302868322939,3.9107470833454085,0.6007436769893274,0.6140863353087305,-0.33172684237225447,0.03603104212860305,92.0,100
russia,0.5,3.7563463474394085,3.1835287018882488,0.5811270613423031,0.6190781972930921,-0.31132596911910115,0.0388026607538802,101.5,100
russia,0.75,2.900288353935069,2.3308852869845573,0.521576410909842,0.5450766894869546,-0.30197615782679865,0.0404656319290465,108.0,100
russia,1.0,1.9033095852557902,1.2864900263647585,0.4287100741945705,0.4243982084638722,-0.28929046675568193,0.03362897265336285,90.0,80
usa,0.0,3.380041322783311,2.250286422415924,0.5226321862608198,0.5326963237798377,-0.3471886790312756,0.0243255196815568,28.0,100
usa,0.25,3.096295484021722,1.1981553296178822,0.5233289706180596,0.5277280258264937,-0.29662681437258986,0.03471915081822195,75.5,100
usa,0.5,2.006922789522787,1.123157361981067,0.4732870897960592,0.4721572007204011,-0.2807277820122875,0.036045997346306896,79.0,100
usa,0.75,1.6915705353459953,0.8302469018263134,0.45100246384524917,0.4235652199681622,-0.25780462426941336,0.0380362671384343,85.0,100
usa,1.0,0.985268159859227,0.49482607797132216,0.36374367851290557,0.33571337899245834,-0.25789419418782905,0.0314020344980097,71.0,80
