market,rebalance_frequency,mean_total_return,median_total_return,mean_sharpe_ratio,median_sharpe_ratio,median_max_drawdown,median_turnover,median_number_of_trades,count
crypto,24,21.58413730690289,6.105949927496868,0.8309754832274966,0.7442449320416362,-0.5751732375637874,0.00662989908472185,302.5,120
crypto,72,12.822842218215161,4.388704038175127,0.6823144991542123,0.622104239839937,-0.6075282356993155,0.006463662676992849,301.0,120
crypto,168,5.929972902454535,2.9909006272081387,0.44039566498984206,0.3962103642643635,-0.646121070278686,0.00622897598372835,274.0,120
crypto,336,1.6483442043578467,0.363297026659297,0.11252876336142288,0.07422654297030801,-0.8037670273044305,0.0062778690448251,281.0,120
russia,5,9.580485398471273,4.784542489011493,0.7617900068817032,0.7129429069602704,-0.26334543173861974,0.037139689578713955,78.0,120
russia,10,6.4722539453992125,3.653959221484085,0.649697595976148,0.6117500277982721,-0.2982779713213509,0.03362897265336285,72.0,120
russia,21,6.743629414706073,3.304304766990874,0.6014088802118238,0.5926715713823905,-0.31272431872412065,0.033444198078344395,71.0,120
russia,63,4.128570006241595,0.9329244305151567,0.2587931966572293,0.23392607655083697,-0.4905380995435719,0.030487804878048752,68.5,120
usa,5,2.3101897078691525,1.2714430348482055,0.5715208193498064,0.5748199592739394,-0.22621468329863653,0.031844316674038,58.5,120
usa,10,2.538739296946648,1.3464855479240407,0.5349858308619317,0.5226908802660071,-0.27415953692271416,0.032950022114108746,58.0,120
usa,21,3.039857369153185,1.019308210313264,0.49529733847814117,0.4392585793607038,-0.3127239471202176,0.03339230429013705,57.5,120
usa,63,1.247084175665345,0.6523326705079072,0.2825673890855475,0.2739218370512429,-0.3688550428058991,0.028969482529854,54.0,120
