market,entry_z,mean_total_return,median_total_return,mean_sharpe_ratio,median_sharpe_ratio,median_max_drawdown,median_turnover,median_number_of_trades,count
crypto,1.0,5.707341807137579,2.569759295213803,0.40091976005421665,0.3581508957082151,-0.7331730358647468,0.014814597512321,728.0,80
crypto,1.5,13.048435184548117,3.119308622843704,0.45987892887304116,0.39748325790953,-0.6636819818893459,0.01076625205350855,532.5,100
crypto,2.0,16.50722475503351,3.8579347857127995,0.5522908086853058,0.5284374805812364,-0.6454722524926273,0.0075490886333411,368.5,100
crypto,2.5,9.454468135907252,3.3185523735198297,0.5968935062941575,0.5773641257788927,-0.6232798918413729,0.00520995526057815,256.5,100
crypto,3.0,6.8063544371175775,2.877628520516216,0.5496582409836909,0.49366287719392676,-0.5973428655134932,0.0034811859500899,172.0,100
russia,1.0,6.115602651242439,4.6933647515237435,0.5538346925228779,0.5846815471711637,-0.3779252574265324,0.06818181818181815,169.5,80
russia,1.5,6.319943162602683,3.7954341449868494,0.5531215231253399,0.5646326984511185,-0.33486155074062873,0.0509977827050997,132.5,100
russia,2.0,10.39758139399128,3.870725049714739,0.6462301750260867,0.6570841439214867,-0.27180103629516966,0.0375092387287509,99.0,100
russia,2.5,5.765821878736666,2.3626296843702543,0.5884539465350511,0.5973245753268152,-0.31665047119301815,0.0251293422025129,67.0,100
russia,3.0,4.934097961457204,1.6100990379916527,0.4951542169675048,0.4922654252962455,-0.31053354693648894,0.01589061345158905,42.0,100
usa,1.0,3.3663417768797457,1.4090720600893665,0.4821145205781067,0.4367955095805845,-0.3317395673321467,0.0641309155241043,138.0,80
usa,1.5,3.453675645971162,1.364287260956711,0.5295707429420433,0.540161791244181,-0.3000892298790882,0.0513047324192835,110.5,100
usa,2.0,2.002751483035314,1.1638520207120149,0.4743104384067205,0.5269582428760414,-0.29573852219365726,0.0353825740822644,79.0,100
usa,2.5,1.693816070057916,0.8148638897631236,0.44792558633246027,0.41853124000398007,-0.27305653138861835,0.0238832375055285,53.0,100
usa,3.0,1.1197280389930089,0.5477058074965284,0.42374726918680283,0.2938232179308504,-0.26471772795840043,0.0132684652808491,30.0,100
