market,entry_exit_pair,mean_total_return,median_total_return,mean_sharpe_ratio,median_sharpe_ratio,median_max_drawdown,median_turnover,median_number_of_trades,count
crypto,1.0|0.25,21.202372905995844,5.474686540668055,0.6477299037851959,0.6288165873056315,-0.6525757459859193,0.0142057592070409,679.0,39
crypto,1.0|0.5,13.95051202812991,5.592167270052106,0.5867157024222529,0.5334732483355742,-0.6639104805915498,0.0183446765235077,892.0,39
crypto,1.0|0.75,9.454087843570788,2.630885969842017,0.463469119990442,0.3600603259728223,-0.6620275460058463,0.0261284518501134,1304.0,39
crypto,1.5|0.25,28.34551786085606,13.411290146155922,0.8118610729514939,0.7479301663608231,-0.5657740429569778,0.0099155127904247,483.0,39
crypto,1.5|0.5,17.71003765696203,9.21788555542763,0.7307705166866802,0.7601115106771807,-0.6117204934975302,0.0112364351021105,547.0,39
crypto,1.5|0.75,15.860616971935828,6.1858020456000835,0.652916083048298,0.5434169206532131,-0.6037789825043696,0.0132011264961276,639.0,39
crypto,1.5|1.0,7.10341216149751,2.3590010790543037,0.44605864387280164,0.3757474935279932,-0.6280662664067631,0.0160760384886176,800.0,39
crypto,2.0|0.25,18.295116948706607,7.504170629257706,0.7871612256611721,0.7847483021529227,-0.5624376562956046,0.0070797152468121,348.0,39
crypto,2.0|0.5,11.351107641200425,7.50321764065839,0.698380177607924,0.6689269629477214,-0.5637483156442045,0.0077251036532895,384.0,39
crypto,2.0|0.75,8.710215833693468,6.234308183976017,0.6297208005431743,0.6494655943632379,-0.5862163545772703,0.0083900492842055,418.0,39
crypto,2.0|1.0,5.189710871899285,3.939433472158196,0.4846557644741007,0.4672105168775031,-0.5966383593735418,0.0091918954861926,462.0,39
crypto,2.5|0.25,18.76354038740572,7.224947085225333,0.8222841789808273,0.7957126843184323,-0.5390633946779224,0.00504102109045065,249.0,40
crypto,2.5|0.5,11.729601331205613,6.4537910132511,0.7412009842359101,0.7678495263089566,-0.5559038264933506,0.00529618402241365,263.5,40
crypto,2.5|0.75,7.128970095595217,3.9742471394950822,0.6473771669930446,0.6248502928615394,-0.5659648724848307,0.0056227020261284,278.5,40
crypto,2.5|1.0,4.106627734137442,2.4747033961282634,0.4986131273961677,0.5552267003815519,-0.5419742945500301,0.0059062817804897,295.5,40
crypto,3.0|0.25,11.737966268004708,5.431749067655701,0.7885030919794428,0.7651429223121522,-0.515745950207225,0.0034677578911893,175.5,40
crypto,3.0|0.5,7.393186645916113,4.209392963904284,0.6955107100464069,0.6765720129865169,-0.5113812916019429,0.00354963623562535,180.0,40
crypto,3.0|0.75,4.999149233286447,3.040784708664436,0.6069318569325154,0.590080164305216,-0.5249678666843507,0.0036211120755310997,184.0,40
crypto,3.0|1.0,2.9764067814185995,1.8597028407206335,0.4609667002509729,0.4920775732866934,-0.5202029617979611,0.003676758194477,188.0,40
russia,1.0|0.25,4.992952508157399,4.054497575719891,0.5367414907292216,0.520833882855525,-0.42228372687646254,0.06300813008130075,154.5,40
russia,1.0|0.5,4.218091130970487,3.602456028627847,0.5257949000000292,0.5070171111975593,-0.38930770730388387,0.07649667405764965,201.0,40
russia,1.0|0.75,3.2392503835896798,3.0686148784712715,0.46650277431266174,0.5049424830075383,-0.37159502979226156,0.0922025129342202,244.0,40
russia,1.5|0.25,4.611746030298452,4.49321395877206,0.5629499398261809,0.5526389557520321,-0.3880659439183295,0.0458240946045824,117.0,40
russia,1.5|0.5,3.8196310377977154,3.9206390637596638,0.5407837428643332,0.5472958581997669,-0.3728602986889873,0.051182557280118196,135.5,40
russia,1.5|0.75,3.026891537458952,2.659827176001208,0.4944841476292221,0.5122922893835303,-0.3382337488190811,0.0583887657058388,155.5,40
russia,1.5|1.0,2.2639603364690997,1.6714764242119504,0.4183847244773996,0.4213775963566576,-0.3520756023277801,0.06614929785661486,176.0,40
russia,2.0|0.25,5.365851936225375,4.847712286528644,0.6295726789185112,0.6687053919238073,-0.3262190023459387,0.035661492978566106,90.0,40
russia,2.0|0.5,3.9714518068902604,3.0471726716972594,0.591436953036232,0.6383021658500878,-0.3057345264735788,0.0369549150036954,97.5,40
russia,2.0|0.75,2.7787104299841454,2.1379156535062203,0.5086853157671395,0.49790680590108505,-0.3128111136788694,0.0391722099039172,104.0,40
russia,2.0|1.0,1.7730949696923122,1.1408105044591224,0.4055027274596287,0.3743310026915667,-0.3009545406896589,0.0413895048041389,111.0,40
russia,2.5|0.25,3.9979572046333787,3.316089789223363,0.6198291803897316,0.624824737074549,-0.2986679072586229,0.0247597930524759,65.0,40
russia,2.5|0.5,2.926540813762216,2.3628032918815913,0.5884318135124146,0.614667995600361,-0.28478122055703237,0.0251293422025129,67.5,40
russia,2.5|0.75,2.0669416648263086,1.5042847060308215,0.5103980673759418,0.5031022762960862,-0.2856840624552706,0.0258684405025868,70.0,40
russia,2.5|1.0,1.4782750006792185,1.1362781183137636,0.4207643314317323,0.43475037714068393,-0.2632086482407323,0.0266075388026607,71.5,40
russia,3.0|0.25,2.4352951906716123,1.816687730975865,0.5303307186729969,0.5228448133476655,-0.2979067192689332,0.015705838876570552,42.0,40
russia,3.0|0.5,1.8573645207948832,1.6602495980627132,0.5164446555382445,0.5082285021667716,-0.25653450906667774,0.01589061345158905,42.5,40
russia,3.0|0.75,1.365446581342475,1.1044575609854943,0.4415955999431228,0.41435615872845133,-0.26253081968311154,0.01589061345158905,43.0,40
russia,3.0|1.0,1.0231718047007998,0.8247851915038753,0.38010972384502184,0.3589516983023729,-0.22719761012722045,0.016260162601626,44.0,40
usa,1.0|0.25,3.5273748513754555,1.5611715646674633,0.5791282463302468,0.572645011969098,-0.31556391245773524,0.06302521008403356,132.0,40
usa,1.0|0.5,2.558740291825849,1.562265410208126,0.5536398337352864,0.5521445215538324,-0.32311570000394907,0.07363998230871295,161.0,40
usa,1.0|0.75,2.089357976976216,1.2449329299845264,0.5012676271589298,0.4391279371939689,-0.29560477623033987,0.09310039805395835,206.5,40
usa,1.5|0.25,3.8202927147557424,1.7221306738145956,0.620355799451481,0.5740003021098755,-0.30316703096990893,0.0468819106590004,101.0,40
usa,1.5|0.5,2.647867638944615,1.5383759180413317,0.6014146223112831,0.5698523637992559,-0.30114072217376503,0.05108359133126935,111.0,40
usa,1.5|0.75,1.9621644653034536,1.0869844018578356,0.5323965665219308,0.47079846137684567,-0.29570099564895075,0.0566121185316231,127.0,40
usa,1.5|1.0,1.3779265182690899,0.7224059882787967,0.44915793008799926,0.3719618377332007,-0.27509307577486,0.06346749226006185,142.5,40
usa,2.0|0.25,2.095768802360432,1.4260201791245513,0.5605669856784093,0.584378370153354,-0.27155767762898464,0.0344980097302078,74.5,40
usa,2.0|0.5,1.4738239677320295,1.1609429210084594,0.511491233651344,0.5509042457221118,-0.26195799092735317,0.03582485625829275,79.0,40
usa,2.0|0.75,1.1814927475150732,0.8477255008590278,0.4536334628324294,0.4533176499040664,-0.2708608745654846,0.0380362671384343,84.5,40
usa,2.0|1.0,0.7595846037362927,0.6348331455139057,0.3569172923985972,0.3503135574070152,-0.27744415840110864,0.0402476780185758,90.5,40
usa,2.5|0.25,1.6568773135934873,1.063349188080816,0.5263038313773287,0.5094824974097619,-0.2538971110685959,0.0238832375055285,52.0,40
usa,2.5|0.5,1.1737364459031268,0.7981943761295202,0.47117733319020266,0.4613256159376241,-0.2343823950986808,0.02410437859354265,54.0,40
usa,2.5|0.75,0.984375422059894,0.680929386080373,0.43743698719711804,0.4749776055646652,-0.249425631746032,0.0252100840336134,56.5,40
usa,2.5|1.0,0.6293515952216229,0.47735079525648927,0.3400644947595518,0.3460845989309864,-0.24784115257757083,0.0256523662096417,58.0,40
usa,3.0|0.25,1.0871923969171458,0.7554013036846265,0.48984924082758685,0.5161772576221783,-0.2264252378138607,0.0141530296329057,31.0,40
usa,3.0|0.5,0.8845401412737175,0.5951289919125816,0.4669328377203742,0.4658714650718429,-0.2171784626382579,0.0141530296329057,32.0,40
usa,3.0|0.75,0.7764479068056307,0.5071809048763545,0.45601593884239405,0.4073325881939299,-0.2126536294719387,0.014816452896948249,33.0,40
usa,3.0|1.0,0.5590188127835444,0.38320133950990687,0.39655463917750616,0.3084605262854899,-0.1997130761408002,0.0150375939849624,34.0,40
