dimension,market,group,rebalance_frequency,count,share,entry_z,exit_z,value
rebalance_frequency,crypto,top5_sharpe|crypto,24.0,28,0.6086956521739131,,,
rebalance_frequency,crypto,top5_sharpe|crypto,72.0,10,0.21739130434782608,,,
rebalance_frequency,crypto,top5_sharpe|crypto,168.0,8,0.17391304347826086,,,
entry_z,crypto,top5_sharpe|crypto,,1,0.021739130434782608,1.0,,
entry_z,crypto,top5_sharpe|crypto,,5,0.10869565217391304,1.5,,
entry_z,crypto,top5_sharpe|crypto,,10,0.21739130434782608,2.0,,
entry_z,crypto,top5_sharpe|crypto,,15,0.32608695652173914,2.5,,
entry_z,crypto,top5_sharpe|crypto,,15,0.32608695652173914,3.0,,
exit_z,crypto,top5_sharpe|crypto,,25,0.5434782608695652,,0.0,
exit_z,crypto,top5_sharpe|crypto,,8,0.17391304347826086,,0.25,
exit_z,crypto,top5_sharpe|crypto,,5,0.10869565217391304,,0.5,
exit_z,crypto,top5_sharpe|crypto,,4,0.08695652173913043,,0.75,
exit_z,crypto,top5_sharpe|crypto,,4,0.08695652173913043,,1.0,
entry_exit_pair,crypto,top5_sharpe|crypto,,1,0.021739130434782608,,,1.0|0.0
entry_exit_pair,crypto,top5_sharpe|crypto,,5,0.10869565217391304,,,1.5|0.0
entry_exit_pair,crypto,top5_sharpe|crypto,,5,0.10869565217391304,,,2.0|0.0
entry_exit_pair,crypto,top5_sharpe|crypto,,1,0.021739130434782608,,,2.0|0.25
entry_exit_pair,crypto,top5_sharpe|crypto,,2,0.043478260869565216,,,2.0|0.5
entry_exit_pair,crypto,top5_sharpe|crypto,,1,0.021739130434782608,,,2.0|0.75
entry_exit_pair,crypto,top5_sharpe|crypto,,1,0.021739130434782608,,,2.0|1.0
entry_exit_pair,crypto,top5_sharpe|crypto,,8,0.17391304347826086,,,2.5|0.0
entry_exit_pair,crypto,top5_sharpe|crypto,,3,0.06521739130434782,,,2.5|0.25
entry_exit_pair,crypto,top5_sharpe|crypto,,1,0.021739130434782608,,,2.5|0.5
entry_exit_pair,crypto,top5_sharpe|crypto,,1,0.021739130434782608,,,2.5|0.75
entry_exit_pair,crypto,top5_sharpe|crypto,,2,0.043478260869565216,,,2.5|1.0
entry_exit_pair,crypto,top5_sharpe|crypto,,6,0.13043478260869565,,,3.0|0.0
entry_exit_pair,crypto,top5_sharpe|crypto,,4,0.08695652173913043,,,3.0|0.25
entry_exit_pair,crypto,top5_sharpe|crypto,,2,0.043478260869565216,,,3.0|0.5
entry_exit_pair,crypto,top5_sharpe|crypto,,2,0.043478260869565216,,,3.0|0.75
entry_exit_pair,crypto,top5_sharpe|crypto,,1,0.021739130434782608,,,3.0|1.0
rebalance_entry_pair,crypto,top5_sharpe|crypto,,1,0.021739130434782608,,,168|1.0
rebalance_entry_pair,crypto,top5_sharpe|crypto,,1,0.021739130434782608,,,168|1.5
rebalance_entry_pair,crypto,top5_sharpe|crypto,,1,0.021739130434782608,,,168|2.0
rebalance_entry_pair,crypto,top5_sharpe|crypto,,3,0.06521739130434782,,,168|2.5
rebalance_entry_pair,crypto,top5_sharpe|crypto,,2,0.043478260869565216,,,168|3.0
rebalance_entry_pair,crypto,top5_sharpe|crypto,,2,0.043478260869565216,,,24|1.5
rebalance_entry_pair,crypto,top5_sharpe|crypto,,7,0.15217391304347827,,,24|2.0
rebalance_entry_pair,crypto,top5_sharpe|crypto,,9,0.1956521739130435,,,24|2.5
rebalance_entry_pair,crypto,top5_sharpe|crypto,,10,0.21739130434782608,,,24|3.0
rebalance_entry_pair,crypto,top5_sharpe|crypto,,2,0.043478260869565216,,,72|1.5
rebalance_entry_pair,crypto,top5_sharpe|crypto,,2,0.043478260869565216,,,72|2.0
rebalance_entry_pair,crypto,top5_sharpe|crypto,,3,0.06521739130434782,,,72|2.5
rebalance_entry_pair,crypto,top5_sharpe|crypto,,3,0.06521739130434782,,,72|3.0
full_combo,crypto,top5_sharpe|crypto,,1,0.021739130434782608,,,168|1.0|0.0
full_combo,crypto,top5_sharpe|crypto,,1,0.021739130434782608,,,168|1.5|0.0
full_combo,crypto,top5_sharpe|crypto,,1,0.021739130434782608,,,168|2.0|1.0
full_combo,crypto,top5_sharpe|crypto,,2,0.043478260869565216,,,168|2.5|0.0
full_combo,crypto,top5_sharpe|crypto,,1,0.021739130434782608,,,168|2.5|0.25
full_combo,crypto,top5_sharpe|crypto,,1,0.021739130434782608,,,168|3.0|0.0
full_combo,crypto,top5_sharpe|crypto,,1,0.021739130434782608,,,168|3.0|0.25
full_combo,crypto,top5_sharpe|crypto,,2,0.043478260869565216,,,24|1.5|0.0
full_combo,crypto,top5_sharpe|crypto,,3,0.06521739130434782,,,24|2.0|0.0
full_combo,crypto,top5_sharpe|crypto,,1,0.021739130434782608,,,24|2.0|0.25
full_combo,crypto,top5_sharpe|crypto,,2,0.043478260869565216,,,24|2.0|0.5
full_combo,crypto,top5_sharpe|crypto,,1,0.021739130434782608,,,24|2.0|0.75
full_combo,crypto,top5_sharpe|crypto,,4,0.08695652173913043,,,24|2.5|0.0
full_combo,crypto,top5_sharpe|crypto,,2,0.043478260869565216,,,24|2.5|0.25
full_combo,crypto,top5_sharpe|crypto,,1,0.021739130434782608,,,24|2.5|0.5
full_combo,crypto,top5_sharpe|crypto,,1,0.021739130434782608,,,24|2.5|0.75
full_combo,crypto,top5_sharpe|crypto,,1,0.021739130434782608,,,24|2.5|1.0
full_combo,crypto,top5_sharpe|crypto,,3,0.06521739130434782,,,24|3.0|0.0
full_combo,crypto,top5_sharpe|crypto,,2,0.043478260869565216,,,24|3.0|0.25
full_combo,crypto,top5_sharpe|crypto,,2,0.043478260869565216,,,24|3.0|0.5
full_combo,crypto,top5_sharpe|crypto,,2,0.043478260869565216,,,24|3.0|0.75
full_combo,crypto,top5_sharpe|crypto,,1,0.021739130434782608,,,24|3.0|1.0
full_combo,crypto,top5_sharpe|crypto,,2,0.043478260869565216,,,72|1.5|0.0
full_combo,crypto,top5_sharpe|crypto,,2,0.043478260869565216,,,72|2.0|0.0
full_combo,crypto,top5_sharpe|crypto,,2,0.043478260869565216,,,72|2.5|0.0
full_combo,crypto,top5_sharpe|crypto,,1,0.021739130434782608,,,72|2.5|1.0
full_combo,crypto,top5_sharpe|crypto,,2,0.043478260869565216,,,72|3.0|0.0
full_combo,crypto,top5_sharpe|crypto,,1,0.021739130434782608,,,72|3.0|0.25
rebalance_frequency,russia,top5_sharpe|russia,5.0,11,0.5238095238095238,,,
rebalance_frequency,russia,top5_sharpe|russia,10.0,5,0.23809523809523808,,,
rebalance_frequency,russia,top5_sharpe|russia,21.0,3,0.14285714285714285,,,
rebalance_frequency,russia,top5_sharpe|russia,63.0,2,0.09523809523809523,,,
entry_z,russia,top5_sharpe|russia,,3,0.14285714285714285,1.5,,
entry_z,russia,top5_sharpe|russia,,7,0.3333333333333333,2.0,,
entry_z,russia,top5_sharpe|russia,,5,0.23809523809523808,2.5,,
entry_z,russia,top5_sharpe|russia,,6,0.2857142857142857,3.0,,
exit_z,russia,top5_sharpe|russia,,13,0.6190476190476191,,0.0,
exit_z,russia,top5_sharpe|russia,,4,0.19047619047619047,,0.25,
exit_z,russia,top5_sharpe|russia,,1,0.047619047619047616,,0.5,
exit_z,russia,top5_sharpe|russia,,2,0.09523809523809523,,0.75,
exit_z,russia,top5_sharpe|russia,,1,0.047619047619047616,,1.0,
entry_exit_pair,russia,top5_sharpe|russia,,3,0.14285714285714285,,,1.5|0.0
entry_exit_pair,russia,top5_sharpe|russia,,6,0.2857142857142857,,,2.0|0.0
entry_exit_pair,russia,top5_sharpe|russia,,1,0.047619047619047616,,,2.0|0.25
entry_exit_pair,russia,top5_sharpe|russia,,2,0.09523809523809523,,,2.5|0.0
entry_exit_pair,russia,top5_sharpe|russia,,2,0.09523809523809523,,,2.5|0.25
entry_exit_pair,russia,top5_sharpe|russia,,1,0.047619047619047616,,,2.5|0.75
entry_exit_pair,russia,top5_sharpe|russia,,2,0.09523809523809523,,,3.0|0.0
entry_exit_pair,russia,top5_sharpe|russia,,1,0.047619047619047616,,,3.0|0.25
entry_exit_pair,russia,top5_sharpe|russia,,1,0.047619047619047616,,,3.0|0.5
entry_exit_pair,russia,top5_sharpe|russia,,1,0.047619047619047616,,,3.0|0.75
entry_exit_pair,russia,top5_sharpe|russia,,1,0.047619047619047616,,,3.0|1.0
rebalance_entry_pair,russia,top5_sharpe|russia,,2,0.09523809523809523,,,10|2.0
rebalance_entry_pair,russia,top5_sharpe|russia,,2,0.09523809523809523,,,10|2.5
rebalance_entry_pair,russia,top5_sharpe|russia,,1,0.047619047619047616,,,10|3.0
rebalance_entry_pair,russia,top5_sharpe|russia,,1,0.047619047619047616,,,21|1.5
rebalance_entry_pair,russia,top5_sharpe|russia,,2,0.09523809523809523,,,21|2.0
rebalance_entry_pair,russia,top5_sharpe|russia,,1,0.047619047619047616,,,5|1.5
rebalance_entry_pair,russia,top5_sharpe|russia,,2,0.09523809523809523,,,5|2.0
rebalance_entry_pair,russia,top5_sharpe|russia,,3,0.14285714285714285,,,5|2.5
rebalance_entry_pair,russia,top5_sharpe|russia,,5,0.23809523809523808,,,5|3.0
rebalance_entry_pair,russia,top5_sharpe|russia,,1,0.047619047619047616,,,63|1.5
rebalance_entry_pair,russia,top5_sharpe|russia,,1,0.047619047619047616,,,63|2.0
full_combo,russia,top5_sharpe|russia,,1,0.047619047619047616,,,10|2.0|0.0
full_combo,russia,top5_sharpe|russia,,1,0.047619047619047616,,,10|2.0|0.25
full_combo,russia,top5_sharpe|russia,,1,0.047619047619047616,,,10|2.5|0.0
full_combo,russia,top5_sharpe|russia,,1,0.047619047619047616,,,10|2.5|0.25
full_combo,russia,top5_sharpe|russia,,1,0.047619047619047616,,,10|3.0|0.0
full_combo,russia,top5_sharpe|russia,,1,0.047619047619047616,,,21|1.5|0.0
full_combo,russia,top5_sharpe|russia,,2,0.09523809523809523,,,21|2.0|0.0
full_combo,russia,top5_sharpe|russia,,1,0.047619047619047616,,,5|1.5|0.0
full_combo,russia,top5_sharpe|russia,,2,0.09523809523809523,,,5|2.0|0.0
full_combo,russia,top5_sharpe|russia,,1,0.047619047619047616,,,5|2.5|0.0
full_combo,russia,top5_sharpe|russia,,1,0.047619047619047616,,,5|2.5|0.25
full_combo,russia,top5_sharpe|russia,,1,0.047619047619047616,,,5|2.5|0.75
full_combo,russia,top5_sharpe|russia,,1,0.047619047619047616,,,5|3.0|0.0
full_combo,russia,top5_sharpe|russia,,1,0.047619047619047616,,,5|3.0|0.25
full_combo,russia,top5_sharpe|russia,,1,0.047619047619047616,,,5|3.0|0.5
full_combo,russia,top5_sharpe|russia,,1,0.047619047619047616,,,5|3.0|0.75
full_combo,russia,top5_sharpe|russia,,1,0.047619047619047616,,,5|3.0|1.0
full_combo,russia,top5_sharpe|russia,,1,0.047619047619047616,,,63|1.5|0.0
full_combo,russia,top5_sharpe|russia,,1,0.047619047619047616,,,63|2.0|0.0
rebalance_frequency,usa,top5_sharpe|usa,10.0,3,0.6,,,
rebalance_frequency,usa,top5_sharpe|usa,21.0,2,0.4,,,
entry_z,usa,top5_sharpe|usa,,1,0.2,1.5,,
entry_z,usa,top5_sharpe|usa,,1,0.2,2.5,,
entry_z,usa,top5_sharpe|usa,,3,0.6,3.0,,
exit_z,usa,top5_sharpe|usa,,1,0.2,,0.0,
exit_z,usa,top5_sharpe|usa,,1,0.2,,0.25,
exit_z,usa,top5_sharpe|usa,,1,0.2,,0.5,
exit_z,usa,top5_sharpe|usa,,1,0.2,,0.75,
exit_z,usa,top5_sharpe|usa,,1,0.2,,1.0,
entry_exit_pair,usa,top5_sharpe|usa,,1,0.2,,,1.5|0.25
entry_exit_pair,usa,top5_sharpe|usa,,1,0.2,,,2.5|0.0
entry_exit_pair,usa,top5_sharpe|usa,,1,0.2,,,3.0|0.5
entry_exit_pair,usa,top5_sharpe|usa,,1,0.2,,,3.0|0.75
entry_exit_pair,usa,top5_sharpe|usa,,1,0.2,,,3.0|1.0
rebalance_entry_pair,usa,top5_sharpe|usa,,3,0.6,,,10|3.0
rebalance_entry_pair,usa,top5_sharpe|usa,,1,0.2,,,21|1.5
rebalance_entry_pair,usa,top5_sharpe|usa,,1,0.2,,,21|2.5
full_combo,usa,top5_sharpe|usa,,1,0.2,,,10|3.0|0.5
full_combo,usa,top5_sharpe|usa,,1,0.2,,,10|3.0|0.75
full_combo,usa,top5_sharpe|usa,,1,0.2,,,10|3.0|1.0
full_combo,usa,top5_sharpe|usa,,1,0.2,,,21|1.5|0.25
full_combo,usa,top5_sharpe|usa,,1,0.2,,,21|2.5|0.0
rebalance_frequency,crypto,top10_sharpe|crypto,24.0,44,0.6027397260273972,,,
rebalance_frequency,crypto,top10_sharpe|crypto,72.0,20,0.273972602739726,,,
rebalance_frequency,crypto,top10_sharpe|crypto,168.0,8,0.1095890410958904,,,
rebalance_frequency,crypto,top10_sharpe|crypto,336.0,1,0.0136986301369863,,,
entry_z,crypto,top10_sharpe|crypto,,6,0.0821917808219178,1.0,,
entry_z,crypto,top10_sharpe|crypto,,11,0.1506849315068493,1.5,,
entry_z,crypto,top10_sharpe|crypto,,16,0.2191780821917808,2.0,,
entry_z,crypto,top10_sharpe|crypto,,24,0.3287671232876712,2.5,,
entry_z,crypto,top10_sharpe|crypto,,16,0.2191780821917808,3.0,,
exit_z,crypto,top10_sharpe|crypto,,36,0.4931506849315068,,0.0,
exit_z,crypto,top10_sharpe|crypto,,15,0.2054794520547945,,0.25,
exit_z,crypto,top10_sharpe|crypto,,11,0.1506849315068493,,0.5,
exit_z,crypto,top10_sharpe|crypto,,7,0.0958904109589041,,0.75,
exit_z,crypto,top10_sharpe|crypto,,4,0.0547945205479452,,1.0,
entry_exit_pair,crypto,top10_sharpe|crypto,,5,0.0684931506849315,,,1.0|0.0
entry_exit_pair,crypto,top10_sharpe|crypto,,1,0.0136986301369863,,,1.0|0.5
entry_exit_pair,crypto,top10_sharpe|crypto,,7,0.0958904109589041,,,1.5|0.0
entry_exit_pair,crypto,top10_sharpe|crypto,,3,0.0410958904109589,,,1.5|0.25
entry_exit_pair,crypto,top10_sharpe|crypto,,1,0.0136986301369863,,,1.5|0.5
entry_exit_pair,crypto,top10_sharpe|crypto,,8,0.1095890410958904,,,2.0|0.0
entry_exit_pair,crypto,top10_sharpe|crypto,,2,0.0273972602739726,,,2.0|0.25
entry_exit_pair,crypto,top10_sharpe|crypto,,4,0.0547945205479452,,,2.0|0.5
entry_exit_pair,crypto,top10_sharpe|crypto,,1,0.0136986301369863,,,2.0|0.75
entry_exit_pair,crypto,top10_sharpe|crypto,,1,0.0136986301369863,,,2.0|1.0
entry_exit_pair,crypto,top10_sharpe|crypto,,10,0.136986301369863,,,2.5|0.0
entry_exit_pair,crypto,top10_sharpe|crypto,,6,0.0821917808219178,,,2.5|0.25
entry_exit_pair,crypto,top10_sharpe|crypto,,2,0.0273972602739726,,,2.5|0.5
entry_exit_pair,crypto,top10_sharpe|crypto,,4,0.0547945205479452,,,2.5|0.75
entry_exit_pair,crypto,top10_sharpe|crypto,,2,0.0273972602739726,,,2.5|1.0
entry_exit_pair,crypto,top10_sharpe|crypto,,6,0.0821917808219178,,,3.0|0.0
entry_exit_pair,crypto,top10_sharpe|crypto,,4,0.0547945205479452,,,3.0|0.25
entry_exit_pair,crypto,top10_sharpe|crypto,,3,0.0410958904109589,,,3.0|0.5
entry_exit_pair,crypto,top10_sharpe|crypto,,2,0.0273972602739726,,,3.0|0.75
entry_exit_pair,crypto,top10_sharpe|crypto,,1,0.0136986301369863,,,3.0|1.0
rebalance_entry_pair,crypto,top10_sharpe|crypto,,1,0.0136986301369863,,,168|1.0
rebalance_entry_pair,crypto,top10_sharpe|crypto,,1,0.0136986301369863,,,168|1.5
rebalance_entry_pair,crypto,top10_sharpe|crypto,,1,0.0136986301369863,,,168|2.0
rebalance_entry_pair,crypto,top10_sharpe|crypto,,3,0.0410958904109589,,,168|2.5
rebalance_entry_pair,crypto,top10_sharpe|crypto,,2,0.0273972602739726,,,168|3.0
rebalance_entry_pair,crypto,top10_sharpe|crypto,,4,0.0547945205479452,,,24|1.0
rebalance_entry_pair,crypto,top10_sharpe|crypto,,7,0.0958904109589041,,,24|1.5
rebalance_entry_pair,crypto,top10_sharpe|crypto,,10,0.136986301369863,,,24|2.0
rebalance_entry_pair,crypto,top10_sharpe|crypto,,13,0.1780821917808219,,,24|2.5
rebalance_entry_pair,crypto,top10_sharpe|crypto,,10,0.136986301369863,,,24|3.0
rebalance_entry_pair,crypto,top10_sharpe|crypto,,1,0.0136986301369863,,,336|2.0
rebalance_entry_pair,crypto,top10_sharpe|crypto,,1,0.0136986301369863,,,72|1.0
rebalance_entry_pair,crypto,top10_sharpe|crypto,,3,0.0410958904109589,,,72|1.5
rebalance_entry_pair,crypto,top10_sharpe|crypto,,4,0.0547945205479452,,,72|2.0
rebalance_entry_pair,crypto,top10_sharpe|crypto,,8,0.1095890410958904,,,72|2.5
rebalance_entry_pair,crypto,top10_sharpe|crypto,,4,0.0547945205479452,,,72|3.0
full_combo,crypto,top10_sharpe|crypto,,1,0.0136986301369863,,,168|1.0|0.0
full_combo,crypto,top10_sharpe|crypto,,1,0.0136986301369863,,,168|1.5|0.0
full_combo,crypto,top10_sharpe|crypto,,1,0.0136986301369863,,,168|2.0|1.0
full_combo,crypto,top10_sharpe|crypto,,2,0.0273972602739726,,,168|2.5|0.0
full_combo,crypto,top10_sharpe|crypto,,1,0.0136986301369863,,,168|2.5|0.25
full_combo,crypto,top10_sharpe|crypto,,1,0.0136986301369863,,,168|3.0|0.0
full_combo,crypto,top10_sharpe|crypto,,1,0.0136986301369863,,,168|3.0|0.25
full_combo,crypto,top10_sharpe|crypto,,3,0.0410958904109589,,,24|1.0|0.0
full_combo,crypto,top10_sharpe|crypto,,1,0.0136986301369863,,,24|1.0|0.5
full_combo,crypto,top10_sharpe|crypto,,4,0.0547945205479452,,,24|1.5|0.0
full_combo,crypto,top10_sharpe|crypto,,2,0.0273972602739726,,,24|1.5|0.25
full_combo,crypto,top10_sharpe|crypto,,1,0.0136986301369863,,,24|1.5|0.5
full_combo,crypto,top10_sharpe|crypto,,4,0.0547945205479452,,,24|2.0|0.0
full_combo,crypto,top10_sharpe|crypto,,2,0.0273972602739726,,,24|2.0|0.25
full_combo,crypto,top10_sharpe|crypto,,3,0.0410958904109589,,,24|2.0|0.5
full_combo,crypto,top10_sharpe|crypto,,1,0.0136986301369863,,,24|2.0|0.75
full_combo,crypto,top10_sharpe|crypto,,5,0.0684931506849315,,,24|2.5|0.0
full_combo,crypto,top10_sharpe|crypto,,3,0.0410958904109589,,,24|2.5|0.25
full_combo,crypto,top10_sharpe|crypto,,2,0.0273972602739726,,,24|2.5|0.5
full_combo,crypto,top10_sharpe|crypto,,2,0.0273972602739726,,,24|2.5|0.75
full_combo,crypto,top10_sharpe|crypto,,1,0.0136986301369863,,,24|2.5|1.0
full_combo,crypto,top10_sharpe|crypto,,3,0.0410958904109589,,,24|3.0|0.0
full_combo,crypto,top10_sharpe|crypto,,2,0.0273972602739726,,,24|3.0|0.25
full_combo,crypto,top10_sharpe|crypto,,2,0.0273972602739726,,,24|3.0|0.5
full_combo,crypto,top10_sharpe|crypto,,2,0.0273972602739726,,,24|3.0|0.75
full_combo,crypto,top10_sharpe|crypto,,1,0.0136986301369863,,,24|3.0|1.0
full_combo,crypto,top10_sharpe|crypto,,1,0.0136986301369863,,,336|2.0|0.0
full_combo,crypto,top10_sharpe|crypto,,1,0.0136986301369863,,,72|1.0|0.0
full_combo,crypto,top10_sharpe|crypto,,2,0.0273972602739726,,,72|1.5|0.0
full_combo,crypto,top10_sharpe|crypto,,1,0.0136986301369863,,,72|1.5|0.25
full_combo,crypto,top10_sharpe|crypto,,3,0.0410958904109589,,,72|2.0|0.0
full_combo,crypto,top10_sharpe|crypto,,1,0.0136986301369863,,,72|2.0|0.5
full_combo,crypto,top10_sharpe|crypto,,3,0.0410958904109589,,,72|2.5|0.0
full_combo,crypto,top10_sharpe|crypto,,2,0.0273972602739726,,,72|2.5|0.25
full_combo,crypto,top10_sharpe|crypto,,2,0.0273972602739726,,,72|2.5|0.75
full_combo,crypto,top10_sharpe|crypto,,1,0.0136986301369863,,,72|2.5|1.0
full_combo,crypto,top10_sharpe|crypto,,2,0.0273972602739726,,,72|3.0|0.0
full_combo,crypto,top10_sharpe|crypto,,1,0.0136986301369863,,,72|3.0|0.25
full_combo,crypto,top10_sharpe|crypto,,1,0.0136986301369863,,,72|3.0|0.5
rebalance_frequency,russia,top10_sharpe|russia,5.0,28,0.5384615384615384,,,
rebalance_frequency,russia,top10_sharpe|russia,10.0,16,0.3076923076923077,,,
rebalance_frequency,russia,top10_sharpe|russia,21.0,5,0.09615384615384616,,,
rebalance_frequency,russia,top10_sharpe|russia,63.0,3,0.057692307692307696,,,
entry_z,russia,top10_sharpe|russia,,2,0.038461538461538464,1.0,,
entry_z,russia,top10_sharpe|russia,,4,0.07692307692307693,1.5,,
entry_z,russia,top10_sharpe|russia,,19,0.36538461538461536,2.0,,
entry_z,russia,top10_sharpe|russia,,17,0.3269230769230769,2.5,,
entry_z,russia,top10_sharpe|russia,,10,0.19230769230769232,3.0,,
exit_z,russia,top10_sharpe|russia,,22,0.4230769230769231,,0.0,
exit_z,russia,top10_sharpe|russia,,11,0.21153846153846154,,0.25,
exit_z,russia,top10_sharpe|russia,,7,0.1346153846153846,,0.5,
exit_z,russia,top10_sharpe|russia,,6,0.11538461538461539,,0.75,
exit_z,russia,top10_sharpe|russia,,6,0.11538461538461539,,1.0,
entry_exit_pair,russia,top10_sharpe|russia,,2,0.038461538461538464,,,1.0|0.0
entry_exit_pair,russia,top10_sharpe|russia,,4,0.07692307692307693,,,1.5|0.0
entry_exit_pair,russia,top10_sharpe|russia,,9,0.17307692307692307,,,2.0|0.0
entry_exit_pair,russia,top10_sharpe|russia,,5,0.09615384615384616,,,2.0|0.25
entry_exit_pair,russia,top10_sharpe|russia,,2,0.038461538461538464,,,2.0|0.5
entry_exit_pair,russia,top10_sharpe|russia,,2,0.038461538461538464,,,2.0|0.75
entry_exit_pair,russia,top10_sharpe|russia,,1,0.019230769230769232,,,2.0|1.0
entry_exit_pair,russia,top10_sharpe|russia,,5,0.09615384615384616,,,2.5|0.0
entry_exit_pair,russia,top10_sharpe|russia,,4,0.07692307692307693,,,2.5|0.25
entry_exit_pair,russia,top10_sharpe|russia,,3,0.057692307692307696,,,2.5|0.5
entry_exit_pair,russia,top10_sharpe|russia,,2,0.038461538461538464,,,2.5|0.75
entry_exit_pair,russia,top10_sharpe|russia,,3,0.057692307692307696,,,2.5|1.0
entry_exit_pair,russia,top10_sharpe|russia,,2,0.038461538461538464,,,3.0|0.0
entry_exit_pair,russia,top10_sharpe|russia,,2,0.038461538461538464,,,3.0|0.25
entry_exit_pair,russia,top10_sharpe|russia,,2,0.038461538461538464,,,3.0|0.5
entry_exit_pair,russia,top10_sharpe|russia,,2,0.038461538461538464,,,3.0|0.75
entry_exit_pair,russia,top10_sharpe|russia,,2,0.038461538461538464,,,3.0|1.0
rebalance_entry_pair,russia,top10_sharpe|russia,,1,0.019230769230769232,,,10|1.5
rebalance_entry_pair,russia,top10_sharpe|russia,,5,0.09615384615384616,,,10|2.0
rebalance_entry_pair,russia,top10_sharpe|russia,,5,0.09615384615384616,,,10|2.5
rebalance_entry_pair,russia,top10_sharpe|russia,,5,0.09615384615384616,,,10|3.0
rebalance_entry_pair,russia,top10_sharpe|russia,,1,0.019230769230769232,,,21|1.0
rebalance_entry_pair,russia,top10_sharpe|russia,,1,0.019230769230769232,,,21|1.5
rebalance_entry_pair,russia,top10_sharpe|russia,,2,0.038461538461538464,,,21|2.0
rebalance_entry_pair,russia,top10_sharpe|russia,,1,0.019230769230769232,,,21|2.5
rebalance_entry_pair,russia,top10_sharpe|russia,,1,0.019230769230769232,,,5|1.0
rebalance_entry_pair,russia,top10_sharpe|russia,,1,0.019230769230769232,,,5|1.5
rebalance_entry_pair,russia,top10_sharpe|russia,,11,0.21153846153846154,,,5|2.0
rebalance_entry_pair,russia,top10_sharpe|russia,,10,0.19230769230769232,,,5|2.5
rebalance_entry_pair,russia,top10_sharpe|russia,,5,0.09615384615384616,,,5|3.0
rebalance_entry_pair,russia,top10_sharpe|russia,,1,0.019230769230769232,,,63|1.5
rebalance_entry_pair,russia,top10_sharpe|russia,,1,0.019230769230769232,,,63|2.0
rebalance_entry_pair,russia,top10_sharpe|russia,,1,0.019230769230769232,,,63|2.5
full_combo,russia,top10_sharpe|russia,,1,0.019230769230769232,,,10|1.5|0.0
full_combo,russia,top10_sharpe|russia,,2,0.038461538461538464,,,10|2.0|0.0
full_combo,russia,top10_sharpe|russia,,2,0.038461538461538464,,,10|2.0|0.25
full_combo,russia,top10_sharpe|russia,,1,0.019230769230769232,,,10|2.0|0.5
full_combo,russia,top10_sharpe|russia,,1,0.019230769230769232,,,10|2.5|0.0
full_combo,russia,top10_sharpe|russia,,1,0.019230769230769232,,,10|2.5|0.25
full_combo,russia,top10_sharpe|russia,,1,0.019230769230769232,,,10|2.5|0.5
full_combo,russia,top10_sharpe|russia,,1,0.019230769230769232,,,10|2.5|0.75
full_combo,russia,top10_sharpe|russia,,1,0.019230769230769232,,,10|2.5|1.0
full_combo,russia,top10_sharpe|russia,,1,0.019230769230769232,,,10|3.0|0.0
full_combo,russia,top10_sharpe|russia,,1,0.019230769230769232,,,10|3.0|0.25
full_combo,russia,top10_sharpe|russia,,1,0.019230769230769232,,,10|3.0|0.5
full_combo,russia,top10_sharpe|russia,,1,0.019230769230769232,,,10|3.0|0.75
full_combo,russia,top10_sharpe|russia,,1,0.019230769230769232,,,10|3.0|1.0
full_combo,russia,top10_sharpe|russia,,1,0.019230769230769232,,,21|1.0|0.0
full_combo,russia,top10_sharpe|russia,,1,0.019230769230769232,,,21|1.5|0.0
full_combo,russia,top10_sharpe|russia,,2,0.038461538461538464,,,21|2.0|0.0
full_combo,russia,top10_sharpe|russia,,1,0.019230769230769232,,,21|2.5|0.25
full_combo,russia,top10_sharpe|russia,,1,0.019230769230769232,,,5|1.0|0.0
full_combo,russia,top10_sharpe|russia,,1,0.019230769230769232,,,5|1.5|0.0
full_combo,russia,top10_sharpe|russia,,4,0.07692307692307693,,,5|2.0|0.0
full_combo,russia,top10_sharpe|russia,,3,0.057692307692307696,,,5|2.0|0.25
full_combo,russia,top10_sharpe|russia,,1,0.019230769230769232,,,5|2.0|0.5
full_combo,russia,top10_sharpe|russia,,2,0.038461538461538464,,,5|2.0|0.75
full_combo,russia,top10_sharpe|russia,,1,0.019230769230769232,,,5|2.0|1.0
full_combo,russia,top10_sharpe|russia,,3,0.057692307692307696,,,5|2.5|0.0
full_combo,russia,top10_sharpe|russia,,2,0.038461538461538464,,,5|2.5|0.25
full_combo,russia,top10_sharpe|russia,,2,0.038461538461538464,,,5|2.5|0.5
full_combo,russia,top10_sharpe|russia,,1,0.019230769230769232,,,5|2.5|0.75
full_combo,russia,top10_sharpe|russia,,2,0.038461538461538464,,,5|2.5|1.0
full_combo,russia,top10_sharpe|russia,,1,0.019230769230769232,,,5|3.0|0.0
full_combo,russia,top10_sharpe|russia,,1,0.019230769230769232,,,5|3.0|0.25
full_combo,russia,top10_sharpe|russia,,1,0.019230769230769232,,,5|3.0|0.5
full_combo,russia,top10_sharpe|russia,,1,0.019230769230769232,,,5|3.0|0.75
full_combo,russia,top10_sharpe|russia,,1,0.019230769230769232,,,5|3.0|1.0
full_combo,russia,top10_sharpe|russia,,1,0.019230769230769232,,,63|1.5|0.0
full_combo,russia,top10_sharpe|russia,,1,0.019230769230769232,,,63|2.0|0.0
full_combo,russia,top10_sharpe|russia,,1,0.019230769230769232,,,63|2.5|0.0
rebalance_frequency,usa,top10_sharpe|usa,5.0,4,0.21052631578947367,,,
rebalance_frequency,usa,top10_sharpe|usa,10.0,7,0.3684210526315789,,,
rebalance_frequency,usa,top10_sharpe|usa,21.0,8,0.42105263157894735,,,
entry_z,usa,top10_sharpe|usa,,2,0.10526315789473684,1.0,,
entry_z,usa,top10_sharpe|usa,,5,0.2631578947368421,1.5,,
entry_z,usa,top10_sharpe|usa,,2,0.10526315789473684,2.0,,
entry_z,usa,top10_sharpe|usa,,2,0.10526315789473684,2.5,,
entry_z,usa,top10_sharpe|usa,,8,0.42105263157894735,3.0,,
exit_z,usa,top10_sharpe|usa,,4,0.21052631578947367,,0.0,
exit_z,usa,top10_sharpe|usa,,7,0.3684210526315789,,0.25,
exit_z,usa,top10_sharpe|usa,,3,0.15789473684210525,,0.5,
exit_z,usa,top10_sharpe|usa,,4,0.21052631578947367,,0.75,
exit_z,usa,top10_sharpe|usa,,1,0.05263157894736842,,1.0,
entry_exit_pair,usa,top10_sharpe|usa,,2,0.10526315789473684,,,1.0|0.25
entry_exit_pair,usa,top10_sharpe|usa,,1,0.05263157894736842,,,1.5|0.0
entry_exit_pair,usa,top10_sharpe|usa,,3,0.15789473684210525,,,1.5|0.25
entry_exit_pair,usa,top10_sharpe|usa,,1,0.05263157894736842,,,1.5|0.5
entry_exit_pair,usa,top10_sharpe|usa,,1,0.05263157894736842,,,2.0|0.0
entry_exit_pair,usa,top10_sharpe|usa,,1,0.05263157894736842,,,2.0|0.25
entry_exit_pair,usa,top10_sharpe|usa,,2,0.10526315789473684,,,2.5|0.0
entry_exit_pair,usa,top10_sharpe|usa,,1,0.05263157894736842,,,3.0|0.25
entry_exit_pair,usa,top10_sharpe|usa,,2,0.10526315789473684,,,3.0|0.5
entry_exit_pair,usa,top10_sharpe|usa,,4,0.21052631578947367,,,3.0|0.75
entry_exit_pair,usa,top10_sharpe|usa,,1,0.05263157894736842,,,3.0|1.0
rebalance_entry_pair,usa,top10_sharpe|usa,,1,0.05263157894736842,,,10|1.0
rebalance_entry_pair,usa,top10_sharpe|usa,,1,0.05263157894736842,,,10|1.5
rebalance_entry_pair,usa,top10_sharpe|usa,,1,0.05263157894736842,,,10|2.5
rebalance_entry_pair,usa,top10_sharpe|usa,,4,0.21052631578947367,,,10|3.0
rebalance_entry_pair,usa,top10_sharpe|usa,,3,0.15789473684210525,,,21|1.5
rebalance_entry_pair,usa,top10_sharpe|usa,,1,0.05263157894736842,,,21|2.0
rebalance_entry_pair,usa,top10_sharpe|usa,,1,0.05263157894736842,,,21|2.5
rebalance_entry_pair,usa,top10_sharpe|usa,,3,0.15789473684210525,,,21|3.0
rebalance_entry_pair,usa,top10_sharpe|usa,,1,0.05263157894736842,,,5|1.0
rebalance_entry_pair,usa,top10_sharpe|usa,,1,0.05263157894736842,,,5|1.5
rebalance_entry_pair,usa,top10_sharpe|usa,,1,0.05263157894736842,,,5|2.0
rebalance_entry_pair,usa,top10_sharpe|usa,,1,0.05263157894736842,,,5|3.0
full_combo,usa,top10_sharpe|usa,,1,0.05263157894736842,,,10|1.0|0.25
full_combo,usa,top10_sharpe|usa,,1,0.05263157894736842,,,10|1.5|0.25
full_combo,usa,top10_sharpe|usa,,1,0.05263157894736842,,,10|2.5|0.0
full_combo,usa,top10_sharpe|usa,,1,0.05263157894736842,,,10|3.0|0.25
full_combo,usa,top10_sharpe|usa,,1,0.05263157894736842,,,10|3.0|0.5
full_combo,usa,top10_sharpe|usa,,1,0.05263157894736842,,,10|3.0|0.75
full_combo,usa,top10_sharpe|usa,,1,0.05263157894736842,,,10|3.0|1.0
full_combo,usa,top10_sharpe|usa,,1,0.05263157894736842,,,21|1.5|0.0
full_combo,usa,top10_sharpe|usa,,1,0.05263157894736842,,,21|1.5|0.25
full_combo,usa,top10_sharpe|usa,,1,0.05263157894736842,,,21|1.5|0.5
full_combo,usa,top10_sharpe|usa,,1,0.05263157894736842,,,21|2.0|0.25
full_combo,usa,top10_sharpe|usa,,1,0.05263157894736842,,,21|2.5|0.0
full_combo,usa,top10_sharpe|usa,,1,0.05263157894736842,,,21|3.0|0.5
full_combo,usa,top10_sharpe|usa,,2,0.10526315789473684,,,21|3.0|0.75
full_combo,usa,top10_sharpe|usa,,1,0.05263157894736842,,,5|1.0|0.25
full_combo,usa,top10_sharpe|usa,,1,0.05263157894736842,,,5|1.5|0.25
full_combo,usa,top10_sharpe|usa,,1,0.05263157894736842,,,5|2.0|0.0
full_combo,usa,top10_sharpe|usa,,1,0.05263157894736842,,,5|3.0|0.75
rebalance_frequency,crypto,top20_sharpe|crypto,24.0,56,0.47058823529411764,,,
rebalance_frequency,crypto,top20_sharpe|crypto,72.0,44,0.3697478991596639,,,
rebalance_frequency,crypto,top20_sharpe|crypto,168.0,15,0.12605042016806722,,,
rebalance_frequency,crypto,top20_sharpe|crypto,336.0,4,0.03361344537815126,,,
entry_z,crypto,top20_sharpe|crypto,,11,0.09243697478991597,1.0,,
entry_z,crypto,top20_sharpe|crypto,,22,0.18487394957983194,1.5,,
entry_z,crypto,top20_sharpe|crypto,,27,0.226890756302521,2.0,,
entry_z,crypto,top20_sharpe|crypto,,33,0.2773109243697479,2.5,,
entry_z,crypto,top20_sharpe|crypto,,26,0.2184873949579832,3.0,,
exit_z,crypto,top20_sharpe|crypto,,51,0.42857142857142855,,0.0,
exit_z,crypto,top20_sharpe|crypto,,24,0.20168067226890757,,0.25,
exit_z,crypto,top20_sharpe|crypto,,20,0.16806722689075632,,0.5,
exit_z,crypto,top20_sharpe|crypto,,12,0.10084033613445378,,0.75,
exit_z,crypto,top20_sharpe|crypto,,12,0.10084033613445378,,1.0,
entry_exit_pair,crypto,top20_sharpe|crypto,,9,0.07563025210084033,,,1.0|0.0
entry_exit_pair,crypto,top20_sharpe|crypto,,1,0.008403361344537815,,,1.0|0.25
entry_exit_pair,crypto,top20_sharpe|crypto,,1,0.008403361344537815,,,1.0|0.5
entry_exit_pair,crypto,top20_sharpe|crypto,,10,0.08403361344537816,,,1.5|0.0
entry_exit_pair,crypto,top20_sharpe|crypto,,6,0.05042016806722689,,,1.5|0.25
entry_exit_pair,crypto,top20_sharpe|crypto,,3,0.025210084033613446,,,1.5|0.5
entry_exit_pair,crypto,top20_sharpe|crypto,,1,0.008403361344537815,,,1.5|0.75
entry_exit_pair,crypto,top20_sharpe|crypto,,2,0.01680672268907563,,,1.5|1.0
entry_exit_pair,crypto,top20_sharpe|crypto,,12,0.10084033613445378,,,2.0|0.0
entry_exit_pair,crypto,top20_sharpe|crypto,,5,0.04201680672268908,,,2.0|0.25
entry_exit_pair,crypto,top20_sharpe|crypto,,4,0.03361344537815126,,,2.0|0.5
entry_exit_pair,crypto,top20_sharpe|crypto,,3,0.025210084033613446,,,2.0|0.75
entry_exit_pair,crypto,top20_sharpe|crypto,,3,0.025210084033613446,,,2.0|1.0
entry_exit_pair,crypto,top20_sharpe|crypto,,13,0.1092436974789916,,,2.5|0.0
entry_exit_pair,crypto,top20_sharpe|crypto,,6,0.05042016806722689,,,2.5|0.25
entry_exit_pair,crypto,top20_sharpe|crypto,,6,0.05042016806722689,,,2.5|0.5
entry_exit_pair,crypto,top20_sharpe|crypto,,4,0.03361344537815126,,,2.5|0.75
entry_exit_pair,crypto,top20_sharpe|crypto,,4,0.03361344537815126,,,2.5|1.0
entry_exit_pair,crypto,top20_sharpe|crypto,,7,0.058823529411764705,,,3.0|0.0
entry_exit_pair,crypto,top20_sharpe|crypto,,6,0.05042016806722689,,,3.0|0.25
entry_exit_pair,crypto,top20_sharpe|crypto,,6,0.05042016806722689,,,3.0|0.5
entry_exit_pair,crypto,top20_sharpe|crypto,,4,0.03361344537815126,,,3.0|0.75
entry_exit_pair,crypto,top20_sharpe|crypto,,3,0.025210084033613446,,,3.0|1.0
rebalance_entry_pair,crypto,top20_sharpe|crypto,,1,0.008403361344537815,,,168|1.0
rebalance_entry_pair,crypto,top20_sharpe|crypto,,3,0.025210084033613446,,,168|1.5
rebalance_entry_pair,crypto,top20_sharpe|crypto,,4,0.03361344537815126,,,168|2.0
rebalance_entry_pair,crypto,top20_sharpe|crypto,,5,0.04201680672268908,,,168|2.5
rebalance_entry_pair,crypto,top20_sharpe|crypto,,2,0.01680672268907563,,,168|3.0
rebalance_entry_pair,crypto,top20_sharpe|crypto,,5,0.04201680672268908,,,24|1.0
rebalance_entry_pair,crypto,top20_sharpe|crypto,,11,0.09243697478991597,,,24|1.5
rebalance_entry_pair,crypto,top20_sharpe|crypto,,13,0.1092436974789916,,,24|2.0
rebalance_entry_pair,crypto,top20_sharpe|crypto,,14,0.11764705882352941,,,24|2.5
rebalance_entry_pair,crypto,top20_sharpe|crypto,,13,0.1092436974789916,,,24|3.0
rebalance_entry_pair,crypto,top20_sharpe|crypto,,1,0.008403361344537815,,,336|1.0
rebalance_entry_pair,crypto,top20_sharpe|crypto,,1,0.008403361344537815,,,336|2.0
rebalance_entry_pair,crypto,top20_sharpe|crypto,,2,0.01680672268907563,,,336|2.5
rebalance_entry_pair,crypto,top20_sharpe|crypto,,4,0.03361344537815126,,,72|1.0
rebalance_entry_pair,crypto,top20_sharpe|crypto,,8,0.06722689075630252,,,72|1.5
rebalance_entry_pair,crypto,top20_sharpe|crypto,,9,0.07563025210084033,,,72|2.0
rebalance_entry_pair,crypto,top20_sharpe|crypto,,12,0.10084033613445378,,,72|2.5
rebalance_entry_pair,crypto,top20_sharpe|crypto,,11,0.09243697478991597,,,72|3.0
full_combo,crypto,top20_sharpe|crypto,,1,0.008403361344537815,,,168|1.0|0.0
full_combo,crypto,top20_sharpe|crypto,,2,0.01680672268907563,,,168|1.5|0.0
full_combo,crypto,top20_sharpe|crypto,,1,0.008403361344537815,,,168|1.5|1.0
full_combo,crypto,top20_sharpe|crypto,,2,0.01680672268907563,,,168|2.0|0.0
full_combo,crypto,top20_sharpe|crypto,,1,0.008403361344537815,,,168|2.0|0.75
full_combo,crypto,top20_sharpe|crypto,,1,0.008403361344537815,,,168|2.0|1.0
full_combo,crypto,top20_sharpe|crypto,,2,0.01680672268907563,,,168|2.5|0.0
full_combo,crypto,top20_sharpe|crypto,,1,0.008403361344537815,,,168|2.5|0.25
full_combo,crypto,top20_sharpe|crypto,,1,0.008403361344537815,,,168|2.5|0.5
full_combo,crypto,top20_sharpe|crypto,,1,0.008403361344537815,,,168|2.5|1.0
full_combo,crypto,top20_sharpe|crypto,,1,0.008403361344537815,,,168|3.0|0.0
full_combo,crypto,top20_sharpe|crypto,,1,0.008403361344537815,,,168|3.0|0.25
full_combo,crypto,top20_sharpe|crypto,,3,0.025210084033613446,,,24|1.0|0.0
full_combo,crypto,top20_sharpe|crypto,,1,0.008403361344537815,,,24|1.0|0.25
full_combo,crypto,top20_sharpe|crypto,,1,0.008403361344537815,,,24|1.0|0.5
full_combo,crypto,top20_sharpe|crypto,,4,0.03361344537815126,,,24|1.5|0.0
full_combo,crypto,top20_sharpe|crypto,,4,0.03361344537815126,,,24|1.5|0.25
full_combo,crypto,top20_sharpe|crypto,,2,0.01680672268907563,,,24|1.5|0.5
full_combo,crypto,top20_sharpe|crypto,,1,0.008403361344537815,,,24|1.5|0.75
full_combo,crypto,top20_sharpe|crypto,,5,0.04201680672268908,,,24|2.0|0.0
full_combo,crypto,top20_sharpe|crypto,,3,0.025210084033613446,,,24|2.0|0.25
full_combo,crypto,top20_sharpe|crypto,,3,0.025210084033613446,,,24|2.0|0.5
full_combo,crypto,top20_sharpe|crypto,,1,0.008403361344537815,,,24|2.0|0.75
full_combo,crypto,top20_sharpe|crypto,,1,0.008403361344537815,,,24|2.0|1.0
full_combo,crypto,top20_sharpe|crypto,,5,0.04201680672268908,,,24|2.5|0.0
full_combo,crypto,top20_sharpe|crypto,,3,0.025210084033613446,,,24|2.5|0.25
full_combo,crypto,top20_sharpe|crypto,,3,0.025210084033613446,,,24|2.5|0.5
full_combo,crypto,top20_sharpe|crypto,,2,0.01680672268907563,,,24|2.5|0.75
full_combo,crypto,top20_sharpe|crypto,,1,0.008403361344537815,,,24|2.5|1.0
full_combo,crypto,top20_sharpe|crypto,,3,0.025210084033613446,,,24|3.0|0.0
full_combo,crypto,top20_sharpe|crypto,,3,0.025210084033613446,,,24|3.0|0.25
full_combo,crypto,top20_sharpe|crypto,,3,0.025210084033613446,,,24|3.0|0.5
full_combo,crypto,top20_sharpe|crypto,,2,0.01680672268907563,,,24|3.0|0.75
full_combo,crypto,top20_sharpe|crypto,,2,0.01680672268907563,,,24|3.0|1.0
full_combo,crypto,top20_sharpe|crypto,,1,0.008403361344537815,,,336|1.0|0.0
full_combo,crypto,top20_sharpe|crypto,,1,0.008403361344537815,,,336|2.0|0.0
full_combo,crypto,top20_sharpe|crypto,,2,0.01680672268907563,,,336|2.5|0.0
full_combo,crypto,top20_sharpe|crypto,,4,0.03361344537815126,,,72|1.0|0.0
full_combo,crypto,top20_sharpe|crypto,,4,0.03361344537815126,,,72|1.5|0.0
full_combo,crypto,top20_sharpe|crypto,,2,0.01680672268907563,,,72|1.5|0.25
full_combo,crypto,top20_sharpe|crypto,,1,0.008403361344537815,,,72|1.5|0.5
full_combo,crypto,top20_sharpe|crypto,,1,0.008403361344537815,,,72|1.5|1.0
full_combo,crypto,top20_sharpe|crypto,,4,0.03361344537815126,,,72|2.0|0.0
full_combo,crypto,top20_sharpe|crypto,,2,0.01680672268907563,,,72|2.0|0.25
full_combo,crypto,top20_sharpe|crypto,,1,0.008403361344537815,,,72|2.0|0.5
full_combo,crypto,top20_sharpe|crypto,,1,0.008403361344537815,,,72|2.0|0.75
full_combo,crypto,top20_sharpe|crypto,,1,0.008403361344537815,,,72|2.0|1.0
full_combo,crypto,top20_sharpe|crypto,,4,0.03361344537815126,,,72|2.5|0.0
full_combo,crypto,top20_sharpe|crypto,,2,0.01680672268907563,,,72|2.5|0.25
full_combo,crypto,top20_sharpe|crypto,,2,0.01680672268907563,,,72|2.5|0.5
full_combo,crypto,top20_sharpe|crypto,,2,0.01680672268907563,,,72|2.5|0.75
full_combo,crypto,top20_sharpe|crypto,,2,0.01680672268907563,,,72|2.5|1.0
full_combo,crypto,top20_sharpe|crypto,,3,0.025210084033613446,,,72|3.0|0.0
full_combo,crypto,top20_sharpe|crypto,,2,0.01680672268907563,,,72|3.0|0.25
full_combo,crypto,top20_sharpe|crypto,,3,0.025210084033613446,,,72|3.0|0.5
full_combo,crypto,top20_sharpe|crypto,,2,0.01680672268907563,,,72|3.0|0.75
full_combo,crypto,top20_sharpe|crypto,,1,0.008403361344537815,,,72|3.0|1.0
rebalance_frequency,russia,top20_sharpe|russia,5.0,48,0.45714285714285713,,,
rebalance_frequency,russia,top20_sharpe|russia,10.0,37,0.3523809523809524,,,
rebalance_frequency,russia,top20_sharpe|russia,21.0,16,0.1523809523809524,,,
rebalance_frequency,russia,top20_sharpe|russia,63.0,4,0.0380952380952381,,,
entry_z,russia,top20_sharpe|russia,,14,0.13333333333333333,1.0,,
entry_z,russia,top20_sharpe|russia,,11,0.10476190476190476,1.5,,
entry_z,russia,top20_sharpe|russia,,36,0.34285714285714286,2.0,,
entry_z,russia,top20_sharpe|russia,,32,0.3047619047619048,2.5,,
entry_z,russia,top20_sharpe|russia,,12,0.11428571428571428,3.0,,
exit_z,russia,top20_sharpe|russia,,37,0.3523809523809524,,0.0,
exit_z,russia,top20_sharpe|russia,,29,0.2761904761904762,,0.25,
exit_z,russia,top20_sharpe|russia,,20,0.19047619047619047,,0.5,
exit_z,russia,top20_sharpe|russia,,11,0.10476190476190476,,0.75,
exit_z,russia,top20_sharpe|russia,,8,0.0761904761904762,,1.0,
entry_exit_pair,russia,top20_sharpe|russia,,6,0.05714285714285714,,,1.0|0.0
entry_exit_pair,russia,top20_sharpe|russia,,6,0.05714285714285714,,,1.0|0.25
entry_exit_pair,russia,top20_sharpe|russia,,1,0.009523809523809525,,,1.0|0.5
entry_exit_pair,russia,top20_sharpe|russia,,1,0.009523809523809525,,,1.0|0.75
entry_exit_pair,russia,top20_sharpe|russia,,6,0.05714285714285714,,,1.5|0.0
entry_exit_pair,russia,top20_sharpe|russia,,3,0.02857142857142857,,,1.5|0.25
entry_exit_pair,russia,top20_sharpe|russia,,2,0.01904761904761905,,,1.5|0.5
entry_exit_pair,russia,top20_sharpe|russia,,12,0.11428571428571428,,,2.0|0.0
entry_exit_pair,russia,top20_sharpe|russia,,9,0.08571428571428572,,,2.0|0.25
entry_exit_pair,russia,top20_sharpe|russia,,8,0.0761904761904762,,,2.0|0.5
entry_exit_pair,russia,top20_sharpe|russia,,4,0.0380952380952381,,,2.0|0.75
entry_exit_pair,russia,top20_sharpe|russia,,3,0.02857142857142857,,,2.0|1.0
entry_exit_pair,russia,top20_sharpe|russia,,11,0.10476190476190476,,,2.5|0.0
entry_exit_pair,russia,top20_sharpe|russia,,8,0.0761904761904762,,,2.5|0.25
entry_exit_pair,russia,top20_sharpe|russia,,6,0.05714285714285714,,,2.5|0.5
entry_exit_pair,russia,top20_sharpe|russia,,4,0.0380952380952381,,,2.5|0.75
entry_exit_pair,russia,top20_sharpe|russia,,3,0.02857142857142857,,,2.5|1.0
entry_exit_pair,russia,top20_sharpe|russia,,2,0.01904761904761905,,,3.0|0.0
entry_exit_pair,russia,top20_sharpe|russia,,3,0.02857142857142857,,,3.0|0.25
entry_exit_pair,russia,top20_sharpe|russia,,3,0.02857142857142857,,,3.0|0.5
entry_exit_pair,russia,top20_sharpe|russia,,2,0.01904761904761905,,,3.0|0.75
entry_exit_pair,russia,top20_sharpe|russia,,2,0.01904761904761905,,,3.0|1.0
rebalance_entry_pair,russia,top20_sharpe|russia,,6,0.05714285714285714,,,10|1.0
rebalance_entry_pair,russia,top20_sharpe|russia,,3,0.02857142857142857,,,10|1.5
rebalance_entry_pair,russia,top20_sharpe|russia,,13,0.12380952380952381,,,10|2.0
rebalance_entry_pair,russia,top20_sharpe|russia,,10,0.09523809523809523,,,10|2.5
rebalance_entry_pair,russia,top20_sharpe|russia,,5,0.047619047619047616,,,10|3.0
rebalance_entry_pair,russia,top20_sharpe|russia,,3,0.02857142857142857,,,21|1.0
rebalance_entry_pair,russia,top20_sharpe|russia,,1,0.009523809523809525,,,21|1.5
rebalance_entry_pair,russia,top20_sharpe|russia,,7,0.06666666666666667,,,21|2.0
rebalance_entry_pair,russia,top20_sharpe|russia,,5,0.047619047619047616,,,21|2.5
rebalance_entry_pair,russia,top20_sharpe|russia,,4,0.0380952380952381,,,5|1.0
rebalance_entry_pair,russia,top20_sharpe|russia,,6,0.05714285714285714,,,5|1.5
rebalance_entry_pair,russia,top20_sharpe|russia,,15,0.14285714285714285,,,5|2.0
rebalance_entry_pair,russia,top20_sharpe|russia,,16,0.1523809523809524,,,5|2.5
rebalance_entry_pair,russia,top20_sharpe|russia,,7,0.06666666666666667,,,5|3.0
rebalance_entry_pair,russia,top20_sharpe|russia,,1,0.009523809523809525,,,63|1.0
rebalance_entry_pair,russia,top20_sharpe|russia,,1,0.009523809523809525,,,63|1.5
rebalance_entry_pair,russia,top20_sharpe|russia,,1,0.009523809523809525,,,63|2.0
rebalance_entry_pair,russia,top20_sharpe|russia,,1,0.009523809523809525,,,63|2.5
full_combo,russia,top20_sharpe|russia,,1,0.009523809523809525,,,10|1.0|0.0
full_combo,russia,top20_sharpe|russia,,3,0.02857142857142857,,,10|1.0|0.25
full_combo,russia,top20_sharpe|russia,,1,0.009523809523809525,,,10|1.0|0.5
full_combo,russia,top20_sharpe|russia,,1,0.009523809523809525,,,10|1.0|0.75
full_combo,russia,top20_sharpe|russia,,2,0.01904761904761905,,,10|1.5|0.0
full_combo,russia,top20_sharpe|russia,,1,0.009523809523809525,,,10|1.5|0.5
full_combo,russia,top20_sharpe|russia,,4,0.0380952380952381,,,10|2.0|0.0
full_combo,russia,top20_sharpe|russia,,3,0.02857142857142857,,,10|2.0|0.25
full_combo,russia,top20_sharpe|russia,,3,0.02857142857142857,,,10|2.0|0.5
full_combo,russia,top20_sharpe|russia,,2,0.01904761904761905,,,10|2.0|0.75
full_combo,russia,top20_sharpe|russia,,1,0.009523809523809525,,,10|2.0|1.0
full_combo,russia,top20_sharpe|russia,,3,0.02857142857142857,,,10|2.5|0.0
full_combo,russia,top20_sharpe|russia,,3,0.02857142857142857,,,10|2.5|0.25
full_combo,russia,top20_sharpe|russia,,2,0.01904761904761905,,,10|2.5|0.5
full_combo,russia,top20_sharpe|russia,,1,0.009523809523809525,,,10|2.5|0.75
full_combo,russia,top20_sharpe|russia,,1,0.009523809523809525,,,10|2.5|1.0
full_combo,russia,top20_sharpe|russia,,1,0.009523809523809525,,,10|3.0|0.0
full_combo,russia,top20_sharpe|russia,,1,0.009523809523809525,,,10|3.0|0.25
full_combo,russia,top20_sharpe|russia,,1,0.009523809523809525,,,10|3.0|0.5
full_combo,russia,top20_sharpe|russia,,1,0.009523809523809525,,,10|3.0|0.75
full_combo,russia,top20_sharpe|russia,,1,0.009523809523809525,,,10|3.0|1.0
full_combo,russia,top20_sharpe|russia,,2,0.01904761904761905,,,21|1.0|0.0
full_combo,russia,top20_sharpe|russia,,1,0.009523809523809525,,,21|1.0|0.25
full_combo,russia,top20_sharpe|russia,,1,0.009523809523809525,,,21|1.5|0.0
full_combo,russia,top20_sharpe|russia,,3,0.02857142857142857,,,21|2.0|0.0
full_combo,russia,top20_sharpe|russia,,3,0.02857142857142857,,,21|2.0|0.25
full_combo,russia,top20_sharpe|russia,,1,0.009523809523809525,,,21|2.0|0.5
full_combo,russia,top20_sharpe|russia,,2,0.01904761904761905,,,21|2.5|0.0
full_combo,russia,top20_sharpe|russia,,1,0.009523809523809525,,,21|2.5|0.25
full_combo,russia,top20_sharpe|russia,,1,0.009523809523809525,,,21|2.5|0.5
full_combo,russia,top20_sharpe|russia,,1,0.009523809523809525,,,21|2.5|0.75
full_combo,russia,top20_sharpe|russia,,2,0.01904761904761905,,,5|1.0|0.0
full_combo,russia,top20_sharpe|russia,,2,0.01904761904761905,,,5|1.0|0.25
full_combo,russia,top20_sharpe|russia,,2,0.01904761904761905,,,5|1.5|0.0
full_combo,russia,top20_sharpe|russia,,3,0.02857142857142857,,,5|1.5|0.25
full_combo,russia,top20_sharpe|russia,,1,0.009523809523809525,,,5|1.5|0.5
full_combo,russia,top20_sharpe|russia,,4,0.0380952380952381,,,5|2.0|0.0
full_combo,russia,top20_sharpe|russia,,3,0.02857142857142857,,,5|2.0|0.25
full_combo,russia,top20_sharpe|russia,,4,0.0380952380952381,,,5|2.0|0.5
full_combo,russia,top20_sharpe|russia,,2,0.01904761904761905,,,5|2.0|0.75
full_combo,russia,top20_sharpe|russia,,2,0.01904761904761905,,,5|2.0|1.0
full_combo,russia,top20_sharpe|russia,,5,0.047619047619047616,,,5|2.5|0.0
full_combo,russia,top20_sharpe|russia,,4,0.0380952380952381,,,5|2.5|0.25
full_combo,russia,top20_sharpe|russia,,3,0.02857142857142857,,,5|2.5|0.5
full_combo,russia,top20_sharpe|russia,,2,0.01904761904761905,,,5|2.5|0.75
full_combo,russia,top20_sharpe|russia,,2,0.01904761904761905,,,5|2.5|1.0
full_combo,russia,top20_sharpe|russia,,1,0.009523809523809525,,,5|3.0|0.0
full_combo,russia,top20_sharpe|russia,,2,0.01904761904761905,,,5|3.0|0.25
full_combo,russia,top20_sharpe|russia,,2,0.01904761904761905,,,5|3.0|0.5
full_combo,russia,top20_sharpe|russia,,1,0.009523809523809525,,,5|3.0|0.75
full_combo,russia,top20_sharpe|russia,,1,0.009523809523809525,,,5|3.0|1.0
full_combo,russia,top20_sharpe|russia,,1,0.009523809523809525,,,63|1.0|0.0
full_combo,russia,top20_sharpe|russia,,1,0.009523809523809525,,,63|1.5|0.0
full_combo,russia,top20_sharpe|russia,,1,0.009523809523809525,,,63|2.0|0.0
full_combo,russia,top20_sharpe|russia,,1,0.009523809523809525,,,63|2.5|0.0
rebalance_frequency,usa,top20_sharpe|usa,5.0,24,0.375,,,
rebalance_frequency,usa,top20_sharpe|usa,10.0,18,0.28125,,,
rebalance_frequency,usa,top20_sharpe|usa,21.0,21,0.328125,,,
rebalance_frequency,usa,top20_sharpe|usa,63.0,1,0.015625,,,
entry_z,usa,top20_sharpe|usa,,10,0.15625,1.0,,
entry_z,usa,top20_sharpe|usa,,17,0.265625,1.5,,
entry_z,usa,top20_sharpe|usa,,8,0.125,2.0,,
entry_z,usa,top20_sharpe|usa,,11,0.171875,2.5,,
entry_z,usa,top20_sharpe|usa,,18,0.28125,3.0,,
exit_z,usa,top20_sharpe|usa,,17,0.265625,,0.0,
exit_z,usa,top20_sharpe|usa,,16,0.25,,0.25,
exit_z,usa,top20_sharpe|usa,,10,0.15625,,0.5,
exit_z,usa,top20_sharpe|usa,,14,0.21875,,0.75,
exit_z,usa,top20_sharpe|usa,,7,0.109375,,1.0,
entry_exit_pair,usa,top20_sharpe|usa,,2,0.03125,,,1.0|0.0
entry_exit_pair,usa,top20_sharpe|usa,,3,0.046875,,,1.0|0.25
entry_exit_pair,usa,top20_sharpe|usa,,2,0.03125,,,1.0|0.5
entry_exit_pair,usa,top20_sharpe|usa,,3,0.046875,,,1.0|0.75
entry_exit_pair,usa,top20_sharpe|usa,,4,0.0625,,,1.5|0.0
entry_exit_pair,usa,top20_sharpe|usa,,4,0.0625,,,1.5|0.25
entry_exit_pair,usa,top20_sharpe|usa,,3,0.046875,,,1.5|0.5
entry_exit_pair,usa,top20_sharpe|usa,,3,0.046875,,,1.5|0.75
entry_exit_pair,usa,top20_sharpe|usa,,3,0.046875,,,1.5|1.0
entry_exit_pair,usa,top20_sharpe|usa,,4,0.0625,,,2.0|0.0
entry_exit_pair,usa,top20_sharpe|usa,,2,0.03125,,,2.0|0.25
entry_exit_pair,usa,top20_sharpe|usa,,1,0.015625,,,2.0|0.5
entry_exit_pair,usa,top20_sharpe|usa,,1,0.015625,,,2.0|0.75
entry_exit_pair,usa,top20_sharpe|usa,,5,0.078125,,,2.5|0.0
entry_exit_pair,usa,top20_sharpe|usa,,3,0.046875,,,2.5|0.25
entry_exit_pair,usa,top20_sharpe|usa,,1,0.015625,,,2.5|0.5
entry_exit_pair,usa,top20_sharpe|usa,,2,0.03125,,,2.5|0.75
entry_exit_pair,usa,top20_sharpe|usa,,2,0.03125,,,3.0|0.0
entry_exit_pair,usa,top20_sharpe|usa,,4,0.0625,,,3.0|0.25
entry_exit_pair,usa,top20_sharpe|usa,,3,0.046875,,,3.0|0.5
entry_exit_pair,usa,top20_sharpe|usa,,5,0.078125,,,3.0|0.75
entry_exit_pair,usa,top20_sharpe|usa,,4,0.0625,,,3.0|1.0
rebalance_entry_pair,usa,top20_sharpe|usa,,4,0.0625,,,10|1.0
rebalance_entry_pair,usa,top20_sharpe|usa,,5,0.078125,,,10|1.5
rebalance_entry_pair,usa,top20_sharpe|usa,,3,0.046875,,,10|2.0
rebalance_entry_pair,usa,top20_sharpe|usa,,1,0.015625,,,10|2.5
rebalance_entry_pair,usa,top20_sharpe|usa,,5,0.078125,,,10|3.0
rebalance_entry_pair,usa,top20_sharpe|usa,,3,0.046875,,,21|1.0
rebalance_entry_pair,usa,top20_sharpe|usa,,5,0.078125,,,21|1.5
rebalance_entry_pair,usa,top20_sharpe|usa,,3,0.046875,,,21|2.0
rebalance_entry_pair,usa,top20_sharpe|usa,,5,0.078125,,,21|2.5
rebalance_entry_pair,usa,top20_sharpe|usa,,5,0.078125,,,21|3.0
rebalance_entry_pair,usa,top20_sharpe|usa,,3,0.046875,,,5|1.0
rebalance_entry_pair,usa,top20_sharpe|usa,,7,0.109375,,,5|1.5
rebalance_entry_pair,usa,top20_sharpe|usa,,2,0.03125,,,5|2.0
rebalance_entry_pair,usa,top20_sharpe|usa,,5,0.078125,,,5|2.5
rebalance_entry_pair,usa,top20_sharpe|usa,,7,0.109375,,,5|3.0
rebalance_entry_pair,usa,top20_sharpe|usa,,1,0.015625,,,63|3.0
full_combo,usa,top20_sharpe|usa,,1,0.015625,,,10|1.0|0.0
full_combo,usa,top20_sharpe|usa,,1,0.015625,,,10|1.0|0.25
full_combo,usa,top20_sharpe|usa,,1,0.015625,,,10|1.0|0.5
full_combo,usa,top20_sharpe|usa,,1,0.015625,,,10|1.0|0.75
full_combo,usa,top20_sharpe|usa,,1,0.015625,,,10|1.5|0.0
full_combo,usa,top20_sharpe|usa,,1,0.015625,,,10|1.5|0.25
full_combo,usa,top20_sharpe|usa,,1,0.015625,,,10|1.5|0.5
full_combo,usa,top20_sharpe|usa,,1,0.015625,,,10|1.5|0.75
full_combo,usa,top20_sharpe|usa,,1,0.015625,,,10|1.5|1.0
full_combo,usa,top20_sharpe|usa,,1,0.015625,,,10|2.0|0.0
full_combo,usa,top20_sharpe|usa,,1,0.015625,,,10|2.0|0.25
full_combo,usa,top20_sharpe|usa,,1,0.015625,,,10|2.0|0.75
full_combo,usa,top20_sharpe|usa,,1,0.015625,,,10|2.5|0.0
full_combo,usa,top20_sharpe|usa,,1,0.015625,,,10|3.0|0.0
full_combo,usa,top20_sharpe|usa,,1,0.015625,,,10|3.0|0.25
full_combo,usa,top20_sharpe|usa,,1,0.015625,,,10|3.0|0.5
full_combo,usa,top20_sharpe|usa,,1,0.015625,,,10|3.0|0.75
full_combo,usa,top20_sharpe|usa,,1,0.015625,,,10|3.0|1.0
full_combo,usa,top20_sharpe|usa,,1,0.015625,,,21|1.0|0.25
full_combo,usa,top20_sharpe|usa,,1,0.015625,,,21|1.0|0.5
full_combo,usa,top20_sharpe|usa,,1,0.015625,,,21|1.0|0.75
full_combo,usa,top20_sharpe|usa,,2,0.03125,,,21|1.5|0.0
full_combo,usa,top20_sharpe|usa,,1,0.015625,,,21|1.5|0.25
full_combo,usa,top20_sharpe|usa,,1,0.015625,,,21|1.5|0.5
full_combo,usa,top20_sharpe|usa,,1,0.015625,,,21|1.5|0.75
full_combo,usa,top20_sharpe|usa,,1,0.015625,,,21|2.0|0.0
full_combo,usa,top20_sharpe|usa,,1,0.015625,,,21|2.0|0.25
full_combo,usa,top20_sharpe|usa,,1,0.015625,,,21|2.0|0.5
full_combo,usa,top20_sharpe|usa,,2,0.03125,,,21|2.5|0.0
full_combo,usa,top20_sharpe|usa,,1,0.015625,,,21|2.5|0.25
full_combo,usa,top20_sharpe|usa,,1,0.015625,,,21|2.5|0.5
full_combo,usa,top20_sharpe|usa,,1,0.015625,,,21|2.5|0.75
full_combo,usa,top20_sharpe|usa,,1,0.015625,,,21|3.0|0.5
full_combo,usa,top20_sharpe|usa,,2,0.03125,,,21|3.0|0.75
full_combo,usa,top20_sharpe|usa,,2,0.03125,,,21|3.0|1.0
full_combo,usa,top20_sharpe|usa,,1,0.015625,,,5|1.0|0.0
full_combo,usa,top20_sharpe|usa,,1,0.015625,,,5|1.0|0.25
full_combo,usa,top20_sharpe|usa,,1,0.015625,,,5|1.0|0.75
full_combo,usa,top20_sharpe|usa,,1,0.015625,,,5|1.5|0.0
full_combo,usa,top20_sharpe|usa,,2,0.03125,,,5|1.5|0.25
full_combo,usa,top20_sharpe|usa,,1,0.015625,,,5|1.5|0.5
full_combo,usa,top20_sharpe|usa,,1,0.015625,,,5|1.5|0.75
full_combo,usa,top20_sharpe|usa,,2,0.03125,,,5|1.5|1.0
full_combo,usa,top20_sharpe|usa,,2,0.03125,,,5|2.0|0.0
full_combo,usa,top20_sharpe|usa,,2,0.03125,,,5|2.5|0.0
full_combo,usa,top20_sharpe|usa,,2,0.03125,,,5|2.5|0.25
full_combo,usa,top20_sharpe|usa,,1,0.015625,,,5|2.5|0.75
full_combo,usa,top20_sharpe|usa,,1,0.015625,,,5|3.0|0.0
full_combo,usa,top20_sharpe|usa,,2,0.03125,,,5|3.0|0.25
full_combo,usa,top20_sharpe|usa,,1,0.015625,,,5|3.0|0.5
full_combo,usa,top20_sharpe|usa,,2,0.03125,,,5|3.0|0.75
full_combo,usa,top20_sharpe|usa,,1,0.015625,,,5|3.0|1.0
full_combo,usa,top20_sharpe|usa,,1,0.015625,,,63|3.0|0.25
rebalance_frequency,crypto,top10_total_return|crypto,24.0,41,0.4823529411764706,,,
rebalance_frequency,crypto,top10_total_return|crypto,72.0,26,0.3058823529411765,,,
rebalance_frequency,crypto,top10_total_return|crypto,168.0,15,0.17647058823529413,,,
rebalance_frequency,crypto,top10_total_return|crypto,336.0,3,0.03529411764705882,,,
entry_z,crypto,top10_total_return|crypto,,10,0.11764705882352941,1.0,,
entry_z,crypto,top10_total_return|crypto,,18,0.21176470588235294,1.5,,
entry_z,crypto,top10_total_return|crypto,,26,0.3058823529411765,2.0,,
entry_z,crypto,top10_total_return|crypto,,20,0.23529411764705882,2.5,,
entry_z,crypto,top10_total_return|crypto,,11,0.12941176470588237,3.0,,
exit_z,crypto,top10_total_return|crypto,,46,0.5411764705882353,,0.0,
exit_z,crypto,top10_total_return|crypto,,19,0.2235294117647059,,0.25,
exit_z,crypto,top10_total_return|crypto,,13,0.15294117647058825,,0.5,
exit_z,crypto,top10_total_return|crypto,,6,0.07058823529411765,,0.75,
exit_z,crypto,top10_total_return|crypto,,1,0.011764705882352941,,1.0,
entry_exit_pair,crypto,top10_total_return|crypto,,5,0.058823529411764705,,,1.0|0.0
entry_exit_pair,crypto,top10_total_return|crypto,,4,0.047058823529411764,,,1.0|0.25
entry_exit_pair,crypto,top10_total_return|crypto,,1,0.011764705882352941,,,1.0|0.5
entry_exit_pair,crypto,top10_total_return|crypto,,7,0.08235294117647059,,,1.5|0.0
entry_exit_pair,crypto,top10_total_return|crypto,,5,0.058823529411764705,,,1.5|0.25
entry_exit_pair,crypto,top10_total_return|crypto,,5,0.058823529411764705,,,1.5|0.5
entry_exit_pair,crypto,top10_total_return|crypto,,1,0.011764705882352941,,,1.5|0.75
entry_exit_pair,crypto,top10_total_return|crypto,,12,0.1411764705882353,,,2.0|0.0
entry_exit_pair,crypto,top10_total_return|crypto,,5,0.058823529411764705,,,2.0|0.25
entry_exit_pair,crypto,top10_total_return|crypto,,4,0.047058823529411764,,,2.0|0.5
entry_exit_pair,crypto,top10_total_return|crypto,,4,0.047058823529411764,,,2.0|0.75
entry_exit_pair,crypto,top10_total_return|crypto,,1,0.011764705882352941,,,2.0|1.0
entry_exit_pair,crypto,top10_total_return|crypto,,13,0.15294117647058825,,,2.5|0.0
entry_exit_pair,crypto,top10_total_return|crypto,,3,0.03529411764705882,,,2.5|0.25
entry_exit_pair,crypto,top10_total_return|crypto,,3,0.03529411764705882,,,2.5|0.5
entry_exit_pair,crypto,top10_total_return|crypto,,1,0.011764705882352941,,,2.5|0.75
entry_exit_pair,crypto,top10_total_return|crypto,,9,0.10588235294117647,,,3.0|0.0
entry_exit_pair,crypto,top10_total_return|crypto,,2,0.023529411764705882,,,3.0|0.25
rebalance_entry_pair,crypto,top10_total_return|crypto,,2,0.023529411764705882,,,168|1.0
rebalance_entry_pair,crypto,top10_total_return|crypto,,3,0.03529411764705882,,,168|1.5
rebalance_entry_pair,crypto,top10_total_return|crypto,,6,0.07058823529411765,,,168|2.0
rebalance_entry_pair,crypto,top10_total_return|crypto,,3,0.03529411764705882,,,168|2.5
rebalance_entry_pair,crypto,top10_total_return|crypto,,1,0.011764705882352941,,,168|3.0
rebalance_entry_pair,crypto,top10_total_return|crypto,,5,0.058823529411764705,,,24|1.0
rebalance_entry_pair,crypto,top10_total_return|crypto,,8,0.09411764705882353,,,24|1.5
rebalance_entry_pair,crypto,top10_total_return|crypto,,12,0.1411764705882353,,,24|2.0
rebalance_entry_pair,crypto,top10_total_return|crypto,,10,0.11764705882352941,,,24|2.5
rebalance_entry_pair,crypto,top10_total_return|crypto,,6,0.07058823529411765,,,24|3.0
rebalance_entry_pair,crypto,top10_total_return|crypto,,1,0.011764705882352941,,,336|1.5
rebalance_entry_pair,crypto,top10_total_return|crypto,,1,0.011764705882352941,,,336|2.0
rebalance_entry_pair,crypto,top10_total_return|crypto,,1,0.011764705882352941,,,336|2.5
rebalance_entry_pair,crypto,top10_total_return|crypto,,3,0.03529411764705882,,,72|1.0
rebalance_entry_pair,crypto,top10_total_return|crypto,,6,0.07058823529411765,,,72|1.5
rebalance_entry_pair,crypto,top10_total_return|crypto,,7,0.08235294117647059,,,72|2.0
rebalance_entry_pair,crypto,top10_total_return|crypto,,6,0.07058823529411765,,,72|2.5
rebalance_entry_pair,crypto,top10_total_return|crypto,,4,0.047058823529411764,,,72|3.0
full_combo,crypto,top10_total_return|crypto,,1,0.011764705882352941,,,168|1.0|0.0
full_combo,crypto,top10_total_return|crypto,,1,0.011764705882352941,,,168|1.0|0.25
full_combo,crypto,top10_total_return|crypto,,1,0.011764705882352941,,,168|1.5|0.0
full_combo,crypto,top10_total_return|crypto,,1,0.011764705882352941,,,168|1.5|0.25
full_combo,crypto,top10_total_return|crypto,,1,0.011764705882352941,,,168|1.5|0.5
full_combo,crypto,top10_total_return|crypto,,3,0.03529411764705882,,,168|2.0|0.0
full_combo,crypto,top10_total_return|crypto,,1,0.011764705882352941,,,168|2.0|0.25
full_combo,crypto,top10_total_return|crypto,,1,0.011764705882352941,,,168|2.0|0.75
full_combo,crypto,top10_total_return|crypto,,1,0.011764705882352941,,,168|2.0|1.0
full_combo,crypto,top10_total_return|crypto,,2,0.023529411764705882,,,168|2.5|0.0
full_combo,crypto,top10_total_return|crypto,,1,0.011764705882352941,,,168|2.5|0.25
full_combo,crypto,top10_total_return|crypto,,1,0.011764705882352941,,,168|3.0|0.0
full_combo,crypto,top10_total_return|crypto,,2,0.023529411764705882,,,24|1.0|0.0
full_combo,crypto,top10_total_return|crypto,,2,0.023529411764705882,,,24|1.0|0.25
full_combo,crypto,top10_total_return|crypto,,1,0.011764705882352941,,,24|1.0|0.5
full_combo,crypto,top10_total_return|crypto,,3,0.03529411764705882,,,24|1.5|0.0
full_combo,crypto,top10_total_return|crypto,,2,0.023529411764705882,,,24|1.5|0.25
full_combo,crypto,top10_total_return|crypto,,2,0.023529411764705882,,,24|1.5|0.5
full_combo,crypto,top10_total_return|crypto,,1,0.011764705882352941,,,24|1.5|0.75
full_combo,crypto,top10_total_return|crypto,,4,0.047058823529411764,,,24|2.0|0.0
full_combo,crypto,top10_total_return|crypto,,3,0.03529411764705882,,,24|2.0|0.25
full_combo,crypto,top10_total_return|crypto,,3,0.03529411764705882,,,24|2.0|0.5
full_combo,crypto,top10_total_return|crypto,,2,0.023529411764705882,,,24|2.0|0.75
full_combo,crypto,top10_total_return|crypto,,5,0.058823529411764705,,,24|2.5|0.0
full_combo,crypto,top10_total_return|crypto,,2,0.023529411764705882,,,24|2.5|0.25
full_combo,crypto,top10_total_return|crypto,,2,0.023529411764705882,,,24|2.5|0.5
full_combo,crypto,top10_total_return|crypto,,1,0.011764705882352941,,,24|2.5|0.75
full_combo,crypto,top10_total_return|crypto,,4,0.047058823529411764,,,24|3.0|0.0
full_combo,crypto,top10_total_return|crypto,,2,0.023529411764705882,,,24|3.0|0.25
full_combo,crypto,top10_total_return|crypto,,1,0.011764705882352941,,,336|1.5|0.25
full_combo,crypto,top10_total_return|crypto,,1,0.011764705882352941,,,336|2.0|0.0
full_combo,crypto,top10_total_return|crypto,,1,0.011764705882352941,,,336|2.5|0.0
full_combo,crypto,top10_total_return|crypto,,2,0.023529411764705882,,,72|1.0|0.0
full_combo,crypto,top10_total_return|crypto,,1,0.011764705882352941,,,72|1.0|0.25
full_combo,crypto,top10_total_return|crypto,,3,0.03529411764705882,,,72|1.5|0.0
full_combo,crypto,top10_total_return|crypto,,1,0.011764705882352941,,,72|1.5|0.25
full_combo,crypto,top10_total_return|crypto,,2,0.023529411764705882,,,72|1.5|0.5
full_combo,crypto,top10_total_return|crypto,,4,0.047058823529411764,,,72|2.0|0.0
full_combo,crypto,top10_total_return|crypto,,1,0.011764705882352941,,,72|2.0|0.25
full_combo,crypto,top10_total_return|crypto,,1,0.011764705882352941,,,72|2.0|0.5
full_combo,crypto,top10_total_return|crypto,,1,0.011764705882352941,,,72|2.0|0.75
full_combo,crypto,top10_total_return|crypto,,5,0.058823529411764705,,,72|2.5|0.0
full_combo,crypto,top10_total_return|crypto,,1,0.011764705882352941,,,72|2.5|0.5
full_combo,crypto,top10_total_return|crypto,,4,0.047058823529411764,,,72|3.0|0.0
rebalance_frequency,russia,top10_total_return|russia,5.0,18,0.4,,,
rebalance_frequency,russia,top10_total_return|russia,10.0,13,0.28888888888888886,,,
rebalance_frequency,russia,top10_total_return|russia,21.0,9,0.2,,,
rebalance_frequency,russia,top10_total_return|russia,63.0,5,0.1111111111111111,,,
entry_z,russia,top10_total_return|russia,,7,0.15555555555555556,1.0,,
entry_z,russia,top10_total_return|russia,,10,0.2222222222222222,1.5,,
entry_z,russia,top10_total_return|russia,,14,0.3111111111111111,2.0,,
entry_z,russia,top10_total_return|russia,,11,0.24444444444444444,2.5,,
entry_z,russia,top10_total_return|russia,,3,0.06666666666666667,3.0,,
exit_z,russia,top10_total_return|russia,,38,0.8444444444444444,,0.0,
exit_z,russia,top10_total_return|russia,,7,0.15555555555555556,,0.25,
entry_exit_pair,russia,top10_total_return|russia,,6,0.13333333333333333,,,1.0|0.0
entry_exit_pair,russia,top10_total_return|russia,,1,0.022222222222222223,,,1.0|0.25
entry_exit_pair,russia,top10_total_return|russia,,9,0.2,,,1.5|0.0
entry_exit_pair,russia,top10_total_return|russia,,1,0.022222222222222223,,,1.5|0.25
entry_exit_pair,russia,top10_total_return|russia,,11,0.24444444444444444,,,2.0|0.0
entry_exit_pair,russia,top10_total_return|russia,,3,0.06666666666666667,,,2.0|0.25
entry_exit_pair,russia,top10_total_return|russia,,9,0.2,,,2.5|0.0
entry_exit_pair,russia,top10_total_return|russia,,2,0.044444444444444446,,,2.5|0.25
entry_exit_pair,russia,top10_total_return|russia,,3,0.06666666666666667,,,3.0|0.0
rebalance_entry_pair,russia,top10_total_return|russia,,3,0.06666666666666667,,,10|1.0
rebalance_entry_pair,russia,top10_total_return|russia,,2,0.044444444444444446,,,10|1.5
rebalance_entry_pair,russia,top10_total_return|russia,,4,0.08888888888888889,,,10|2.0
rebalance_entry_pair,russia,top10_total_return|russia,,3,0.06666666666666667,,,10|2.5
rebalance_entry_pair,russia,top10_total_return|russia,,1,0.022222222222222223,,,10|3.0
rebalance_entry_pair,russia,top10_total_return|russia,,1,0.022222222222222223,,,21|1.0
rebalance_entry_pair,russia,top10_total_return|russia,,3,0.06666666666666667,,,21|1.5
rebalance_entry_pair,russia,top10_total_return|russia,,3,0.06666666666666667,,,21|2.0
rebalance_entry_pair,russia,top10_total_return|russia,,2,0.044444444444444446,,,21|2.5
rebalance_entry_pair,russia,top10_total_return|russia,,2,0.044444444444444446,,,5|1.0
rebalance_entry_pair,russia,top10_total_return|russia,,4,0.08888888888888889,,,5|1.5
rebalance_entry_pair,russia,top10_total_return|russia,,6,0.13333333333333333,,,5|2.0
rebalance_entry_pair,russia,top10_total_return|russia,,5,0.1111111111111111,,,5|2.5
rebalance_entry_pair,russia,top10_total_return|russia,,1,0.022222222222222223,,,5|3.0
rebalance_entry_pair,russia,top10_total_return|russia,,1,0.022222222222222223,,,63|1.0
rebalance_entry_pair,russia,top10_total_return|russia,,1,0.022222222222222223,,,63|1.5
rebalance_entry_pair,russia,top10_total_return|russia,,1,0.022222222222222223,,,63|2.0
rebalance_entry_pair,russia,top10_total_return|russia,,1,0.022222222222222223,,,63|2.5
rebalance_entry_pair,russia,top10_total_return|russia,,1,0.022222222222222223,,,63|3.0
full_combo,russia,top10_total_return|russia,,2,0.044444444444444446,,,10|1.0|0.0
full_combo,russia,top10_total_return|russia,,1,0.022222222222222223,,,10|1.0|0.25
full_combo,russia,top10_total_return|russia,,2,0.044444444444444446,,,10|1.5|0.0
full_combo,russia,top10_total_return|russia,,3,0.06666666666666667,,,10|2.0|0.0
full_combo,russia,top10_total_return|russia,,1,0.022222222222222223,,,10|2.0|0.25
full_combo,russia,top10_total_return|russia,,2,0.044444444444444446,,,10|2.5|0.0
full_combo,russia,top10_total_return|russia,,1,0.022222222222222223,,,10|2.5|0.25
full_combo,russia,top10_total_return|russia,,1,0.022222222222222223,,,10|3.0|0.0
full_combo,russia,top10_total_return|russia,,1,0.022222222222222223,,,21|1.0|0.0
full_combo,russia,top10_total_return|russia,,3,0.06666666666666667,,,21|1.5|0.0
full_combo,russia,top10_total_return|russia,,3,0.06666666666666667,,,21|2.0|0.0
full_combo,russia,top10_total_return|russia,,2,0.044444444444444446,,,21|2.5|0.0
full_combo,russia,top10_total_return|russia,,2,0.044444444444444446,,,5|1.0|0.0
full_combo,russia,top10_total_return|russia,,3,0.06666666666666667,,,5|1.5|0.0
full_combo,russia,top10_total_return|russia,,1,0.022222222222222223,,,5|1.5|0.25
full_combo,russia,top10_total_return|russia,,4,0.08888888888888889,,,5|2.0|0.0
full_combo,russia,top10_total_return|russia,,2,0.044444444444444446,,,5|2.0|0.25
full_combo,russia,top10_total_return|russia,,4,0.08888888888888889,,,5|2.5|0.0
full_combo,russia,top10_total_return|russia,,1,0.022222222222222223,,,5|2.5|0.25
full_combo,russia,top10_total_return|russia,,1,0.022222222222222223,,,5|3.0|0.0
full_combo,russia,top10_total_return|russia,,1,0.022222222222222223,,,63|1.0|0.0
full_combo,russia,top10_total_return|russia,,1,0.022222222222222223,,,63|1.5|0.0
full_combo,russia,top10_total_return|russia,,1,0.022222222222222223,,,63|2.0|0.0
full_combo,russia,top10_total_return|russia,,1,0.022222222222222223,,,63|2.5|0.0
full_combo,russia,top10_total_return|russia,,1,0.022222222222222223,,,63|3.0|0.0
rebalance_frequency,usa,top10_total_return|usa,5.0,3,0.21428571428571427,,,
rebalance_frequency,usa,top10_total_return|usa,10.0,5,0.35714285714285715,,,
rebalance_frequency,usa,top10_total_return|usa,21.0,6,0.42857142857142855,,,
entry_z,usa,top10_total_return|usa,,7,0.5,1.0,,
entry_z,usa,top10_total_return|usa,,6,0.42857142857142855,1.5,,
entry_z,usa,top10_total_return|usa,,1,0.07142857142857142,2.0,,
exit_z,usa,top10_total_return|usa,,3,0.21428571428571427,,0.0,
exit_z,usa,top10_total_return|usa,,7,0.5,,0.25,
exit_z,usa,top10_total_return|usa,,4,0.2857142857142857,,0.5,
entry_exit_pair,usa,top10_total_return|usa,,2,0.14285714285714285,,,1.0|0.0
entry_exit_pair,usa,top10_total_return|usa,,3,0.21428571428571427,,,1.0|0.25
entry_exit_pair,usa,top10_total_return|usa,,2,0.14285714285714285,,,1.0|0.5
entry_exit_pair,usa,top10_total_return|usa,,1,0.07142857142857142,,,1.5|0.0
entry_exit_pair,usa,top10_total_return|usa,,3,0.21428571428571427,,,1.5|0.25
entry_exit_pair,usa,top10_total_return|usa,,2,0.14285714285714285,,,1.5|0.5
entry_exit_pair,usa,top10_total_return|usa,,1,0.07142857142857142,,,2.0|0.25
rebalance_entry_pair,usa,top10_total_return|usa,,3,0.21428571428571427,,,10|1.0
rebalance_entry_pair,usa,top10_total_return|usa,,2,0.14285714285714285,,,10|1.5
rebalance_entry_pair,usa,top10_total_return|usa,,2,0.14285714285714285,,,21|1.0
rebalance_entry_pair,usa,top10_total_return|usa,,3,0.21428571428571427,,,21|1.5
rebalance_entry_pair,usa,top10_total_return|usa,,1,0.07142857142857142,,,21|2.0
rebalance_entry_pair,usa,top10_total_return|usa,,2,0.14285714285714285,,,5|1.0
rebalance_entry_pair,usa,top10_total_return|usa,,1,0.07142857142857142,,,5|1.5
full_combo,usa,top10_total_return|usa,,1,0.07142857142857142,,,10|1.0|0.0
full_combo,usa,top10_total_return|usa,,1,0.07142857142857142,,,10|1.0|0.25
full_combo,usa,top10_total_return|usa,,1,0.07142857142857142,,,10|1.0|0.5
full_combo,usa,top10_total_return|usa,,1,0.07142857142857142,,,10|1.5|0.25
full_combo,usa,top10_total_return|usa,,1,0.07142857142857142,,,10|1.5|0.5
full_combo,usa,top10_total_return|usa,,1,0.07142857142857142,,,21|1.0|0.25
full_combo,usa,top10_total_return|usa,,1,0.07142857142857142,,,21|1.0|0.5
full_combo,usa,top10_total_return|usa,,1,0.07142857142857142,,,21|1.5|0.0
full_combo,usa,top10_total_return|usa,,1,0.07142857142857142,,,21|1.5|0.25
full_combo,usa,top10_total_return|usa,,1,0.07142857142857142,,,21|1.5|0.5
full_combo,usa,top10_total_return|usa,,1,0.07142857142857142,,,21|2.0|0.25
full_combo,usa,top10_total_return|usa,,1,0.07142857142857142,,,5|1.0|0.0
full_combo,usa,top10_total_return|usa,,1,0.07142857142857142,,,5|1.0|0.25
full_combo,usa,top10_total_return|usa,,1,0.07142857142857142,,,5|1.5|0.25
