rebalance_entry_exit,n_rows_total,n_distinct_targets_top10_sharpe,n_distinct_markets_top10_sharpe,n_distinct_market_target_pairs_top10_sharpe,mean_rank_sharpe,median_rank_sharpe,mean_rank_total_return,median_max_drawdown,median_turnover,median_sharpe_ratio,median_total_return
24|3.0|0.0,5,3,1,3,320.6,24.0,137.0,-0.6324460501127946,0.0018579363216772,1.39302907699304,15.531720064283334
24|2.0|0.0,5,5,1,5,42.8,30.0,50.2,-0.7716813463477967,0.0045568332942188,1.331827719867584,29.81320284426439
24|2.5|0.0,5,5,1,5,48.8,39.0,31.4,-0.7471087368486078,0.0030516431924882,1.2755864040656957,46.04396174506575
24|1.5|0.0,5,3,1,3,90.4,40.0,81.8,-0.6516354720624946,0.0059539052496798,1.269699028094213,41.06810053297187
24|3.0|0.5,5,3,1,3,234.2,51.0,376.4,-0.5086720796002073,0.0036376437455996,1.210430747484113,4.918635165161585
24|3.0|0.25,5,3,1,3,137.4,55.0,278.8,-0.5343073684391175,0.0035594148478447,1.1976733811912044,10.160211602102676
24|2.5|0.25,5,3,1,3,141.6,81.0,247.6,-0.6415951146764847,0.0051239928029414,1.1013702389697513,9.586361849839964
72|2.0|0.0,5,3,1,3,128.0,114.0,83.6,-0.7874910004567408,0.0042830321520769,1.0091594611447414,22.102316810711784
72|1.5|0.0,5,3,1,3,203.0,134.0,106.0,-0.6542564178727992,0.0056520378627865,0.9739313520586764,14.775215067820527
72|3.0|0.0,5,3,1,3,279.4,136.0,74.8,-0.6984848053970318,0.0018970507705546,0.969777061674121,19.223173449273176
24|2.0|0.5,5,3,1,3,220.6,142.0,314.8,-0.544691513250958,0.0077055464288508,0.9591370816513508,11.762764256781333
168|2.0|0.0,5,1,1,1,287.0,159.0,97.4,-0.8469747153575751,0.004009231009935,0.9249663200187584,24.518802315934003
24|2.5|0.5,5,2,1,2,166.4,168.0,286.8,-0.5179927134907796,0.0054369083939607,0.9169527786126171,8.575737772992827
5|2.0|0.0,10,5,2,5,310.9,182.5,362.4,-0.2983604034371829,0.0243255196815568,0.9119706289469568,4.057550796500525
24|3.0|0.75,5,2,1,2,385.2,178.0,575.4,-0.5129806517122879,0.003676758194477,0.9055943596583602,3.5674360637586364
24|2.0|0.25,5,2,1,2,138.8,191.0,236.2,-0.6181732152261827,0.0069995731967562,0.89627643349524,14.081187114801306
72|2.5|0.25,5,1,1,1,368.2,201.0,325.8,-0.6124060601750088,0.0050457639051865,0.8828273317374054,6.353218707906953
72|2.5|0.0,5,2,1,2,213.2,221.0,63.6,-0.7835853198791993,0.0030547722806118,0.8576109757190169,36.11593619994449
24|1.5|0.25,5,2,1,2,207.2,224.0,260.4,-0.6711992782171246,0.0099871959026888,0.8552047752968378,8.330730419602565
5|2.5|0.0,10,3,1,3,353.5,230.5,381.5,-0.3571550926994685,0.01612752698231815,0.8515937017755814,7.24936186974853
72|3.0|0.5,5,1,1,1,375.4,250.0,472.0,-0.5704923988578263,0.0035203003989673,0.8249304282491732,4.133693111125021
72|2.5|0.5,5,1,1,1,391.2,254.0,379.6,-0.6332590894392136,0.0054369083939607,0.819501777277932,4.767445342909192
72|1.0|0.0,5,0,0,0,436.6,259.0,266.8,-0.7462175300534069,0.0077544219430915,0.8179960441775281,6.519569164333889
5|2.5|0.25,10,2,1,2,428.6,269.5,615.5,-0.22401047323482196,0.0258331363821056,0.808822283068543,3.248486710430427
72|2.5|0.75,5,1,1,1,440.8,273.0,471.6,-0.5647283447260699,0.0057107095361026,0.8066278813814598,4.207802031673393
24|1.0|0.0,5,2,1,2,414.6,277.0,248.6,-0.7506485504201823,0.0083118203864507,0.8042461716211978,11.655747126488846
24|1.5|0.5,5,1,1,1,364.8,281.0,377.6,-0.6711992782171241,0.011651728553137,0.8006176706609955,6.924255547607655
10|2.0|0.0,10,1,1,1,313.6,290.0,323.9,-0.33523377274442956,0.0254988913525498,0.7906217078743396,5.664005321769648
336|2.5|0.0,5,1,1,1,624.6,318.0,374.2,-0.7695899236886954,0.0030704842368771,0.7671712962840952,10.99350100300767
72|3.0|0.25,5,1,1,1,284.0,321.0,370.6,-0.5783804994275972,0.0034420715012125,0.7657712976330229,5.103406024861181
5|1.5|0.25,10,1,1,1,369.8,324.0,493.5,-0.28788980506249506,0.048780487804878,0.7625005373518952,4.123472196125951
5|3.0|0.5,10,1,1,1,546.3,345.5,868.9,-0.20479905042001734,0.01589061345158905,0.7413090726158031,1.3060731126521796
72|3.0|0.75,5,1,1,1,471.6,356.0,612.2,-0.4873955921246669,0.0035985292967222,0.7333769519509987,3.1733611893503246
24|3.0|1.0,5,2,1,2,485.0,359.0,710.8,-0.5042658222694429,0.003676758194477,0.7319249911263264,2.532229305608954
72|2.0|0.25,5,0,0,0,442.8,363.0,368.4,-0.674949460921014,0.006664957703153,0.731178044882087,6.9075527742264855
24|2.5|0.75,5,2,1,2,305.6,365.0,423.8,-0.5348488330046617,0.0057107095361026,0.7285503764826831,5.401494884388083
72|2.5|1.0,5,1,1,1,506.0,368.0,578.0,-0.4886295762045185,0.0059062817804897,0.7270265241190973,2.5763624563115353
24|2.0|0.75,5,1,1,1,426.2,369.0,464.4,-0.5749971065755207,0.0083313776108894,0.726431983069136,8.16774373566031
5|2.0|0.5,10,1,1,1,453.1,374.0,637.2,-0.23115873130471992,0.0398583520232693,0.7241933449739816,2.217671479541709
5|2.5|0.5,10,2,1,2,475.3,378.5,731.5,-0.21394000734443863,0.0258331363821056,0.7203889507909453,2.352579715071615
21|2.0|0.0,10,2,1,2,426.8,388.0,380.5,-0.36617738430334246,0.023883237505528503,0.7144089166984662,7.0920812604022405
21|2.5|0.0,10,1,1,1,504.1,401.5,415.0,-0.37062720074700384,0.01568524480628985,0.708682291184944,7.747679272329494
72|1.5|0.5,5,0,0,0,508.2,395.0,419.0,-0.6664831078336917,0.0112364351021105,0.7069980073668081,6.071438782681532
10|2.5|0.0,10,1,1,1,556.7,402.5,494.3,-0.3626338620253523,0.0157579778322812,0.7039263752412208,4.297029637025146
5|1.5|0.0,10,1,1,1,431.6,405.0,425.5,-0.3059008449060048,0.0314116777531411,0.7024278599340983,4.936691262037406
24|1.0|0.25,5,0,0,0,411.4,418.0,312.4,-0.7406853389973196,0.014319248826291,0.6924670120991605,4.530565087069442
5|1.5|0.5,10,0,0,0,432.4,419.0,569.6,-0.27205983437534725,0.05498927310450375,0.6924443018244878,2.872224254928798
5|3.0|0.25,10,1,1,1,523.6,431.5,785.5,-0.22267807551940835,0.01589061345158905,0.6832771481241924,1.7701164906742288
24|2.5|1.0,5,1,1,1,446.0,431.0,584.4,-0.4846577151603456,0.0059845106782445,0.6823500474802197,2.7612417380792724
10|2.0|0.25,10,2,1,2,412.2,439.5,526.1,-0.264703048670205,0.0361687445429799,0.678114367393727,3.813063972705285
10|2.0|0.5,10,1,1,1,450.6,441.5,600.4,-0.254332297687654,0.03945243636023665,0.6772046369968473,2.9501979692359424
5|2.0|0.25,10,3,1,3,383.0,438.0,542.8,-0.2543205142213303,0.0382346893711388,0.6769306617793311,3.0184866367338
21|2.0|0.25,10,0,0,0,509.9,448.5,568.1,-0.30231572473809365,0.03583556190593865,0.6675101359668476,4.2600860243857595
5|1.0|0.5,10,0,0,0,567.2,462.0,615.7,-0.2856288666666054,0.07964397102054725,0.6612197927730921,3.2795290445445953
10|1.0|0.0,10,0,0,0,564.0,469.0,471.0,-0.36523381275764777,0.040280857354028046,0.6610973281558414,4.239255713736003
21|2.0|0.5,10,0,0,0,581.8,480.0,662.4,-0.2684945242434552,0.03705330889503655,0.6524158906766322,2.423361061089829
21|1.5|0.0,10,2,2,2,461.0,483.0,387.0,-0.3565658058094864,0.031411677753141104,0.6477168856807143,5.484258200620569
5|1.0|0.25,10,0,0,0,502.5,486.5,541.1,-0.3299142425359972,0.06749992563252395,0.6461332509927111,4.8411041756624416
72|1.5|0.25,5,2,1,2,446.2,514.0,342.2,-0.5962732159625741,0.0100401606425702,0.6290872310715703,13.411290146155922
10|1.5|0.25,10,1,1,1,558.1,519.0,588.5,-0.31389859605418874,0.047766475011057,0.6287792312586467,3.249749636421998
21|2.5|0.25,10,1,1,1,559.8,519.5,656.1,-0.2999172548929304,0.02454265636701635,0.6261018794956044,3.1014687396442926
21|1.5|0.5,10,1,1,1,580.7,524.0,613.2,-0.3300934596422181,0.05081300813008125,0.6246838916600055,2.4937566946846936
72|2.0|0.5,5,0,0,0,515.8,527.0,466.0,-0.676883546899743,0.0072166158178831,0.6219215398013956,4.191391548965645
5|2.5|0.75,10,1,1,1,501.6,535.5,795.2,-0.20479905042001764,0.02609464838567,0.621743783604664,1.6118327395545748
21|2.5|0.5,10,0,0,0,625.7,535.5,776.9,-0.2685707690231308,0.0249445676274944,0.6171181140789761,1.9263689725253312
168|1.0|0.0,5,1,1,1,641.2,544.0,416.8,-0.6531526933430427,0.007591309554358,0.6143354126807825,5.7895517304124064
10|2.0|0.75,10,0,0,0,531.5,546.5,679.9,-0.26175365614373336,0.04170315576341395,0.6123875032837246,2.0130023969389654
5|2.0|0.75,10,1,1,1,541.1,553.5,726.6,-0.2275520706585906,0.041574279379157406,0.6085785864836093,2.3097723304617075
21|2.0|0.75,10,0,0,0,682.7,556.0,782.6,-0.2632086482407323,0.03880266075388025,0.6075323073754134,1.8816332074171591
5|1.0|0.0,10,1,1,1,545.1,564.0,498.7,-0.39716053813958185,0.04240294554045215,0.6051580983364895,3.9848443240547184
21|1.5|0.75,10,0,0,0,610.1,569.5,666.3,-0.3165107974024687,0.058348639957791895,0.6009743920924266,2.0246133622455784
10|1.5|0.75,10,0,0,0,610.7,566.5,686.0,-0.2865227164436118,0.059127864005912745,0.6006655405579904,2.4585817480994527
5|3.0|0.75,10,2,2,2,640.2,582.5,949.1,-0.18822132145821355,0.016091160469322498,0.5959169103891395,0.7963662746592665
10|1.5|0.0,10,1,1,1,504.4,579.5,439.0,-0.31766895776011717,0.03104212860310415,0.595644522693074,4.890863022961964
24|1.5|0.75,5,0,0,0,657.0,596.0,584.2,-0.6391335122896074,0.013486982501067,0.5865180929767236,3.5596148942654597
5|1.0|0.75,10,0,0,0,639.0,605.5,681.7,-0.2864372287672245,0.0967651618939091,0.5827099351845569,2.9181619561950827
5|2.5|1.0,10,1,1,1,603.8,611.0,884.7,-0.1975038942956181,0.02709019189423925,0.5795893923178577,1.2081351295404072
72|2.0|0.75,5,0,0,0,675.4,615.0,604.8,-0.5915978571837188,0.0078185080748526,0.5789340515941341,2.581050052095798
21|1.5|0.25,10,1,1,1,632.0,610.5,601.4,-0.3477171029644099,0.0456393200295639,0.5788741159525663,3.108171795784373
10|2.5|0.5,10,1,1,1,648.5,624.0,819.1,-0.22878731023429827,0.024948572030049,0.5742295006654466,1.7138496016552194
10|1.0|0.5,10,0,0,0,623.9,623.5,626.5,-0.33510409297310506,0.0779082668193896,0.5720567847402633,3.6004107318204284
5|1.5|0.75,10,0,0,0,595.5,622.5,702.8,-0.2500192945264227,0.059417978884867,0.5711642498630547,2.1153415129220603
10|1.5|0.5,10,0,0,0,562.5,633.5,622.7,-0.30133628446243294,0.0534019769653689,0.569264737729499,3.1147023699710443
10|3.0|0.25,10,2,2,2,685.2,638.5,873.9,-0.2808907498392642,0.0148370469672289,0.5645388501343628,1.6096038044344076
168|2.5|0.5,5,0,0,0,803.4,647.0,742.4,-0.554901269057785,0.0050848783540639,0.5588008720731249,1.8668867046047932
21|1.0|0.5,10,0,0,0,647.0,650.5,618.3,-0.3634400129333269,0.07298595713229855,0.5569673398214968,3.602456028627847
72|1.0|0.25,5,0,0,0,705.2,656.0,479.2,-0.7385295272598835,0.0142057592070409,0.5530125155831094,4.060507267080533
72|3.0|1.0,5,1,1,1,596.8,657.0,718.0,-0.4586179627329234,0.0036376437455996,0.5526937241527636,2.359339228188108
24|1.0|0.5,5,0,0,0,507.4,660.0,411.6,-0.6958420514656914,0.0190682938277399,0.5517997853222998,3.569151182837881
21|2.5|0.75,10,0,0,0,683.1,662.5,874.8,-0.255529742101472,0.02557562878109575,0.5505762044051887,1.3762105199170624
10|2.5|0.25,10,1,1,1,589.3,668.5,710.6,-0.2715391261017228,0.0247678018575851,0.5491868555180878,2.6157992203189573
10|3.0|0.5,10,2,2,2,676.1,689.0,928.8,-0.2287873102342983,0.0148370469672289,0.5394133324992165,1.3148336520787032
336|1.5|0.0,5,0,0,0,789.6,691.0,544.6,-0.905914872922748,0.0051826644762575,0.5384522898369364,7.359977159767244
21|1.0|0.0,10,0,0,0,651.9,692.0,490.7,-0.3889278121745286,0.0389208314904909,0.5381775360230217,5.150592482702725
21|1.0|0.75,10,0,0,0,733.0,693.0,701.3,-0.3480297297832149,0.09072431633407235,0.5381612311177564,2.750636183228614
10|3.0|0.75,10,2,2,2,727.4,691.0,978.3,-0.2287873102342984,0.015279329143257251,0.5368512433615638,1.1104626118422745
21|1.0|0.25,10,0,0,0,718.7,693.0,636.9,-0.36847017777939206,0.060421286031042104,0.5353489583415025,3.494654979271116
72|1.5|0.75,5,0,0,0,759.0,699.0,603.2,-0.6843784701974021,0.0129026745278988,0.5340025221249304,3.4896634809006386
21|3.0|0.25,10,0,0,0,746.9,707.0,881.0,-0.29574091769078037,0.01459719142645965,0.5293599743499537,1.3400664718803659
5|3.0|1.0,10,1,1,1,686.4,710.5,1003.0,-0.1864044816598474,0.016091160469322498,0.5280496945271137,0.6736907081627248
21|3.0|0.5,10,1,1,1,776.1,724.0,937.2,-0.2690524834603857,0.01509455456823875,0.5206309324457201,0.9807963224903571
10|1.0|0.75,10,0,0,0,664.1,728.5,673.4,-0.28307119816518467,0.0937638213180008,0.5178450985857364,2.7755636076586008
168|2.5|0.0,5,2,1,2,671.8,734.0,452.0,-0.8043851623459598,0.0027575686458577,0.5147681291127482,6.956174343814991
5|2.0|1.0,10,1,1,1,678.6,736.5,838.1,-0.22094342902828465,0.0437915742793791,0.5147303475948068,1.376091357387426
10|3.0|0.0,10,1,1,1,781.4,736.5,700.9,-0.3807953711032821,0.00963287637379605,0.5145017313638701,2.535835264620375
5|3.0|0.0,10,1,1,1,699.3,737.5,639.2,-0.33774311529769574,0.010444707699861298,0.5126012172423613,2.4776090495586898
10|1.0|0.25,10,1,1,1,621.7,750.5,604.3,-0.3314692428083911,0.06300813008130075,0.5069101519921347,2.5415037247619603
168|2.0|0.25,5,0,0,0,668.2,753.0,381.8,-0.8021629211839867,0.006688570758038,0.5036989826988459,6.677348049426004
168|1.5|0.0,5,1,1,1,643.4,754.0,389.2,-0.8022906008369658,0.0056239842613976,0.5034556497472198,8.684646758411176
168|2.0|0.5,5,0,0,0,802.6,759.0,530.0,-0.7135738080790863,0.0070406007979347,0.5010001683349855,3.3543765603654068
10|2.5|0.75,10,1,1,1,724.3,767.0,891.2,-0.23057098609734072,0.02543122512162755,0.4976377754672434,1.1475902171503045
24|2.0|1.0,5,0,0,0,643.6,775.0,636.0,-0.5382820248204948,0.0093874677305796,0.4944640523282703,3.939433472158196
21|1.5|1.0,10,0,0,0,822.3,784.5,839.8,-0.308548182832889,0.0657797487065779,0.4868343280961105,1.8836054243914087
5|1.5|1.0,10,0,0,0,696.6,806.5,793.0,-0.2649675600520939,0.06892091648189205,0.47604086014083336,1.6832695647837603
168|2.5|0.25,5,1,1,1,803.6,804.0,629.6,-0.6425706186693926,0.0049284205585543,0.4750020642984814,1.6301645999297327
168|1.5|0.25,5,0,0,0,781.0,812.0,523.2,-0.6722701589984399,0.0088398654462958,0.4695955782095554,3.386317865524588
21|3.0|0.75,10,2,1,2,741.1,822.5,993.7,-0.25512517393428635,0.01509455456823875,0.4668887126285791,0.8410129712668717
168|3.0|0.25,5,1,1,1,726.0,834.0,542.6,-0.5938596376800223,0.0032464992568254,0.4602772297528096,3.321352469820688
24|1.0|0.75,5,0,0,0,815.0,837.0,621.8,-0.693796144865372,0.0266173824610811,0.4576098877685878,2.630885969842017
168|3.0|0.0,5,1,1,1,768.2,851.0,423.0,-0.7457715919640772,0.0017797074239223,0.4522468776854697,5.406079196316995
168|1.5|0.5,5,0,0,0,807.2,855.0,624.4,-0.678020736431086,0.009895955565986,0.4483978921361201,3.227519855735639
10|2.5|1.0,10,1,1,1,829.9,881.5,987.0,-0.232310039214039,0.02631578947368415,0.4308182363439931,0.803315436313616
10|1.5|1.0,10,0,0,0,808.9,883.0,861.2,-0.29444365800971384,0.06775743323353375,0.4297522615564954,1.3615246703418078
10|3.0|1.0,10,2,2,2,790.4,883.5,1048.7,-0.2204442665074978,0.015279329143257251,0.428404491533221,0.8492681651950731
63|2.0|0.0,10,1,1,1,851.8,888.5,655.7,-0.42403534805708365,0.0212953310627553,0.4274558822367801,2.9352309896317377
72|1.0|0.5,5,0,0,0,897.4,894.0,605.8,-0.7001572245313048,0.0177091344099803,0.4252439203602794,2.739806793312895
10|2.0|1.0,10,0,0,0,758.8,891.0,869.0,-0.2542005321810292,0.042867701404286696,0.4243161559239532,1.0101160212799898
168|3.0|0.5,5,0,0,0,762.0,899.0,632.6,-0.5009807006125181,0.0032464992568254,0.4221003567377824,4.285092816683545
21|2.5|1.0,10,0,0,0,889.1,897.5,1047.7,-0.2555297421014721,0.02620268553214255,0.41910635167520727,0.8615168669185722
336|3.0|0.0,5,0,0,0,799.4,911.0,341.4,-0.803623569673042,0.0020742451458386,0.4106318726360481,5.546634016764481
168|1.5|0.75,5,0,0,0,904.4,927.0,730.4,-0.6088689544444534,0.0116542639637327,0.3994586224282736,1.5996070798919253
21|3.0|0.0,10,0,0,0,993.9,937.5,838.4,-0.40341407667886187,0.00845149589769385,0.3978101701164374,1.6907061113255941
168|3.0|0.75,5,0,0,0,851.4,939.0,832.6,-0.5439115831114096,0.0033247281545803,0.3912300673198316,3.0443825982646766
63|1.5|0.25,10,0,0,0,962.9,958.0,803.0,-0.47544299179774036,0.0414820146753998,0.37877375349776743,2.328060853976039
72|2.0|1.0,5,0,0,0,751.8,954.0,703.6,-0.5385640739117447,0.0086638504263474,0.3786262649610249,1.0702975211817405
24|1.5|1.0,5,0,0,0,920.0,964.0,817.4,-0.5906716938681205,0.0166880068288519,0.3757474935279932,1.591719670908927
21|2.0|1.0,10,0,0,0,980.1,996.0,1013.8,-0.2721809997654808,0.0408913244373487,0.36219917374629607,0.9072672934685353
168|1.0|0.25,5,0,0,0,970.2,1005.0,785.0,-0.6525757459859193,0.0121247113163972,0.3566690970141982,1.918845299858786
168|2.0|0.75,5,0,0,0,828.0,1015.0,593.2,-0.7278417214530477,0.0076126935249337,0.35188762900617,2.5363790876816728
63|1.0|0.0,10,0,0,0,929.0,1016.5,736.6,-0.5297361926254169,0.0354660127559017,0.3493600666163652,2.5722837257710878
21|3.0|1.0,10,0,0,0,869.3,1018.5,1104.1,-0.2551251739342864,0.015279329143257251,0.34678947833861395,0.545175893649055
63|1.0|0.25,10,0,0,0,959.9,1023.0,795.4,-0.4912913681519968,0.05417956656346745,0.34508217867163005,2.063085640584423
63|1.5|0.5,10,0,0,0,1038.7,1030.5,884.0,-0.5088713253105772,0.04672255178182835,0.33629173892158937,1.3472147923701943
63|2.5|0.0,10,1,1,1,906.5,1028.0,678.0,-0.42001002670231136,0.01568524480628985,0.33620196365369237,2.56487891626294
63|2.0|0.25,10,0,0,0,1018.1,1042.5,928.8,-0.4668859016173771,0.031812771788608044,0.3240542088958839,0.8074105033428355
168|2.5|0.75,5,0,0,0,924.6,1045.0,917.8,-0.6247914729217787,0.005280450598451,0.3225829299970822,0.741860383142805
336|2.0|0.0,5,2,1,2,712.0,1049.0,371.4,-0.8684849825295455,0.0040483454588124,0.318086826180221,3.640184598709162
63|3.0|0.0,10,0,0,0,924.5,1073.0,765.5,-0.4305515121610357,0.0107169253510716,0.30701153630208555,1.6433991974690674
72|1.5|1.0,5,0,0,0,848.8,1079.0,751.6,-0.5805093134037348,0.0155515679740237,0.2982235306852358,2.078299862540166
168|3.0|1.0,5,0,0,0,1034.8,1082.0,1055.4,-0.45417151296497,0.0033638426034577,0.2965060597709919,1.0548846409986692
63|1.5|0.0,10,1,1,1,948.2,1084.5,733.0,-0.4992789427541189,0.027347699495249102,0.2955703360234142,1.8368518520822714
336|1.5|0.5,5,0,0,0,1091.4,1106.0,863.6,-0.7738601511966582,0.0095048110772119,0.2814036572020248,1.925818186788539
63|1.5|0.75,10,0,0,0,1103.2,1110.0,985.8,-0.4936191232667284,0.050339426236126306,0.2772071563488146,0.7983675985666971
63|1.0|0.75,10,0,0,0,1083.3,1115.5,934.3,-0.46621803346529966,0.0787928311714462,0.2741153214149052,1.0012408199042517
63|1.0|0.5,10,0,0,0,1065.5,1116.0,905.6,-0.48429079448837864,0.0624834716241497,0.2731008724385691,1.0068652343254092
63|3.0|0.25,10,0,0,0,1064.7,1124.5,1061.3,-0.39759204372806567,0.016091160469322498,0.26587687858963543,0.663505563967998
336|1.5|0.25,5,0,0,0,926.4,1128.0,649.4,-0.7941303482648387,0.0085535882302625,0.2646332234494045,1.9851901212082628
63|1.5|1.0,10,0,0,0,1125.4,1131.5,1067.1,-0.4631723226611303,0.0605926581158779,0.2593549295241413,0.470565064722153
72|1.0|0.75,5,0,0,0,1135.8,1139.0,913.6,-0.7273507207735168,0.0247372468597795,0.2523547555960089,1.8045470106500887
63|2.0|0.5,10,0,0,0,1104.4,1158.5,1015.6,-0.47515651863962083,0.0335484759897657,0.23437946694029774,0.5864442821498246
336|1.0|0.25,5,0,0,0,982.8,1164.0,656.8,-0.7931628442207255,0.0119964074929432,0.2315321441146941,2.744279387707536
168|2.5|1.0,5,0,0,0,939.4,1181.0,1003.6,-0.5737239515454107,0.0055151372917155,0.2169184637686057,0.4276410641339654
168|1.0|0.5,5,0,0,0,1015.8,1187.0,847.8,-0.6790666274340198,0.0153323069027457,0.2116061769957833,1.5309056053836505
63|2.5|0.5,10,0,0,0,1143.6,1192.0,1099.2,-0.39816499984573456,0.023767191553946798,0.2095529721242979,0.6413613365633126
63|3.0|0.5,10,0,0,0,1122.8,1195.0,1139.0,-0.36782631225307083,0.016091160469322498,0.20709328301736254,0.5290668892881274
63|2.5|0.25,10,0,0,0,1103.3,1201.5,1068.4,-0.4009839894322692,0.022364669989830402,0.20389092440895565,0.6843184904199182
336|2.0|0.25,5,0,0,0,1047.4,1204.0,819.2,-0.8093298691211636,0.0067667996557928,0.2019536382910421,2.078059377873871
336|1.0|0.0,5,1,1,1,940.8,1210.0,680.0,-0.8495602810301824,0.0069037002268638,0.1999540225496932,3.121676246214344
336|1.0|0.5,5,0,0,0,1089.8,1212.0,877.6,-0.8104035525590818,0.01498083392005,0.1981941645632715,1.0930972193507729
63|2.5|0.75,10,0,0,0,1218.5,1254.5,1192.1,-0.40907159922213204,0.02413674070398375,0.15810422947115577,0.4142468615295297
168|2.0|1.0,5,1,1,1,989.8,1262.0,837.0,-0.5966383593735418,0.0082969805833547,0.1544691207340309,0.9122102214256442
336|2.5|0.5,5,0,0,0,1191.4,1264.0,1141.2,-0.7864516501299863,0.0050848783540639,0.153682239749239,0.8566522959749632
63|2.0|0.75,10,0,0,0,1198.8,1265.0,1121.5,-0.46517883876002764,0.0356614929785661,0.14937184517075344,0.48530721400322874
336|1.5|0.75,5,0,0,0,1199.2,1277.0,1111.4,-0.7769725538169908,0.0111624326404926,0.1371477617550199,0.5096071908263473
336|1.0|0.75,5,0,0,0,1177.4,1282.0,1066.8,-0.7969172284539605,0.0222170069623719,0.1302606994102422,0.5368439970752699
336|2.5|0.25,5,0,0,0,1165.0,1290.0,1085.0,-0.721309845196025,0.004811077211922,0.1255494060678747,0.6793874526242538
168|1.0|0.75,5,0,0,0,1183.2,1294.0,1029.8,-0.6562002898096198,0.02166196219314,0.1215771764511046,0.9157307895990084
336|2.0|0.75,5,0,0,0,1193.8,1305.0,1119.0,-0.8063944708372247,0.0077446608777282,0.1093971297488916,1.005124779145267
63|2.0|1.0,10,0,0,0,1268.8,1305.5,1231.4,-0.4772590799684371,0.03880266075388025,0.1076529802357996,0.2269611997428281
63|3.0|0.75,10,0,0,0,1204.2,1317.5,1236.2,-0.35340404579158374,0.016091160469322498,0.0937175474840197,0.19259445615363355
336|2.0|0.5,5,0,0,0,1129.4,1345.0,1081.0,-0.8541791060854129,0.0072166158178831,0.0574216429647922,0.3442070134380215
336|2.5|0.75,5,0,0,0,1208.4,1361.0,1201.6,-0.7980174937379478,0.0055151372917155,0.033779574537986,0.2219615329728419
336|1.5|1.0,5,0,0,0,1324.0,1362.0,1223.8,-0.8090709484026313,0.0133966987405147,0.0337154758194468,0.1367011427400604
336|2.0|1.0,5,0,0,0,1341.0,1366.0,1326.8,-0.7783447382744266,0.0086834076507862,0.0331841598593459,0.1741310040104229
63|2.5|1.0,10,0,0,0,1332.7,1366.0,1332.7,-0.3917960258783859,0.02457902288001205,0.030366536186272053,0.05103171016669105
63|3.0|1.0,10,0,0,0,1290.5,1371.0,1304.7,-0.3483497850682894,0.0165334426453508,0.0281694706363737,0.0280768657945201
336|3.0|0.5,5,0,0,0,1325.6,1394.0,1268.8,-0.7697074162887851,0.0035069711744076,-0.0096139874616628,-0.0450324050185478
336|3.0|0.25,5,0,0,0,1288.0,1396.0,1184.6,-0.7438506370553524,0.0034642032332563,-0.013952972218235,-0.0839834513049718
168|1.5|1.0,5,1,1,1,1098.4,1399.0,1003.2,-0.6690478964801652,0.0143058763151141,-0.0145907208780998,-0.0288784965708837
336|3.0|0.75,5,0,0,0,1380.2,1410.0,1367.2,-0.7916186999239019,0.0035497391155589,-0.0468169986639034,-0.2462952383353727
336|2.5|1.0,5,0,0,0,1354.4,1418.0,1366.4,-0.759737207463679,0.0056324806383478,-0.1008332778211421,-0.2462148617742904
336|3.0|1.0,5,0,0,0,1414.0,1425.0,1412.4,-0.7401917723551521,0.0036376437455996,-0.1230630225467933,-0.3740931318503643
