market,target,universe_selection_method,universe_size_requested,universe_size_actual,universe_assets,missing_priority_assets,filled_from_fallback,train_window,rebalance_frequency,pca_explained_variance,zscore_lookback,entry_z,exit_z,transaction_cost_bps,annualization_factor,total_return,annualized_return,annualized_volatility,sharpe_ratio,max_drawdown,turnover,number_of_trades,average_holding_period,hit_rate,flags
usa,NVDA,priority,30,30,"AAPL,MSFT,AVGO,ORCL,AMD,CSCO,QCOM,TXN,IBM,ACN,ADI,GOOGL,META,NFLX,DIS,VZ,AMZN,TSLA,HD,MCD,LOW,WMT,COST,PG,KO,PEP,PM,BRK-B,JPM,V","TMUS,CMCSA,BKNG,SBUX",,252,10,0.8,60,1.0,0.25,5.0,252.0,24.66434263827594,0.4357441123022441,0.4108886264596876,1.0604920268947746,-0.3419177549048093,0.0707651481645289,143,23.952380952380953,0.5321404903909874,high_turnover_p95
crypto,SOL,priority_with_coverage_fallback,30,30,"BTC,ETH,XRP,BNB,TRX,ADA,AVAX,DOT,NEAR,ATOM,ALGO,DOGE,BCH,LTC,XLM,ETC,LINK,UNI,AAVE,INJ,FIL,VET,FET,GRT,THETA,XTZ,SAND,CHZ,DASH,HBAR","TON,SUI,ICP,MKR,RENDER,RNDR,ARB,OP,MATIC,POL,APT,SEI,EOS,MANA","CHZ,DASH,HBAR",1440,24,0.8,336,1.5,0.25,10.0,8760.0,23.88417168159382,0.8237009767983521,0.8520246004921914,0.9667572700630034,-0.7142706176336204,0.0099871959026888,462,124.13157894736842,0.5058299766800933,deep_drawdown
crypto,SOL,priority_with_coverage_fallback,30,30,"BTC,ETH,XRP,BNB,TRX,ADA,AVAX,DOT,NEAR,ATOM,ALGO,DOGE,BCH,LTC,XLM,ETC,LINK,UNI,AAVE,INJ,FIL,VET,FET,GRT,THETA,XTZ,SAND,CHZ,DASH,HBAR","TON,SUI,ICP,MKR,RENDER,RNDR,ARB,OP,MATIC,POL,APT,SEI,EOS,MANA","CHZ,DASH,HBAR",1440,24,0.8,336,2.0,0.0,10.0,8760.0,504.8258478845379,2.202472916855259,1.0884710191767846,2.023455726474922,-0.7716813463477967,0.004502774221084,106,46354.0,0.5067523838287958,deep_drawdown
crypto,SOL,priority_with_coverage_fallback,30,30,"BTC,ETH,XRP,BNB,TRX,ADA,AVAX,DOT,NEAR,ATOM,ALGO,DOGE,BCH,LTC,XLM,ETC,LINK,UNI,AAVE,INJ,FIL,VET,FET,GRT,THETA,XTZ,SAND,CHZ,DASH,HBAR","TON,SUI,ICP,MKR,RENDER,RNDR,ARB,OP,MATIC,POL,APT,SEI,EOS,MANA","CHZ,DASH,HBAR",1440,24,0.8,336,2.5,0.0,10.0,8760.0,46.04396174506575,1.0542702514655409,1.0822270865782613,0.9741673115934352,-0.8153533548008199,0.0030516431924882,72,45868.0,0.5056902415627452,deep_drawdown
crypto,SOL,priority_with_coverage_fallback,30,30,"BTC,ETH,XRP,BNB,TRX,ADA,AVAX,DOT,NEAR,ATOM,ALGO,DOGE,BCH,LTC,XLM,ETC,LINK,UNI,AAVE,INJ,FIL,VET,FET,GRT,THETA,XTZ,SAND,CHZ,DASH,HBAR","TON,SUI,ICP,MKR,RENDER,RNDR,ARB,OP,MATIC,POL,APT,SEI,EOS,MANA","CHZ,DASH,HBAR",1440,72,0.8,336,1.5,0.25,10.0,8760.0,28.7940085996481,0.8873653017319318,0.9008155947583038,0.9850687609044104,-0.7098312999887684,0.0100401606425702,464,122.66375545851528,0.5027411890352439,deep_drawdown
crypto,SOL,priority_with_coverage_fallback,30,30,"BTC,ETH,XRP,BNB,TRX,ADA,AVAX,DOT,NEAR,ATOM,ALGO,DOGE,BCH,LTC,XLM,ETC,LINK,UNI,AAVE,INJ,FIL,VET,FET,GRT,THETA,XTZ,SAND,CHZ,DASH,HBAR","TON,SUI,ICP,MKR,RENDER,RNDR,ARB,OP,MATIC,POL,APT,SEI,EOS,MANA","CHZ,DASH,HBAR",1440,72,0.8,336,2.0,0.0,10.0,8760.0,57.05584534121407,1.1383123651524358,1.1279806700332469,1.0091594611447414,-0.7874910004567408,0.0041228744766299,97,45973.0,0.5032519087290366,deep_drawdown
crypto,XRP,priority_with_coverage_fallback,30,30,"BTC,ETH,SOL,BNB,TRX,ADA,AVAX,DOT,NEAR,ATOM,ALGO,DOGE,BCH,LTC,XLM,ETC,LINK,UNI,AAVE,INJ,FIL,VET,FET,GRT,THETA,XTZ,SAND,CHZ,DASH,HBAR","TON,SUI,ICP,MKR,RENDER,RNDR,ARB,OP,MATIC,POL,APT,SEI,EOS,MANA","CHZ,DASH,HBAR",1440,24,0.8,336,2.0,0.0,10.0,8760.0,159.16544516867089,1.3861050857202677,1.0407540442678878,1.331827719867584,-0.8560525237882223,0.0047915199874833,123,50496.0,0.5099017743979721,deep_drawdown
crypto,XRP,priority_with_coverage_fallback,30,30,"BTC,ETH,SOL,BNB,TRX,ADA,AVAX,DOT,NEAR,ATOM,ALGO,DOGE,BCH,LTC,XLM,ETC,LINK,UNI,AAVE,INJ,FIL,VET,FET,GRT,THETA,XTZ,SAND,CHZ,DASH,HBAR","TON,SUI,ICP,MKR,RENDER,RNDR,ARB,OP,MATIC,POL,APT,SEI,EOS,MANA","CHZ,DASH,HBAR",1440,24,0.8,336,2.5,0.0,10.0,8760.0,137.56665756310176,1.3276181225740733,1.04079043045813,1.2755864040656957,-0.7806148800283075,0.0032269420323867,83,50493.0,0.5116946903531182,deep_drawdown
crypto,XRP,priority_with_coverage_fallback,30,30,"BTC,ETH,SOL,BNB,TRX,ADA,AVAX,DOT,NEAR,ATOM,ALGO,DOGE,BCH,LTC,XLM,ETC,LINK,UNI,AAVE,INJ,FIL,VET,FET,GRT,THETA,XTZ,SAND,CHZ,DASH,HBAR","TON,SUI,ICP,MKR,RENDER,RNDR,ARB,OP,MATIC,POL,APT,SEI,EOS,MANA","CHZ,DASH,HBAR",1440,72,0.8,336,2.0,0.0,10.0,8760.0,96.4823195886141,1.191519479877854,1.107312623677171,1.0760461448737468,-0.8398608748586398,0.004478604396464,115,50493.0,0.5058721010833185,deep_drawdown
crypto,BNB,priority_with_coverage_fallback,30,30,"BTC,ETH,SOL,XRP,TRX,ADA,AVAX,DOT,NEAR,ATOM,ALGO,DOGE,BCH,LTC,XLM,ETC,LINK,UNI,AAVE,INJ,FIL,VET,FET,GRT,THETA,XTZ,SAND,CHZ,DASH,HBAR","TON,SUI,ICP,MKR,RENDER,RNDR,ARB,OP,MATIC,POL,APT,SEI,EOS,MANA","CHZ,DASH,HBAR",1440,24,0.8,336,1.0,0.0,10.0,8760.0,17.893316531617327,0.6544694885068518,0.6566635457326667,0.9966587802230336,-0.7506485504201823,0.0085856215285926,220,50794.0,0.5024018584872229,deep_drawdown
crypto,BNB,priority_with_coverage_fallback,30,30,"BTC,ETH,SOL,XRP,TRX,ADA,AVAX,DOT,NEAR,ATOM,ALGO,DOGE,BCH,LTC,XLM,ETC,LINK,UNI,AAVE,INJ,FIL,VET,FET,GRT,THETA,XTZ,SAND,CHZ,DASH,HBAR","TON,SUI,ICP,MKR,RENDER,RNDR,ARB,OP,MATIC,POL,APT,SEI,EOS,MANA","CHZ,DASH,HBAR",1440,24,0.8,336,2.0,0.0,10.0,8760.0,18.978831031892312,0.6703802165394932,0.6558339020286641,1.022179875828062,-0.8158309576766447,0.0045568332942188,117,50684.0,0.5047746823455134,deep_drawdown
crypto,BNB,priority_with_coverage_fallback,30,30,"BTC,ETH,SOL,XRP,TRX,ADA,AVAX,DOT,NEAR,ATOM,ALGO,DOGE,BCH,LTC,XLM,ETC,LINK,UNI,AAVE,INJ,FIL,VET,FET,GRT,THETA,XTZ,SAND,CHZ,DASH,HBAR","TON,SUI,ICP,MKR,RENDER,RNDR,ARB,OP,MATIC,POL,APT,SEI,EOS,MANA","CHZ,DASH,HBAR",1440,24,0.8,336,2.5,0.0,10.0,8760.0,27.378499402248863,0.7738954400053899,0.6545753207799899,1.1822863090579376,-0.7471087368486078,0.0029140264413674,75,50323.0,0.5059714245971028,deep_drawdown
crypto,BNB,priority_with_coverage_fallback,30,30,"BTC,ETH,SOL,XRP,TRX,ADA,AVAX,DOT,NEAR,ATOM,ALGO,DOGE,BCH,LTC,XLM,ETC,LINK,UNI,AAVE,INJ,FIL,VET,FET,GRT,THETA,XTZ,SAND,CHZ,DASH,HBAR","TON,SUI,ICP,MKR,RENDER,RNDR,ARB,OP,MATIC,POL,APT,SEI,EOS,MANA","CHZ,DASH,HBAR",1440,72,0.8,336,1.5,0.0,10.0,8760.0,51.530668896185,0.9712574874055048,0.6966777679416548,1.3941272882513531,-0.7223998762323192,0.006082296800438,156,50794.0,0.5027956057802102,deep_drawdown
crypto,BNB,priority_with_coverage_fallback,30,30,"BTC,ETH,SOL,XRP,TRX,ADA,AVAX,DOT,NEAR,ATOM,ALGO,DOGE,BCH,LTC,XLM,ETC,LINK,UNI,AAVE,INJ,FIL,VET,FET,GRT,THETA,XTZ,SAND,CHZ,DASH,HBAR","TON,SUI,ICP,MKR,RENDER,RNDR,ARB,OP,MATIC,POL,APT,SEI,EOS,MANA","CHZ,DASH,HBAR",1440,168,0.8,336,1.5,0.0,10.0,8760.0,86.10312992515878,1.149656553115714,0.8297798490518329,1.3854958690903325,-0.8022906008369658,0.006082296800438,156,50794.0,0.5029727920620546,deep_drawdown
