dimension,market,target,group,rebalance_frequency,count,share,entry_z,exit_z,value
rebalance_frequency,crypto,ADA,top10_sharpe|crypto|ADA,24.0,12,0.42857142857142855,,,
rebalance_frequency,crypto,ADA,top10_sharpe|crypto|ADA,72.0,10,0.35714285714285715,,,
rebalance_frequency,crypto,ADA,top10_sharpe|crypto|ADA,168.0,6,0.21428571428571427,,,
entry_z,crypto,ADA,top10_sharpe|crypto|ADA,,5,0.17857142857142858,1.5,,
entry_z,crypto,ADA,top10_sharpe|crypto|ADA,,6,0.21428571428571427,2.0,,
entry_z,crypto,ADA,top10_sharpe|crypto|ADA,,9,0.32142857142857145,2.5,,
entry_z,crypto,ADA,top10_sharpe|crypto|ADA,,8,0.2857142857142857,3.0,,
exit_z,crypto,ADA,top10_sharpe|crypto|ADA,,8,0.2857142857142857,,0.25,
exit_z,crypto,ADA,top10_sharpe|crypto|ADA,,7,0.25,,0.5,
exit_z,crypto,ADA,top10_sharpe|crypto|ADA,,8,0.2857142857142857,,0.75,
exit_z,crypto,ADA,top10_sharpe|crypto|ADA,,5,0.17857142857142858,,1.0,
entry_exit_pair,crypto,ADA,top10_sharpe|crypto|ADA,,2,0.07142857142857142,,,1.5|0.25
entry_exit_pair,crypto,ADA,top10_sharpe|crypto|ADA,,3,0.10714285714285714,,,1.5|0.75
entry_exit_pair,crypto,ADA,top10_sharpe|crypto|ADA,,1,0.03571428571428571,,,2.0|0.25
entry_exit_pair,crypto,ADA,top10_sharpe|crypto|ADA,,3,0.10714285714285714,,,2.0|0.5
entry_exit_pair,crypto,ADA,top10_sharpe|crypto|ADA,,1,0.03571428571428571,,,2.0|0.75
entry_exit_pair,crypto,ADA,top10_sharpe|crypto|ADA,,1,0.03571428571428571,,,2.0|1.0
entry_exit_pair,crypto,ADA,top10_sharpe|crypto|ADA,,3,0.10714285714285714,,,2.5|0.25
entry_exit_pair,crypto,ADA,top10_sharpe|crypto|ADA,,2,0.07142857142857142,,,2.5|0.5
entry_exit_pair,crypto,ADA,top10_sharpe|crypto|ADA,,2,0.07142857142857142,,,2.5|0.75
entry_exit_pair,crypto,ADA,top10_sharpe|crypto|ADA,,2,0.07142857142857142,,,2.5|1.0
entry_exit_pair,crypto,ADA,top10_sharpe|crypto|ADA,,2,0.07142857142857142,,,3.0|0.25
entry_exit_pair,crypto,ADA,top10_sharpe|crypto|ADA,,2,0.07142857142857142,,,3.0|0.5
entry_exit_pair,crypto,ADA,top10_sharpe|crypto|ADA,,2,0.07142857142857142,,,3.0|0.75
entry_exit_pair,crypto,ADA,top10_sharpe|crypto|ADA,,2,0.07142857142857142,,,3.0|1.0
rebalance_entry_pair,crypto,ADA,top10_sharpe|crypto|ADA,,2,0.07142857142857142,,,168|1.5
rebalance_entry_pair,crypto,ADA,top10_sharpe|crypto|ADA,,1,0.03571428571428571,,,168|2.0
rebalance_entry_pair,crypto,ADA,top10_sharpe|crypto|ADA,,3,0.10714285714285714,,,168|2.5
rebalance_entry_pair,crypto,ADA,top10_sharpe|crypto|ADA,,1,0.03571428571428571,,,24|1.5
rebalance_entry_pair,crypto,ADA,top10_sharpe|crypto|ADA,,3,0.10714285714285714,,,24|2.0
rebalance_entry_pair,crypto,ADA,top10_sharpe|crypto|ADA,,4,0.14285714285714285,,,24|2.5
rebalance_entry_pair,crypto,ADA,top10_sharpe|crypto|ADA,,4,0.14285714285714285,,,24|3.0
rebalance_entry_pair,crypto,ADA,top10_sharpe|crypto|ADA,,2,0.07142857142857142,,,72|1.5
rebalance_entry_pair,crypto,ADA,top10_sharpe|crypto|ADA,,2,0.07142857142857142,,,72|2.0
rebalance_entry_pair,crypto,ADA,top10_sharpe|crypto|ADA,,2,0.07142857142857142,,,72|2.5
rebalance_entry_pair,crypto,ADA,top10_sharpe|crypto|ADA,,4,0.14285714285714285,,,72|3.0
full_combo,crypto,ADA,top10_sharpe|crypto|ADA,,1,0.03571428571428571,,,168|1.5|0.25
full_combo,crypto,ADA,top10_sharpe|crypto|ADA,,1,0.03571428571428571,,,168|1.5|0.75
full_combo,crypto,ADA,top10_sharpe|crypto|ADA,,1,0.03571428571428571,,,168|2.0|0.5
full_combo,crypto,ADA,top10_sharpe|crypto|ADA,,1,0.03571428571428571,,,168|2.5|0.25
full_combo,crypto,ADA,top10_sharpe|crypto|ADA,,1,0.03571428571428571,,,168|2.5|0.5
full_combo,crypto,ADA,top10_sharpe|crypto|ADA,,1,0.03571428571428571,,,168|2.5|0.75
full_combo,crypto,ADA,top10_sharpe|crypto|ADA,,1,0.03571428571428571,,,24|1.5|0.75
full_combo,crypto,ADA,top10_sharpe|crypto|ADA,,1,0.03571428571428571,,,24|2.0|0.5
full_combo,crypto,ADA,top10_sharpe|crypto|ADA,,1,0.03571428571428571,,,24|2.0|0.75
full_combo,crypto,ADA,top10_sharpe|crypto|ADA,,1,0.03571428571428571,,,24|2.0|1.0
full_combo,crypto,ADA,top10_sharpe|crypto|ADA,,1,0.03571428571428571,,,24|2.5|0.25
full_combo,crypto,ADA,top10_sharpe|crypto|ADA,,1,0.03571428571428571,,,24|2.5|0.5
full_combo,crypto,ADA,top10_sharpe|crypto|ADA,,1,0.03571428571428571,,,24|2.5|0.75
full_combo,crypto,ADA,top10_sharpe|crypto|ADA,,1,0.03571428571428571,,,24|2.5|1.0
full_combo,crypto,ADA,top10_sharpe|crypto|ADA,,1,0.03571428571428571,,,24|3.0|0.25
full_combo,crypto,ADA,top10_sharpe|crypto|ADA,,1,0.03571428571428571,,,24|3.0|0.5
full_combo,crypto,ADA,top10_sharpe|crypto|ADA,,1,0.03571428571428571,,,24|3.0|0.75
full_combo,crypto,ADA,top10_sharpe|crypto|ADA,,1,0.03571428571428571,,,24|3.0|1.0
full_combo,crypto,ADA,top10_sharpe|crypto|ADA,,1,0.03571428571428571,,,72|1.5|0.25
full_combo,crypto,ADA,top10_sharpe|crypto|ADA,,1,0.03571428571428571,,,72|1.5|0.75
full_combo,crypto,ADA,top10_sharpe|crypto|ADA,,1,0.03571428571428571,,,72|2.0|0.25
full_combo,crypto,ADA,top10_sharpe|crypto|ADA,,1,0.03571428571428571,,,72|2.0|0.5
full_combo,crypto,ADA,top10_sharpe|crypto|ADA,,1,0.03571428571428571,,,72|2.5|0.25
full_combo,crypto,ADA,top10_sharpe|crypto|ADA,,1,0.03571428571428571,,,72|2.5|1.0
full_combo,crypto,ADA,top10_sharpe|crypto|ADA,,1,0.03571428571428571,,,72|3.0|0.25
full_combo,crypto,ADA,top10_sharpe|crypto|ADA,,1,0.03571428571428571,,,72|3.0|0.5
full_combo,crypto,ADA,top10_sharpe|crypto|ADA,,1,0.03571428571428571,,,72|3.0|0.75
full_combo,crypto,ADA,top10_sharpe|crypto|ADA,,1,0.03571428571428571,,,72|3.0|1.0
rebalance_frequency,crypto,ATOM,top10_sharpe|crypto|ATOM,24.0,19,0.296875,,,
rebalance_frequency,crypto,ATOM,top10_sharpe|crypto|ATOM,72.0,18,0.28125,,,
rebalance_frequency,crypto,ATOM,top10_sharpe|crypto|ATOM,168.0,17,0.265625,,,
rebalance_frequency,crypto,ATOM,top10_sharpe|crypto|ATOM,336.0,10,0.15625,,,
entry_z,crypto,ATOM,top10_sharpe|crypto|ATOM,,11,0.171875,1.0,,
entry_z,crypto,ATOM,top10_sharpe|crypto|ATOM,,15,0.234375,1.5,,
entry_z,crypto,ATOM,top10_sharpe|crypto|ATOM,,13,0.203125,2.0,,
entry_z,crypto,ATOM,top10_sharpe|crypto|ATOM,,12,0.1875,2.5,,
entry_z,crypto,ATOM,top10_sharpe|crypto|ATOM,,13,0.203125,3.0,,
exit_z,crypto,ATOM,top10_sharpe|crypto|ATOM,,20,0.3125,,0.25,
exit_z,crypto,ATOM,top10_sharpe|crypto|ATOM,,17,0.265625,,0.5,
exit_z,crypto,ATOM,top10_sharpe|crypto|ATOM,,17,0.265625,,0.75,
exit_z,crypto,ATOM,top10_sharpe|crypto|ATOM,,10,0.15625,,1.0,
entry_exit_pair,crypto,ATOM,top10_sharpe|crypto|ATOM,,4,0.0625,,,1.0|0.25
entry_exit_pair,crypto,ATOM,top10_sharpe|crypto|ATOM,,3,0.046875,,,1.0|0.5
entry_exit_pair,crypto,ATOM,top10_sharpe|crypto|ATOM,,4,0.0625,,,1.0|0.75
entry_exit_pair,crypto,ATOM,top10_sharpe|crypto|ATOM,,4,0.0625,,,1.5|0.25
entry_exit_pair,crypto,ATOM,top10_sharpe|crypto|ATOM,,4,0.0625,,,1.5|0.5
entry_exit_pair,crypto,ATOM,top10_sharpe|crypto|ATOM,,4,0.0625,,,1.5|0.75
entry_exit_pair,crypto,ATOM,top10_sharpe|crypto|ATOM,,3,0.046875,,,1.5|1.0
entry_exit_pair,crypto,ATOM,top10_sharpe|crypto|ATOM,,4,0.0625,,,2.0|0.25
entry_exit_pair,crypto,ATOM,top10_sharpe|crypto|ATOM,,4,0.0625,,,2.0|0.5
entry_exit_pair,crypto,ATOM,top10_sharpe|crypto|ATOM,,3,0.046875,,,2.0|0.75
entry_exit_pair,crypto,ATOM,top10_sharpe|crypto|ATOM,,2,0.03125,,,2.0|1.0
entry_exit_pair,crypto,ATOM,top10_sharpe|crypto|ATOM,,4,0.0625,,,2.5|0.25
entry_exit_pair,crypto,ATOM,top10_sharpe|crypto|ATOM,,3,0.046875,,,2.5|0.5
entry_exit_pair,crypto,ATOM,top10_sharpe|crypto|ATOM,,3,0.046875,,,2.5|0.75
entry_exit_pair,crypto,ATOM,top10_sharpe|crypto|ATOM,,2,0.03125,,,2.5|1.0
entry_exit_pair,crypto,ATOM,top10_sharpe|crypto|ATOM,,4,0.0625,,,3.0|0.25
entry_exit_pair,crypto,ATOM,top10_sharpe|crypto|ATOM,,3,0.046875,,,3.0|0.5
entry_exit_pair,crypto,ATOM,top10_sharpe|crypto|ATOM,,3,0.046875,,,3.0|0.75
entry_exit_pair,crypto,ATOM,top10_sharpe|crypto|ATOM,,3,0.046875,,,3.0|1.0
rebalance_entry_pair,crypto,ATOM,top10_sharpe|crypto|ATOM,,3,0.046875,,,168|1.0
rebalance_entry_pair,crypto,ATOM,top10_sharpe|crypto|ATOM,,4,0.0625,,,168|1.5
rebalance_entry_pair,crypto,ATOM,top10_sharpe|crypto|ATOM,,3,0.046875,,,168|2.0
rebalance_entry_pair,crypto,ATOM,top10_sharpe|crypto|ATOM,,3,0.046875,,,168|2.5
rebalance_entry_pair,crypto,ATOM,top10_sharpe|crypto|ATOM,,4,0.0625,,,168|3.0
rebalance_entry_pair,crypto,ATOM,top10_sharpe|crypto|ATOM,,3,0.046875,,,24|1.0
rebalance_entry_pair,crypto,ATOM,top10_sharpe|crypto|ATOM,,4,0.0625,,,24|1.5
rebalance_entry_pair,crypto,ATOM,top10_sharpe|crypto|ATOM,,4,0.0625,,,24|2.0
rebalance_entry_pair,crypto,ATOM,top10_sharpe|crypto|ATOM,,4,0.0625,,,24|2.5
rebalance_entry_pair,crypto,ATOM,top10_sharpe|crypto|ATOM,,4,0.0625,,,24|3.0
rebalance_entry_pair,crypto,ATOM,top10_sharpe|crypto|ATOM,,3,0.046875,,,336|1.0
rebalance_entry_pair,crypto,ATOM,top10_sharpe|crypto|ATOM,,3,0.046875,,,336|1.5
rebalance_entry_pair,crypto,ATOM,top10_sharpe|crypto|ATOM,,2,0.03125,,,336|2.0
rebalance_entry_pair,crypto,ATOM,top10_sharpe|crypto|ATOM,,1,0.015625,,,336|2.5
rebalance_entry_pair,crypto,ATOM,top10_sharpe|crypto|ATOM,,1,0.015625,,,336|3.0
rebalance_entry_pair,crypto,ATOM,top10_sharpe|crypto|ATOM,,2,0.03125,,,72|1.0
rebalance_entry_pair,crypto,ATOM,top10_sharpe|crypto|ATOM,,4,0.0625,,,72|1.5
rebalance_entry_pair,crypto,ATOM,top10_sharpe|crypto|ATOM,,4,0.0625,,,72|2.0
rebalance_entry_pair,crypto,ATOM,top10_sharpe|crypto|ATOM,,4,0.0625,,,72|2.5
rebalance_entry_pair,crypto,ATOM,top10_sharpe|crypto|ATOM,,4,0.0625,,,72|3.0
full_combo,crypto,ATOM,top10_sharpe|crypto|ATOM,,1,0.015625,,,168|1.0|0.25
full_combo,crypto,ATOM,top10_sharpe|crypto|ATOM,,1,0.015625,,,168|1.0|0.5
full_combo,crypto,ATOM,top10_sharpe|crypto|ATOM,,1,0.015625,,,168|1.0|0.75
full_combo,crypto,ATOM,top10_sharpe|crypto|ATOM,,1,0.015625,,,168|1.5|0.25
full_combo,crypto,ATOM,top10_sharpe|crypto|ATOM,,1,0.015625,,,168|1.5|0.5
full_combo,crypto,ATOM,top10_sharpe|crypto|ATOM,,1,0.015625,,,168|1.5|0.75
full_combo,crypto,ATOM,top10_sharpe|crypto|ATOM,,1,0.015625,,,168|1.5|1.0
full_combo,crypto,ATOM,top10_sharpe|crypto|ATOM,,1,0.015625,,,168|2.0|0.25
full_combo,crypto,ATOM,top10_sharpe|crypto|ATOM,,1,0.015625,,,168|2.0|0.5
full_combo,crypto,ATOM,top10_sharpe|crypto|ATOM,,1,0.015625,,,168|2.0|0.75
full_combo,crypto,ATOM,top10_sharpe|crypto|ATOM,,1,0.015625,,,168|2.5|0.25
full_combo,crypto,ATOM,top10_sharpe|crypto|ATOM,,1,0.015625,,,168|2.5|0.5
full_combo,crypto,ATOM,top10_sharpe|crypto|ATOM,,1,0.015625,,,168|2.5|0.75
full_combo,crypto,ATOM,top10_sharpe|crypto|ATOM,,1,0.015625,,,168|3.0|0.25
full_combo,crypto,ATOM,top10_sharpe|crypto|ATOM,,1,0.015625,,,168|3.0|0.5
full_combo,crypto,ATOM,top10_sharpe|crypto|ATOM,,1,0.015625,,,168|3.0|0.75
full_combo,crypto,ATOM,top10_sharpe|crypto|ATOM,,1,0.015625,,,168|3.0|1.0
full_combo,crypto,ATOM,top10_sharpe|crypto|ATOM,,1,0.015625,,,24|1.0|0.25
full_combo,crypto,ATOM,top10_sharpe|crypto|ATOM,,1,0.015625,,,24|1.0|0.5
full_combo,crypto,ATOM,top10_sharpe|crypto|ATOM,,1,0.015625,,,24|1.0|0.75
full_combo,crypto,ATOM,top10_sharpe|crypto|ATOM,,1,0.015625,,,24|1.5|0.25
full_combo,crypto,ATOM,top10_sharpe|crypto|ATOM,,1,0.015625,,,24|1.5|0.5
full_combo,crypto,ATOM,top10_sharpe|crypto|ATOM,,1,0.015625,,,24|1.5|0.75
full_combo,crypto,ATOM,top10_sharpe|crypto|ATOM,,1,0.015625,,,24|1.5|1.0
full_combo,crypto,ATOM,top10_sharpe|crypto|ATOM,,1,0.015625,,,24|2.0|0.25
full_combo,crypto,ATOM,top10_sharpe|crypto|ATOM,,1,0.015625,,,24|2.0|0.5
full_combo,crypto,ATOM,top10_sharpe|crypto|ATOM,,1,0.015625,,,24|2.0|0.75
full_combo,crypto,ATOM,top10_sharpe|crypto|ATOM,,1,0.015625,,,24|2.0|1.0
full_combo,crypto,ATOM,top10_sharpe|crypto|ATOM,,1,0.015625,,,24|2.5|0.25
full_combo,crypto,ATOM,top10_sharpe|crypto|ATOM,,1,0.015625,,,24|2.5|0.5
full_combo,crypto,ATOM,top10_sharpe|crypto|ATOM,,1,0.015625,,,24|2.5|0.75
full_combo,crypto,ATOM,top10_sharpe|crypto|ATOM,,1,0.015625,,,24|2.5|1.0
full_combo,crypto,ATOM,top10_sharpe|crypto|ATOM,,1,0.015625,,,24|3.0|0.25
full_combo,crypto,ATOM,top10_sharpe|crypto|ATOM,,1,0.015625,,,24|3.0|0.5
full_combo,crypto,ATOM,top10_sharpe|crypto|ATOM,,1,0.015625,,,24|3.0|0.75
full_combo,crypto,ATOM,top10_sharpe|crypto|ATOM,,1,0.015625,,,24|3.0|1.0
full_combo,crypto,ATOM,top10_sharpe|crypto|ATOM,,1,0.015625,,,336|1.0|0.25
full_combo,crypto,ATOM,top10_sharpe|crypto|ATOM,,1,0.015625,,,336|1.0|0.5
full_combo,crypto,ATOM,top10_sharpe|crypto|ATOM,,1,0.015625,,,336|1.0|0.75
full_combo,crypto,ATOM,top10_sharpe|crypto|ATOM,,1,0.015625,,,336|1.5|0.25
full_combo,crypto,ATOM,top10_sharpe|crypto|ATOM,,1,0.015625,,,336|1.5|0.5
full_combo,crypto,ATOM,top10_sharpe|crypto|ATOM,,1,0.015625,,,336|1.5|0.75
full_combo,crypto,ATOM,top10_sharpe|crypto|ATOM,,1,0.015625,,,336|2.0|0.25
full_combo,crypto,ATOM,top10_sharpe|crypto|ATOM,,1,0.015625,,,336|2.0|0.5
full_combo,crypto,ATOM,top10_sharpe|crypto|ATOM,,1,0.015625,,,336|2.5|0.25
full_combo,crypto,ATOM,top10_sharpe|crypto|ATOM,,1,0.015625,,,336|3.0|0.25
full_combo,crypto,ATOM,top10_sharpe|crypto|ATOM,,1,0.015625,,,72|1.0|0.25
full_combo,crypto,ATOM,top10_sharpe|crypto|ATOM,,1,0.015625,,,72|1.0|0.75
full_combo,crypto,ATOM,top10_sharpe|crypto|ATOM,,1,0.015625,,,72|1.5|0.25
full_combo,crypto,ATOM,top10_sharpe|crypto|ATOM,,1,0.015625,,,72|1.5|0.5
full_combo,crypto,ATOM,top10_sharpe|crypto|ATOM,,1,0.015625,,,72|1.5|0.75
full_combo,crypto,ATOM,top10_sharpe|crypto|ATOM,,1,0.015625,,,72|1.5|1.0
full_combo,crypto,ATOM,top10_sharpe|crypto|ATOM,,1,0.015625,,,72|2.0|0.25
full_combo,crypto,ATOM,top10_sharpe|crypto|ATOM,,1,0.015625,,,72|2.0|0.5
full_combo,crypto,ATOM,top10_sharpe|crypto|ATOM,,1,0.015625,,,72|2.0|0.75
full_combo,crypto,ATOM,top10_sharpe|crypto|ATOM,,1,0.015625,,,72|2.0|1.0
full_combo,crypto,ATOM,top10_sharpe|crypto|ATOM,,1,0.015625,,,72|2.5|0.25
full_combo,crypto,ATOM,top10_sharpe|crypto|ATOM,,1,0.015625,,,72|2.5|0.5
full_combo,crypto,ATOM,top10_sharpe|crypto|ATOM,,1,0.015625,,,72|2.5|0.75
full_combo,crypto,ATOM,top10_sharpe|crypto|ATOM,,1,0.015625,,,72|2.5|1.0
full_combo,crypto,ATOM,top10_sharpe|crypto|ATOM,,1,0.015625,,,72|3.0|0.25
full_combo,crypto,ATOM,top10_sharpe|crypto|ATOM,,1,0.015625,,,72|3.0|0.5
full_combo,crypto,ATOM,top10_sharpe|crypto|ATOM,,1,0.015625,,,72|3.0|0.75
full_combo,crypto,ATOM,top10_sharpe|crypto|ATOM,,1,0.015625,,,72|3.0|1.0
rebalance_frequency,crypto,AVAX,top10_sharpe|crypto|AVAX,24.0,13,0.5909090909090909,,,
rebalance_frequency,crypto,AVAX,top10_sharpe|crypto|AVAX,72.0,8,0.36363636363636365,,,
rebalance_frequency,crypto,AVAX,top10_sharpe|crypto|AVAX,168.0,1,0.045454545454545456,,,
entry_z,crypto,AVAX,top10_sharpe|crypto|AVAX,,1,0.045454545454545456,1.0,,
entry_z,crypto,AVAX,top10_sharpe|crypto|AVAX,,2,0.09090909090909091,1.5,,
entry_z,crypto,AVAX,top10_sharpe|crypto|AVAX,,3,0.13636363636363635,2.0,,
entry_z,crypto,AVAX,top10_sharpe|crypto|AVAX,,8,0.36363636363636365,2.5,,
entry_z,crypto,AVAX,top10_sharpe|crypto|AVAX,,8,0.36363636363636365,3.0,,
exit_z,crypto,AVAX,top10_sharpe|crypto|AVAX,,6,0.2727272727272727,,0.25,
exit_z,crypto,AVAX,top10_sharpe|crypto|AVAX,,7,0.3181818181818182,,0.5,
exit_z,crypto,AVAX,top10_sharpe|crypto|AVAX,,5,0.22727272727272727,,0.75,
exit_z,crypto,AVAX,top10_sharpe|crypto|AVAX,,4,0.18181818181818182,,1.0,
entry_exit_pair,crypto,AVAX,top10_sharpe|crypto|AVAX,,1,0.045454545454545456,,,1.0|0.5
entry_exit_pair,crypto,AVAX,top10_sharpe|crypto|AVAX,,1,0.045454545454545456,,,1.5|0.25
entry_exit_pair,crypto,AVAX,top10_sharpe|crypto|AVAX,,1,0.045454545454545456,,,1.5|0.5
entry_exit_pair,crypto,AVAX,top10_sharpe|crypto|AVAX,,1,0.045454545454545456,,,2.0|0.25
entry_exit_pair,crypto,AVAX,top10_sharpe|crypto|AVAX,,1,0.045454545454545456,,,2.0|0.5
entry_exit_pair,crypto,AVAX,top10_sharpe|crypto|AVAX,,1,0.045454545454545456,,,2.0|1.0
entry_exit_pair,crypto,AVAX,top10_sharpe|crypto|AVAX,,2,0.09090909090909091,,,2.5|0.25
entry_exit_pair,crypto,AVAX,top10_sharpe|crypto|AVAX,,2,0.09090909090909091,,,2.5|0.5
entry_exit_pair,crypto,AVAX,top10_sharpe|crypto|AVAX,,2,0.09090909090909091,,,2.5|0.75
entry_exit_pair,crypto,AVAX,top10_sharpe|crypto|AVAX,,2,0.09090909090909091,,,2.5|1.0
entry_exit_pair,crypto,AVAX,top10_sharpe|crypto|AVAX,,2,0.09090909090909091,,,3.0|0.25
entry_exit_pair,crypto,AVAX,top10_sharpe|crypto|AVAX,,2,0.09090909090909091,,,3.0|0.5
entry_exit_pair,crypto,AVAX,top10_sharpe|crypto|AVAX,,3,0.13636363636363635,,,3.0|0.75
entry_exit_pair,crypto,AVAX,top10_sharpe|crypto|AVAX,,1,0.045454545454545456,,,3.0|1.0
rebalance_entry_pair,crypto,AVAX,top10_sharpe|crypto|AVAX,,1,0.045454545454545456,,,168|3.0
rebalance_entry_pair,crypto,AVAX,top10_sharpe|crypto|AVAX,,1,0.045454545454545456,,,24|1.0
rebalance_entry_pair,crypto,AVAX,top10_sharpe|crypto|AVAX,,2,0.09090909090909091,,,24|1.5
rebalance_entry_pair,crypto,AVAX,top10_sharpe|crypto|AVAX,,2,0.09090909090909091,,,24|2.0
rebalance_entry_pair,crypto,AVAX,top10_sharpe|crypto|AVAX,,4,0.18181818181818182,,,24|2.5
rebalance_entry_pair,crypto,AVAX,top10_sharpe|crypto|AVAX,,4,0.18181818181818182,,,24|3.0
rebalance_entry_pair,crypto,AVAX,top10_sharpe|crypto|AVAX,,1,0.045454545454545456,,,72|2.0
rebalance_entry_pair,crypto,AVAX,top10_sharpe|crypto|AVAX,,4,0.18181818181818182,,,72|2.5
rebalance_entry_pair,crypto,AVAX,top10_sharpe|crypto|AVAX,,3,0.13636363636363635,,,72|3.0
full_combo,crypto,AVAX,top10_sharpe|crypto|AVAX,,1,0.045454545454545456,,,168|3.0|0.75
full_combo,crypto,AVAX,top10_sharpe|crypto|AVAX,,1,0.045454545454545456,,,24|1.0|0.5
full_combo,crypto,AVAX,top10_sharpe|crypto|AVAX,,1,0.045454545454545456,,,24|1.5|0.25
full_combo,crypto,AVAX,top10_sharpe|crypto|AVAX,,1,0.045454545454545456,,,24|1.5|0.5
full_combo,crypto,AVAX,top10_sharpe|crypto|AVAX,,1,0.045454545454545456,,,24|2.0|0.25
full_combo,crypto,AVAX,top10_sharpe|crypto|AVAX,,1,0.045454545454545456,,,24|2.0|0.5
full_combo,crypto,AVAX,top10_sharpe|crypto|AVAX,,1,0.045454545454545456,,,24|2.5|0.25
full_combo,crypto,AVAX,top10_sharpe|crypto|AVAX,,1,0.045454545454545456,,,24|2.5|0.5
full_combo,crypto,AVAX,top10_sharpe|crypto|AVAX,,1,0.045454545454545456,,,24|2.5|0.75
full_combo,crypto,AVAX,top10_sharpe|crypto|AVAX,,1,0.045454545454545456,,,24|2.5|1.0
full_combo,crypto,AVAX,top10_sharpe|crypto|AVAX,,1,0.045454545454545456,,,24|3.0|0.25
full_combo,crypto,AVAX,top10_sharpe|crypto|AVAX,,1,0.045454545454545456,,,24|3.0|0.5
full_combo,crypto,AVAX,top10_sharpe|crypto|AVAX,,1,0.045454545454545456,,,24|3.0|0.75
full_combo,crypto,AVAX,top10_sharpe|crypto|AVAX,,1,0.045454545454545456,,,24|3.0|1.0
full_combo,crypto,AVAX,top10_sharpe|crypto|AVAX,,1,0.045454545454545456,,,72|2.0|1.0
full_combo,crypto,AVAX,top10_sharpe|crypto|AVAX,,1,0.045454545454545456,,,72|2.5|0.25
full_combo,crypto,AVAX,top10_sharpe|crypto|AVAX,,1,0.045454545454545456,,,72|2.5|0.5
full_combo,crypto,AVAX,top10_sharpe|crypto|AVAX,,1,0.045454545454545456,,,72|2.5|0.75
full_combo,crypto,AVAX,top10_sharpe|crypto|AVAX,,1,0.045454545454545456,,,72|2.5|1.0
full_combo,crypto,AVAX,top10_sharpe|crypto|AVAX,,1,0.045454545454545456,,,72|3.0|0.25
full_combo,crypto,AVAX,top10_sharpe|crypto|AVAX,,1,0.045454545454545456,,,72|3.0|0.5
full_combo,crypto,AVAX,top10_sharpe|crypto|AVAX,,1,0.045454545454545456,,,72|3.0|0.75
rebalance_frequency,crypto,BNB,top10_sharpe|crypto|BNB,24.0,11,0.7333333333333333,,,
rebalance_frequency,crypto,BNB,top10_sharpe|crypto|BNB,72.0,2,0.13333333333333333,,,
rebalance_frequency,crypto,BNB,top10_sharpe|crypto|BNB,168.0,2,0.13333333333333333,,,
entry_z,crypto,BNB,top10_sharpe|crypto|BNB,,2,0.13333333333333333,1.5,,
entry_z,crypto,BNB,top10_sharpe|crypto|BNB,,4,0.26666666666666666,2.0,,
entry_z,crypto,BNB,top10_sharpe|crypto|BNB,,5,0.3333333333333333,2.5,,
entry_z,crypto,BNB,top10_sharpe|crypto|BNB,,4,0.26666666666666666,3.0,,
exit_z,crypto,BNB,top10_sharpe|crypto|BNB,,4,0.26666666666666666,,0.25,
exit_z,crypto,BNB,top10_sharpe|crypto|BNB,,3,0.2,,0.5,
exit_z,crypto,BNB,top10_sharpe|crypto|BNB,,3,0.2,,0.75,
exit_z,crypto,BNB,top10_sharpe|crypto|BNB,,5,0.3333333333333333,,1.0,
entry_exit_pair,crypto,BNB,top10_sharpe|crypto|BNB,,1,0.06666666666666667,,,1.5|0.25
entry_exit_pair,crypto,BNB,top10_sharpe|crypto|BNB,,1,0.06666666666666667,,,1.5|1.0
entry_exit_pair,crypto,BNB,top10_sharpe|crypto|BNB,,1,0.06666666666666667,,,2.0|0.25
entry_exit_pair,crypto,BNB,top10_sharpe|crypto|BNB,,1,0.06666666666666667,,,2.0|0.5
entry_exit_pair,crypto,BNB,top10_sharpe|crypto|BNB,,1,0.06666666666666667,,,2.0|0.75
entry_exit_pair,crypto,BNB,top10_sharpe|crypto|BNB,,1,0.06666666666666667,,,2.0|1.0
entry_exit_pair,crypto,BNB,top10_sharpe|crypto|BNB,,1,0.06666666666666667,,,2.5|0.25
entry_exit_pair,crypto,BNB,top10_sharpe|crypto|BNB,,1,0.06666666666666667,,,2.5|0.5
entry_exit_pair,crypto,BNB,top10_sharpe|crypto|BNB,,1,0.06666666666666667,,,2.5|0.75
entry_exit_pair,crypto,BNB,top10_sharpe|crypto|BNB,,2,0.13333333333333333,,,2.5|1.0
entry_exit_pair,crypto,BNB,top10_sharpe|crypto|BNB,,1,0.06666666666666667,,,3.0|0.25
entry_exit_pair,crypto,BNB,top10_sharpe|crypto|BNB,,1,0.06666666666666667,,,3.0|0.5
entry_exit_pair,crypto,BNB,top10_sharpe|crypto|BNB,,1,0.06666666666666667,,,3.0|0.75
entry_exit_pair,crypto,BNB,top10_sharpe|crypto|BNB,,1,0.06666666666666667,,,3.0|1.0
rebalance_entry_pair,crypto,BNB,top10_sharpe|crypto|BNB,,1,0.06666666666666667,,,168|1.5
rebalance_entry_pair,crypto,BNB,top10_sharpe|crypto|BNB,,1,0.06666666666666667,,,168|2.0
rebalance_entry_pair,crypto,BNB,top10_sharpe|crypto|BNB,,3,0.2,,,24|2.0
rebalance_entry_pair,crypto,BNB,top10_sharpe|crypto|BNB,,4,0.26666666666666666,,,24|2.5
rebalance_entry_pair,crypto,BNB,top10_sharpe|crypto|BNB,,4,0.26666666666666666,,,24|3.0
rebalance_entry_pair,crypto,BNB,top10_sharpe|crypto|BNB,,1,0.06666666666666667,,,72|1.5
rebalance_entry_pair,crypto,BNB,top10_sharpe|crypto|BNB,,1,0.06666666666666667,,,72|2.5
full_combo,crypto,BNB,top10_sharpe|crypto|BNB,,1,0.06666666666666667,,,168|1.5|1.0
full_combo,crypto,BNB,top10_sharpe|crypto|BNB,,1,0.06666666666666667,,,168|2.0|1.0
full_combo,crypto,BNB,top10_sharpe|crypto|BNB,,1,0.06666666666666667,,,24|2.0|0.25
full_combo,crypto,BNB,top10_sharpe|crypto|BNB,,1,0.06666666666666667,,,24|2.0|0.5
full_combo,crypto,BNB,top10_sharpe|crypto|BNB,,1,0.06666666666666667,,,24|2.0|0.75
full_combo,crypto,BNB,top10_sharpe|crypto|BNB,,1,0.06666666666666667,,,24|2.5|0.25
full_combo,crypto,BNB,top10_sharpe|crypto|BNB,,1,0.06666666666666667,,,24|2.5|0.5
full_combo,crypto,BNB,top10_sharpe|crypto|BNB,,1,0.06666666666666667,,,24|2.5|0.75
full_combo,crypto,BNB,top10_sharpe|crypto|BNB,,1,0.06666666666666667,,,24|2.5|1.0
full_combo,crypto,BNB,top10_sharpe|crypto|BNB,,1,0.06666666666666667,,,24|3.0|0.25
full_combo,crypto,BNB,top10_sharpe|crypto|BNB,,1,0.06666666666666667,,,24|3.0|0.5
full_combo,crypto,BNB,top10_sharpe|crypto|BNB,,1,0.06666666666666667,,,24|3.0|0.75
full_combo,crypto,BNB,top10_sharpe|crypto|BNB,,1,0.06666666666666667,,,24|3.0|1.0
full_combo,crypto,BNB,top10_sharpe|crypto|BNB,,1,0.06666666666666667,,,72|1.5|0.25
full_combo,crypto,BNB,top10_sharpe|crypto|BNB,,1,0.06666666666666667,,,72|2.5|1.0
rebalance_frequency,crypto,BTC,top10_sharpe|crypto|BTC,24.0,2,0.5,,,
rebalance_frequency,crypto,BTC,top10_sharpe|crypto|BTC,72.0,2,0.5,,,
entry_z,crypto,BTC,top10_sharpe|crypto|BTC,,2,0.5,2.5,,
entry_z,crypto,BTC,top10_sharpe|crypto|BTC,,2,0.5,3.0,,
exit_z,crypto,BTC,top10_sharpe|crypto|BTC,,1,0.25,,0.25,
exit_z,crypto,BTC,top10_sharpe|crypto|BTC,,2,0.5,,0.5,
exit_z,crypto,BTC,top10_sharpe|crypto|BTC,,1,0.25,,0.75,
entry_exit_pair,crypto,BTC,top10_sharpe|crypto|BTC,,1,0.25,,,2.5|0.5
entry_exit_pair,crypto,BTC,top10_sharpe|crypto|BTC,,1,0.25,,,2.5|0.75
entry_exit_pair,crypto,BTC,top10_sharpe|crypto|BTC,,1,0.25,,,3.0|0.25
entry_exit_pair,crypto,BTC,top10_sharpe|crypto|BTC,,1,0.25,,,3.0|0.5
rebalance_entry_pair,crypto,BTC,top10_sharpe|crypto|BTC,,2,0.5,,,24|3.0
rebalance_entry_pair,crypto,BTC,top10_sharpe|crypto|BTC,,2,0.5,,,72|2.5
full_combo,crypto,BTC,top10_sharpe|crypto|BTC,,1,0.25,,,24|3.0|0.25
full_combo,crypto,BTC,top10_sharpe|crypto|BTC,,1,0.25,,,24|3.0|0.5
full_combo,crypto,BTC,top10_sharpe|crypto|BTC,,1,0.25,,,72|2.5|0.5
full_combo,crypto,BTC,top10_sharpe|crypto|BTC,,1,0.25,,,72|2.5|0.75
rebalance_frequency,crypto,ETH,top10_sharpe|crypto|ETH,24.0,7,0.5384615384615384,,,
rebalance_frequency,crypto,ETH,top10_sharpe|crypto|ETH,72.0,4,0.3076923076923077,,,
rebalance_frequency,crypto,ETH,top10_sharpe|crypto|ETH,168.0,2,0.15384615384615385,,,
entry_z,crypto,ETH,top10_sharpe|crypto|ETH,,5,0.38461538461538464,2.5,,
entry_z,crypto,ETH,top10_sharpe|crypto|ETH,,8,0.6153846153846154,3.0,,
exit_z,crypto,ETH,top10_sharpe|crypto|ETH,,6,0.46153846153846156,,0.25,
exit_z,crypto,ETH,top10_sharpe|crypto|ETH,,3,0.23076923076923078,,0.5,
exit_z,crypto,ETH,top10_sharpe|crypto|ETH,,3,0.23076923076923078,,0.75,
exit_z,crypto,ETH,top10_sharpe|crypto|ETH,,1,0.07692307692307693,,1.0,
entry_exit_pair,crypto,ETH,top10_sharpe|crypto|ETH,,3,0.23076923076923078,,,2.5|0.25
entry_exit_pair,crypto,ETH,top10_sharpe|crypto|ETH,,1,0.07692307692307693,,,2.5|0.5
entry_exit_pair,crypto,ETH,top10_sharpe|crypto|ETH,,1,0.07692307692307693,,,2.5|0.75
entry_exit_pair,crypto,ETH,top10_sharpe|crypto|ETH,,3,0.23076923076923078,,,3.0|0.25
entry_exit_pair,crypto,ETH,top10_sharpe|crypto|ETH,,2,0.15384615384615385,,,3.0|0.5
entry_exit_pair,crypto,ETH,top10_sharpe|crypto|ETH,,2,0.15384615384615385,,,3.0|0.75
entry_exit_pair,crypto,ETH,top10_sharpe|crypto|ETH,,1,0.07692307692307693,,,3.0|1.0
rebalance_entry_pair,crypto,ETH,top10_sharpe|crypto|ETH,,1,0.07692307692307693,,,168|2.5
rebalance_entry_pair,crypto,ETH,top10_sharpe|crypto|ETH,,1,0.07692307692307693,,,168|3.0
rebalance_entry_pair,crypto,ETH,top10_sharpe|crypto|ETH,,3,0.23076923076923078,,,24|2.5
rebalance_entry_pair,crypto,ETH,top10_sharpe|crypto|ETH,,4,0.3076923076923077,,,24|3.0
rebalance_entry_pair,crypto,ETH,top10_sharpe|crypto|ETH,,1,0.07692307692307693,,,72|2.5
rebalance_entry_pair,crypto,ETH,top10_sharpe|crypto|ETH,,3,0.23076923076923078,,,72|3.0
full_combo,crypto,ETH,top10_sharpe|crypto|ETH,,1,0.07692307692307693,,,168|2.5|0.25
full_combo,crypto,ETH,top10_sharpe|crypto|ETH,,1,0.07692307692307693,,,168|3.0|0.25
full_combo,crypto,ETH,top10_sharpe|crypto|ETH,,1,0.07692307692307693,,,24|2.5|0.25
full_combo,crypto,ETH,top10_sharpe|crypto|ETH,,1,0.07692307692307693,,,24|2.5|0.5
full_combo,crypto,ETH,top10_sharpe|crypto|ETH,,1,0.07692307692307693,,,24|2.5|0.75
full_combo,crypto,ETH,top10_sharpe|crypto|ETH,,1,0.07692307692307693,,,24|3.0|0.25
full_combo,crypto,ETH,top10_sharpe|crypto|ETH,,1,0.07692307692307693,,,24|3.0|0.5
full_combo,crypto,ETH,top10_sharpe|crypto|ETH,,1,0.07692307692307693,,,24|3.0|0.75
full_combo,crypto,ETH,top10_sharpe|crypto|ETH,,1,0.07692307692307693,,,24|3.0|1.0
full_combo,crypto,ETH,top10_sharpe|crypto|ETH,,1,0.07692307692307693,,,72|2.5|0.25
full_combo,crypto,ETH,top10_sharpe|crypto|ETH,,1,0.07692307692307693,,,72|3.0|0.25
full_combo,crypto,ETH,top10_sharpe|crypto|ETH,,1,0.07692307692307693,,,72|3.0|0.5
full_combo,crypto,ETH,top10_sharpe|crypto|ETH,,1,0.07692307692307693,,,72|3.0|0.75
rebalance_frequency,crypto,LINK,top10_sharpe|crypto|LINK,24.0,10,0.38461538461538464,,,
rebalance_frequency,crypto,LINK,top10_sharpe|crypto|LINK,72.0,11,0.4230769230769231,,,
rebalance_frequency,crypto,LINK,top10_sharpe|crypto|LINK,168.0,3,0.11538461538461539,,,
rebalance_frequency,crypto,LINK,top10_sharpe|crypto|LINK,336.0,2,0.07692307692307693,,,
entry_z,crypto,LINK,top10_sharpe|crypto|LINK,,5,0.19230769230769232,1.0,,
entry_z,crypto,LINK,top10_sharpe|crypto|LINK,,11,0.4230769230769231,1.5,,
entry_z,crypto,LINK,top10_sharpe|crypto|LINK,,5,0.19230769230769232,2.0,,
entry_z,crypto,LINK,top10_sharpe|crypto|LINK,,4,0.15384615384615385,2.5,,
entry_z,crypto,LINK,top10_sharpe|crypto|LINK,,1,0.038461538461538464,3.0,,
exit_z,crypto,LINK,top10_sharpe|crypto|LINK,,12,0.46153846153846156,,0.25,
exit_z,crypto,LINK,top10_sharpe|crypto|LINK,,8,0.3076923076923077,,0.5,
exit_z,crypto,LINK,top10_sharpe|crypto|LINK,,5,0.19230769230769232,,0.75,
exit_z,crypto,LINK,top10_sharpe|crypto|LINK,,1,0.038461538461538464,,1.0,
entry_exit_pair,crypto,LINK,top10_sharpe|crypto|LINK,,3,0.11538461538461539,,,1.0|0.25
entry_exit_pair,crypto,LINK,top10_sharpe|crypto|LINK,,1,0.038461538461538464,,,1.0|0.5
entry_exit_pair,crypto,LINK,top10_sharpe|crypto|LINK,,1,0.038461538461538464,,,1.0|0.75
entry_exit_pair,crypto,LINK,top10_sharpe|crypto|LINK,,4,0.15384615384615385,,,1.5|0.25
entry_exit_pair,crypto,LINK,top10_sharpe|crypto|LINK,,3,0.11538461538461539,,,1.5|0.5
entry_exit_pair,crypto,LINK,top10_sharpe|crypto|LINK,,3,0.11538461538461539,,,1.5|0.75
entry_exit_pair,crypto,LINK,top10_sharpe|crypto|LINK,,1,0.038461538461538464,,,1.5|1.0
entry_exit_pair,crypto,LINK,top10_sharpe|crypto|LINK,,2,0.07692307692307693,,,2.0|0.25
entry_exit_pair,crypto,LINK,top10_sharpe|crypto|LINK,,2,0.07692307692307693,,,2.0|0.5
entry_exit_pair,crypto,LINK,top10_sharpe|crypto|LINK,,1,0.038461538461538464,,,2.0|0.75
entry_exit_pair,crypto,LINK,top10_sharpe|crypto|LINK,,2,0.07692307692307693,,,2.5|0.25
entry_exit_pair,crypto,LINK,top10_sharpe|crypto|LINK,,2,0.07692307692307693,,,2.5|0.5
entry_exit_pair,crypto,LINK,top10_sharpe|crypto|LINK,,1,0.038461538461538464,,,3.0|0.25
rebalance_entry_pair,crypto,LINK,top10_sharpe|crypto|LINK,,3,0.11538461538461539,,,168|1.5
rebalance_entry_pair,crypto,LINK,top10_sharpe|crypto|LINK,,2,0.07692307692307693,,,24|1.0
rebalance_entry_pair,crypto,LINK,top10_sharpe|crypto|LINK,,4,0.15384615384615385,,,24|1.5
rebalance_entry_pair,crypto,LINK,top10_sharpe|crypto|LINK,,2,0.07692307692307693,,,24|2.0
rebalance_entry_pair,crypto,LINK,top10_sharpe|crypto|LINK,,2,0.07692307692307693,,,24|2.5
rebalance_entry_pair,crypto,LINK,top10_sharpe|crypto|LINK,,1,0.038461538461538464,,,336|1.0
rebalance_entry_pair,crypto,LINK,top10_sharpe|crypto|LINK,,1,0.038461538461538464,,,336|1.5
rebalance_entry_pair,crypto,LINK,top10_sharpe|crypto|LINK,,2,0.07692307692307693,,,72|1.0
rebalance_entry_pair,crypto,LINK,top10_sharpe|crypto|LINK,,3,0.11538461538461539,,,72|1.5
rebalance_entry_pair,crypto,LINK,top10_sharpe|crypto|LINK,,3,0.11538461538461539,,,72|2.0
rebalance_entry_pair,crypto,LINK,top10_sharpe|crypto|LINK,,2,0.07692307692307693,,,72|2.5
rebalance_entry_pair,crypto,LINK,top10_sharpe|crypto|LINK,,1,0.038461538461538464,,,72|3.0
full_combo,crypto,LINK,top10_sharpe|crypto|LINK,,1,0.038461538461538464,,,168|1.5|0.25
full_combo,crypto,LINK,top10_sharpe|crypto|LINK,,1,0.038461538461538464,,,168|1.5|0.5
full_combo,crypto,LINK,top10_sharpe|crypto|LINK,,1,0.038461538461538464,,,168|1.5|0.75
full_combo,crypto,LINK,top10_sharpe|crypto|LINK,,1,0.038461538461538464,,,24|1.0|0.25
full_combo,crypto,LINK,top10_sharpe|crypto|LINK,,1,0.038461538461538464,,,24|1.0|0.5
full_combo,crypto,LINK,top10_sharpe|crypto|LINK,,1,0.038461538461538464,,,24|1.5|0.25
full_combo,crypto,LINK,top10_sharpe|crypto|LINK,,1,0.038461538461538464,,,24|1.5|0.5
full_combo,crypto,LINK,top10_sharpe|crypto|LINK,,1,0.038461538461538464,,,24|1.5|0.75
full_combo,crypto,LINK,top10_sharpe|crypto|LINK,,1,0.038461538461538464,,,24|1.5|1.0
full_combo,crypto,LINK,top10_sharpe|crypto|LINK,,1,0.038461538461538464,,,24|2.0|0.25
full_combo,crypto,LINK,top10_sharpe|crypto|LINK,,1,0.038461538461538464,,,24|2.0|0.5
full_combo,crypto,LINK,top10_sharpe|crypto|LINK,,1,0.038461538461538464,,,24|2.5|0.25
full_combo,crypto,LINK,top10_sharpe|crypto|LINK,,1,0.038461538461538464,,,24|2.5|0.5
full_combo,crypto,LINK,top10_sharpe|crypto|LINK,,1,0.038461538461538464,,,336|1.0|0.25
full_combo,crypto,LINK,top10_sharpe|crypto|LINK,,1,0.038461538461538464,,,336|1.5|0.25
full_combo,crypto,LINK,top10_sharpe|crypto|LINK,,1,0.038461538461538464,,,72|1.0|0.25
full_combo,crypto,LINK,top10_sharpe|crypto|LINK,,1,0.038461538461538464,,,72|1.0|0.75
full_combo,crypto,LINK,top10_sharpe|crypto|LINK,,1,0.038461538461538464,,,72|1.5|0.25
full_combo,crypto,LINK,top10_sharpe|crypto|LINK,,1,0.038461538461538464,,,72|1.5|0.5
full_combo,crypto,LINK,top10_sharpe|crypto|LINK,,1,0.038461538461538464,,,72|1.5|0.75
full_combo,crypto,LINK,top10_sharpe|crypto|LINK,,1,0.038461538461538464,,,72|2.0|0.25
full_combo,crypto,LINK,top10_sharpe|crypto|LINK,,1,0.038461538461538464,,,72|2.0|0.5
full_combo,crypto,LINK,top10_sharpe|crypto|LINK,,1,0.038461538461538464,,,72|2.0|0.75
full_combo,crypto,LINK,top10_sharpe|crypto|LINK,,1,0.038461538461538464,,,72|2.5|0.25
full_combo,crypto,LINK,top10_sharpe|crypto|LINK,,1,0.038461538461538464,,,72|2.5|0.5
full_combo,crypto,LINK,top10_sharpe|crypto|LINK,,1,0.038461538461538464,,,72|3.0|0.25
rebalance_frequency,crypto,XRP,top10_sharpe|crypto|XRP,24.0,3,1.0,,,
entry_z,crypto,XRP,top10_sharpe|crypto|XRP,,1,0.3333333333333333,1.5,,
entry_z,crypto,XRP,top10_sharpe|crypto|XRP,,1,0.3333333333333333,2.0,,
entry_z,crypto,XRP,top10_sharpe|crypto|XRP,,1,0.3333333333333333,2.5,,
exit_z,crypto,XRP,top10_sharpe|crypto|XRP,,3,1.0,,0.25,
entry_exit_pair,crypto,XRP,top10_sharpe|crypto|XRP,,1,0.3333333333333333,,,1.5|0.25
entry_exit_pair,crypto,XRP,top10_sharpe|crypto|XRP,,1,0.3333333333333333,,,2.0|0.25
entry_exit_pair,crypto,XRP,top10_sharpe|crypto|XRP,,1,0.3333333333333333,,,2.5|0.25
rebalance_entry_pair,crypto,XRP,top10_sharpe|crypto|XRP,,1,0.3333333333333333,,,24|1.5
rebalance_entry_pair,crypto,XRP,top10_sharpe|crypto|XRP,,1,0.3333333333333333,,,24|2.0
rebalance_entry_pair,crypto,XRP,top10_sharpe|crypto|XRP,,1,0.3333333333333333,,,24|2.5
full_combo,crypto,XRP,top10_sharpe|crypto|XRP,,1,0.3333333333333333,,,24|1.5|0.25
full_combo,crypto,XRP,top10_sharpe|crypto|XRP,,1,0.3333333333333333,,,24|2.0|0.25
full_combo,crypto,XRP,top10_sharpe|crypto|XRP,,1,0.3333333333333333,,,24|2.5|0.25
rebalance_frequency,russia,AFKS,top10_sharpe|russia|AFKS,5.0,8,0.8,,,
rebalance_frequency,russia,AFKS,top10_sharpe|russia|AFKS,10.0,2,0.2,,,
entry_z,russia,AFKS,top10_sharpe|russia|AFKS,,2,0.2,2.0,,
entry_z,russia,AFKS,top10_sharpe|russia|AFKS,,4,0.4,2.5,,
entry_z,russia,AFKS,top10_sharpe|russia|AFKS,,4,0.4,3.0,,
exit_z,russia,AFKS,top10_sharpe|russia|AFKS,,5,0.5,,0.25,
exit_z,russia,AFKS,top10_sharpe|russia|AFKS,,1,0.1,,0.5,
exit_z,russia,AFKS,top10_sharpe|russia|AFKS,,2,0.2,,0.75,
exit_z,russia,AFKS,top10_sharpe|russia|AFKS,,2,0.2,,1.0,
entry_exit_pair,russia,AFKS,top10_sharpe|russia|AFKS,,2,0.2,,,2.0|0.25
entry_exit_pair,russia,AFKS,top10_sharpe|russia|AFKS,,2,0.2,,,2.5|0.25
entry_exit_pair,russia,AFKS,top10_sharpe|russia|AFKS,,1,0.1,,,2.5|0.75
entry_exit_pair,russia,AFKS,top10_sharpe|russia|AFKS,,1,0.1,,,2.5|1.0
entry_exit_pair,russia,AFKS,top10_sharpe|russia|AFKS,,1,0.1,,,3.0|0.25
entry_exit_pair,russia,AFKS,top10_sharpe|russia|AFKS,,1,0.1,,,3.0|0.5
entry_exit_pair,russia,AFKS,top10_sharpe|russia|AFKS,,1,0.1,,,3.0|0.75
entry_exit_pair,russia,AFKS,top10_sharpe|russia|AFKS,,1,0.1,,,3.0|1.0
rebalance_entry_pair,russia,AFKS,top10_sharpe|russia|AFKS,,1,0.1,,,10|2.0
rebalance_entry_pair,russia,AFKS,top10_sharpe|russia|AFKS,,1,0.1,,,10|2.5
rebalance_entry_pair,russia,AFKS,top10_sharpe|russia|AFKS,,1,0.1,,,5|2.0
rebalance_entry_pair,russia,AFKS,top10_sharpe|russia|AFKS,,3,0.3,,,5|2.5
rebalance_entry_pair,russia,AFKS,top10_sharpe|russia|AFKS,,4,0.4,,,5|3.0
full_combo,russia,AFKS,top10_sharpe|russia|AFKS,,1,0.1,,,10|2.0|0.25
full_combo,russia,AFKS,top10_sharpe|russia|AFKS,,1,0.1,,,10|2.5|0.25
full_combo,russia,AFKS,top10_sharpe|russia|AFKS,,1,0.1,,,5|2.0|0.25
full_combo,russia,AFKS,top10_sharpe|russia|AFKS,,1,0.1,,,5|2.5|0.25
full_combo,russia,AFKS,top10_sharpe|russia|AFKS,,1,0.1,,,5|2.5|0.75
full_combo,russia,AFKS,top10_sharpe|russia|AFKS,,1,0.1,,,5|2.5|1.0
full_combo,russia,AFKS,top10_sharpe|russia|AFKS,,1,0.1,,,5|3.0|0.25
full_combo,russia,AFKS,top10_sharpe|russia|AFKS,,1,0.1,,,5|3.0|0.5
full_combo,russia,AFKS,top10_sharpe|russia|AFKS,,1,0.1,,,5|3.0|0.75
full_combo,russia,AFKS,top10_sharpe|russia|AFKS,,1,0.1,,,5|3.0|1.0
rebalance_frequency,russia,AFLT,top10_sharpe|russia|AFLT,5.0,1,1.0,,,
entry_z,russia,AFLT,top10_sharpe|russia|AFLT,,1,1.0,2.0,,
exit_z,russia,AFLT,top10_sharpe|russia|AFLT,,1,1.0,,0.25,
entry_exit_pair,russia,AFLT,top10_sharpe|russia|AFLT,,1,1.0,,,2.0|0.25
rebalance_entry_pair,russia,AFLT,top10_sharpe|russia|AFLT,,1,1.0,,,5|2.0
full_combo,russia,AFLT,top10_sharpe|russia|AFLT,,1,1.0,,,5|2.0|0.25
rebalance_frequency,russia,CHMF,top10_sharpe|russia|CHMF,5.0,1,0.5,,,
rebalance_frequency,russia,CHMF,top10_sharpe|russia|CHMF,21.0,1,0.5,,,
entry_z,russia,CHMF,top10_sharpe|russia|CHMF,,1,0.5,2.0,,
entry_z,russia,CHMF,top10_sharpe|russia|CHMF,,1,0.5,2.5,,
exit_z,russia,CHMF,top10_sharpe|russia|CHMF,,2,1.0,,0.25,
entry_exit_pair,russia,CHMF,top10_sharpe|russia|CHMF,,1,0.5,,,2.0|0.25
entry_exit_pair,russia,CHMF,top10_sharpe|russia|CHMF,,1,0.5,,,2.5|0.25
rebalance_entry_pair,russia,CHMF,top10_sharpe|russia|CHMF,,1,0.5,,,21|2.5
rebalance_entry_pair,russia,CHMF,top10_sharpe|russia|CHMF,,1,0.5,,,5|2.0
full_combo,russia,CHMF,top10_sharpe|russia|CHMF,,1,0.5,,,21|2.5|0.25
full_combo,russia,CHMF,top10_sharpe|russia|CHMF,,1,0.5,,,5|2.0|0.25
rebalance_frequency,russia,MOEX,top10_sharpe|russia|MOEX,5.0,3,0.5,,,
rebalance_frequency,russia,MOEX,top10_sharpe|russia|MOEX,10.0,3,0.5,,,
entry_z,russia,MOEX,top10_sharpe|russia|MOEX,,6,1.0,2.5,,
exit_z,russia,MOEX,top10_sharpe|russia|MOEX,,2,0.3333333333333333,,0.25,
exit_z,russia,MOEX,top10_sharpe|russia|MOEX,,2,0.3333333333333333,,0.5,
exit_z,russia,MOEX,top10_sharpe|russia|MOEX,,2,0.3333333333333333,,0.75,
entry_exit_pair,russia,MOEX,top10_sharpe|russia|MOEX,,2,0.3333333333333333,,,2.5|0.25
entry_exit_pair,russia,MOEX,top10_sharpe|russia|MOEX,,2,0.3333333333333333,,,2.5|0.5
entry_exit_pair,russia,MOEX,top10_sharpe|russia|MOEX,,2,0.3333333333333333,,,2.5|0.75
rebalance_entry_pair,russia,MOEX,top10_sharpe|russia|MOEX,,3,0.5,,,10|2.5
rebalance_entry_pair,russia,MOEX,top10_sharpe|russia|MOEX,,3,0.5,,,5|2.5
full_combo,russia,MOEX,top10_sharpe|russia|MOEX,,1,0.16666666666666666,,,10|2.5|0.25
full_combo,russia,MOEX,top10_sharpe|russia|MOEX,,1,0.16666666666666666,,,10|2.5|0.5
full_combo,russia,MOEX,top10_sharpe|russia|MOEX,,1,0.16666666666666666,,,10|2.5|0.75
full_combo,russia,MOEX,top10_sharpe|russia|MOEX,,1,0.16666666666666666,,,5|2.5|0.25
full_combo,russia,MOEX,top10_sharpe|russia|MOEX,,1,0.16666666666666666,,,5|2.5|0.5
full_combo,russia,MOEX,top10_sharpe|russia|MOEX,,1,0.16666666666666666,,,5|2.5|0.75
rebalance_frequency,russia,SBER,top10_sharpe|russia|SBER,21.0,2,1.0,,,
entry_z,russia,SBER,top10_sharpe|russia|SBER,,2,1.0,1.0,,
exit_z,russia,SBER,top10_sharpe|russia|SBER,,1,0.5,,0.25,
exit_z,russia,SBER,top10_sharpe|russia|SBER,,1,0.5,,0.5,
entry_exit_pair,russia,SBER,top10_sharpe|russia|SBER,,1,0.5,,,1.0|0.25
entry_exit_pair,russia,SBER,top10_sharpe|russia|SBER,,1,0.5,,,1.0|0.5
rebalance_entry_pair,russia,SBER,top10_sharpe|russia|SBER,,2,1.0,,,21|1.0
full_combo,russia,SBER,top10_sharpe|russia|SBER,,1,0.5,,,21|1.0|0.25
full_combo,russia,SBER,top10_sharpe|russia|SBER,,1,0.5,,,21|1.0|0.5
rebalance_frequency,usa,BRK.B,top10_sharpe|usa|BRK.B,10.0,3,1.0,,,
entry_z,usa,BRK.B,top10_sharpe|usa|BRK.B,,3,1.0,3.0,,
exit_z,usa,BRK.B,top10_sharpe|usa|BRK.B,,1,0.3333333333333333,,0.5,
exit_z,usa,BRK.B,top10_sharpe|usa|BRK.B,,1,0.3333333333333333,,0.75,
exit_z,usa,BRK.B,top10_sharpe|usa|BRK.B,,1,0.3333333333333333,,1.0,
entry_exit_pair,usa,BRK.B,top10_sharpe|usa|BRK.B,,1,0.3333333333333333,,,3.0|0.5
entry_exit_pair,usa,BRK.B,top10_sharpe|usa|BRK.B,,1,0.3333333333333333,,,3.0|0.75
entry_exit_pair,usa,BRK.B,top10_sharpe|usa|BRK.B,,1,0.3333333333333333,,,3.0|1.0
rebalance_entry_pair,usa,BRK.B,top10_sharpe|usa|BRK.B,,3,1.0,,,10|3.0
full_combo,usa,BRK.B,top10_sharpe|usa|BRK.B,,1,0.3333333333333333,,,10|3.0|0.5
full_combo,usa,BRK.B,top10_sharpe|usa|BRK.B,,1,0.3333333333333333,,,10|3.0|0.75
full_combo,usa,BRK.B,top10_sharpe|usa|BRK.B,,1,0.3333333333333333,,,10|3.0|1.0
rebalance_frequency,usa,JNJ,top10_sharpe|usa|JNJ,5.0,3,1.0,,,
entry_z,usa,JNJ,top10_sharpe|usa|JNJ,,1,0.3333333333333333,1.5,,
entry_z,usa,JNJ,top10_sharpe|usa|JNJ,,2,0.6666666666666666,2.0,,
exit_z,usa,JNJ,top10_sharpe|usa|JNJ,,1,0.3333333333333333,,0.25,
exit_z,usa,JNJ,top10_sharpe|usa|JNJ,,2,0.6666666666666666,,0.75,
entry_exit_pair,usa,JNJ,top10_sharpe|usa|JNJ,,1,0.3333333333333333,,,1.5|0.75
entry_exit_pair,usa,JNJ,top10_sharpe|usa|JNJ,,1,0.3333333333333333,,,2.0|0.25
entry_exit_pair,usa,JNJ,top10_sharpe|usa|JNJ,,1,0.3333333333333333,,,2.0|0.75
rebalance_entry_pair,usa,JNJ,top10_sharpe|usa|JNJ,,1,0.3333333333333333,,,5|1.5
rebalance_entry_pair,usa,JNJ,top10_sharpe|usa|JNJ,,2,0.6666666666666666,,,5|2.0
full_combo,usa,JNJ,top10_sharpe|usa|JNJ,,1,0.3333333333333333,,,5|1.5|0.75
full_combo,usa,JNJ,top10_sharpe|usa|JNJ,,1,0.3333333333333333,,,5|2.0|0.25
full_combo,usa,JNJ,top10_sharpe|usa|JNJ,,1,0.3333333333333333,,,5|2.0|0.75
rebalance_frequency,usa,JPM,top10_sharpe|usa|JPM,5.0,12,0.5714285714285714,,,
rebalance_frequency,usa,JPM,top10_sharpe|usa|JPM,10.0,8,0.38095238095238093,,,
rebalance_frequency,usa,JPM,top10_sharpe|usa|JPM,21.0,1,0.047619047619047616,,,
entry_z,usa,JPM,top10_sharpe|usa|JPM,,6,0.2857142857142857,1.0,,
entry_z,usa,JPM,top10_sharpe|usa|JPM,,9,0.42857142857142855,1.5,,
entry_z,usa,JPM,top10_sharpe|usa|JPM,,5,0.23809523809523808,2.0,,
entry_z,usa,JPM,top10_sharpe|usa|JPM,,1,0.047619047619047616,2.5,,
exit_z,usa,JPM,top10_sharpe|usa|JPM,,7,0.3333333333333333,,0.25,
exit_z,usa,JPM,top10_sharpe|usa|JPM,,5,0.23809523809523808,,0.5,
exit_z,usa,JPM,top10_sharpe|usa|JPM,,5,0.23809523809523808,,0.75,
exit_z,usa,JPM,top10_sharpe|usa|JPM,,4,0.19047619047619047,,1.0,
entry_exit_pair,usa,JPM,top10_sharpe|usa|JPM,,2,0.09523809523809523,,,1.0|0.25
entry_exit_pair,usa,JPM,top10_sharpe|usa|JPM,,2,0.09523809523809523,,,1.0|0.5
entry_exit_pair,usa,JPM,top10_sharpe|usa|JPM,,2,0.09523809523809523,,,1.0|0.75
entry_exit_pair,usa,JPM,top10_sharpe|usa|JPM,,2,0.09523809523809523,,,1.5|0.25
entry_exit_pair,usa,JPM,top10_sharpe|usa|JPM,,2,0.09523809523809523,,,1.5|0.5
entry_exit_pair,usa,JPM,top10_sharpe|usa|JPM,,2,0.09523809523809523,,,1.5|0.75
entry_exit_pair,usa,JPM,top10_sharpe|usa|JPM,,3,0.14285714285714285,,,1.5|1.0
entry_exit_pair,usa,JPM,top10_sharpe|usa|JPM,,2,0.09523809523809523,,,2.0|0.25
entry_exit_pair,usa,JPM,top10_sharpe|usa|JPM,,1,0.047619047619047616,,,2.0|0.5
entry_exit_pair,usa,JPM,top10_sharpe|usa|JPM,,1,0.047619047619047616,,,2.0|0.75
entry_exit_pair,usa,JPM,top10_sharpe|usa|JPM,,1,0.047619047619047616,,,2.0|1.0
entry_exit_pair,usa,JPM,top10_sharpe|usa|JPM,,1,0.047619047619047616,,,2.5|0.25
rebalance_entry_pair,usa,JPM,top10_sharpe|usa|JPM,,3,0.14285714285714285,,,10|1.0
rebalance_entry_pair,usa,JPM,top10_sharpe|usa|JPM,,4,0.19047619047619047,,,10|1.5
rebalance_entry_pair,usa,JPM,top10_sharpe|usa|JPM,,1,0.047619047619047616,,,10|2.0
rebalance_entry_pair,usa,JPM,top10_sharpe|usa|JPM,,1,0.047619047619047616,,,21|1.5
rebalance_entry_pair,usa,JPM,top10_sharpe|usa|JPM,,3,0.14285714285714285,,,5|1.0
rebalance_entry_pair,usa,JPM,top10_sharpe|usa|JPM,,4,0.19047619047619047,,,5|1.5
rebalance_entry_pair,usa,JPM,top10_sharpe|usa|JPM,,4,0.19047619047619047,,,5|2.0
rebalance_entry_pair,usa,JPM,top10_sharpe|usa|JPM,,1,0.047619047619047616,,,5|2.5
full_combo,usa,JPM,top10_sharpe|usa|JPM,,1,0.047619047619047616,,,10|1.0|0.25
full_combo,usa,JPM,top10_sharpe|usa|JPM,,1,0.047619047619047616,,,10|1.0|0.5
full_combo,usa,JPM,top10_sharpe|usa|JPM,,1,0.047619047619047616,,,10|1.0|0.75
full_combo,usa,JPM,top10_sharpe|usa|JPM,,1,0.047619047619047616,,,10|1.5|0.25
full_combo,usa,JPM,top10_sharpe|usa|JPM,,1,0.047619047619047616,,,10|1.5|0.5
full_combo,usa,JPM,top10_sharpe|usa|JPM,,1,0.047619047619047616,,,10|1.5|0.75
full_combo,usa,JPM,top10_sharpe|usa|JPM,,1,0.047619047619047616,,,10|1.5|1.0
full_combo,usa,JPM,top10_sharpe|usa|JPM,,1,0.047619047619047616,,,10|2.0|0.25
full_combo,usa,JPM,top10_sharpe|usa|JPM,,1,0.047619047619047616,,,21|1.5|1.0
full_combo,usa,JPM,top10_sharpe|usa|JPM,,1,0.047619047619047616,,,5|1.0|0.25
full_combo,usa,JPM,top10_sharpe|usa|JPM,,1,0.047619047619047616,,,5|1.0|0.5
full_combo,usa,JPM,top10_sharpe|usa|JPM,,1,0.047619047619047616,,,5|1.0|0.75
full_combo,usa,JPM,top10_sharpe|usa|JPM,,1,0.047619047619047616,,,5|1.5|0.25
full_combo,usa,JPM,top10_sharpe|usa|JPM,,1,0.047619047619047616,,,5|1.5|0.5
full_combo,usa,JPM,top10_sharpe|usa|JPM,,1,0.047619047619047616,,,5|1.5|0.75
full_combo,usa,JPM,top10_sharpe|usa|JPM,,1,0.047619047619047616,,,5|1.5|1.0
full_combo,usa,JPM,top10_sharpe|usa|JPM,,1,0.047619047619047616,,,5|2.0|0.25
full_combo,usa,JPM,top10_sharpe|usa|JPM,,1,0.047619047619047616,,,5|2.0|0.5
full_combo,usa,JPM,top10_sharpe|usa|JPM,,1,0.047619047619047616,,,5|2.0|0.75
full_combo,usa,JPM,top10_sharpe|usa|JPM,,1,0.047619047619047616,,,5|2.0|1.0
full_combo,usa,JPM,top10_sharpe|usa|JPM,,1,0.047619047619047616,,,5|2.5|0.25
rebalance_frequency,usa,NVDA,top10_sharpe|usa|NVDA,10.0,2,0.5,,,
rebalance_frequency,usa,NVDA,top10_sharpe|usa|NVDA,21.0,2,0.5,,,
entry_z,usa,NVDA,top10_sharpe|usa|NVDA,,1,0.25,1.0,,
entry_z,usa,NVDA,top10_sharpe|usa|NVDA,,3,0.75,1.5,,
exit_z,usa,NVDA,top10_sharpe|usa|NVDA,,3,0.75,,0.25,
exit_z,usa,NVDA,top10_sharpe|usa|NVDA,,1,0.25,,0.5,
entry_exit_pair,usa,NVDA,top10_sharpe|usa|NVDA,,1,0.25,,,1.0|0.25
entry_exit_pair,usa,NVDA,top10_sharpe|usa|NVDA,,2,0.5,,,1.5|0.25
entry_exit_pair,usa,NVDA,top10_sharpe|usa|NVDA,,1,0.25,,,1.5|0.5
rebalance_entry_pair,usa,NVDA,top10_sharpe|usa|NVDA,,1,0.25,,,10|1.0
rebalance_entry_pair,usa,NVDA,top10_sharpe|usa|NVDA,,1,0.25,,,10|1.5
rebalance_entry_pair,usa,NVDA,top10_sharpe|usa|NVDA,,2,0.5,,,21|1.5
full_combo,usa,NVDA,top10_sharpe|usa|NVDA,,1,0.25,,,10|1.0|0.25
full_combo,usa,NVDA,top10_sharpe|usa|NVDA,,1,0.25,,,10|1.5|0.25
full_combo,usa,NVDA,top10_sharpe|usa|NVDA,,1,0.25,,,21|1.5|0.25
full_combo,usa,NVDA,top10_sharpe|usa|NVDA,,1,0.25,,,21|1.5|0.5
