dimension,market,group,rebalance_frequency,count,share,entry_z,exit_z,value
rebalance_frequency,crypto,top10_sharpe|crypto,24.0,45,0.5625,,,
rebalance_frequency,crypto,top10_sharpe|crypto,72.0,21,0.2625,,,
rebalance_frequency,crypto,top10_sharpe|crypto,168.0,10,0.125,,,
rebalance_frequency,crypto,top10_sharpe|crypto,336.0,4,0.05,,,
entry_z,crypto,top10_sharpe|crypto,,4,0.05,1.0,,
entry_z,crypto,top10_sharpe|crypto,,13,0.1625,1.5,,
entry_z,crypto,top10_sharpe|crypto,,18,0.225,2.0,,
entry_z,crypto,top10_sharpe|crypto,,23,0.2875,2.5,,
entry_z,crypto,top10_sharpe|crypto,,22,0.275,3.0,,
exit_z,crypto,top10_sharpe|crypto,,39,0.4875,,0.0,
exit_z,crypto,top10_sharpe|crypto,,16,0.2,,0.25,
exit_z,crypto,top10_sharpe|crypto,,11,0.1375,,0.5,
exit_z,crypto,top10_sharpe|crypto,,7,0.0875,,0.75,
exit_z,crypto,top10_sharpe|crypto,,7,0.0875,,1.0,
entry_exit_pair,crypto,top10_sharpe|crypto,,4,0.05,,,1.0|0.0
entry_exit_pair,crypto,top10_sharpe|crypto,,7,0.0875,,,1.5|0.0
entry_exit_pair,crypto,top10_sharpe|crypto,,4,0.05,,,1.5|0.25
entry_exit_pair,crypto,top10_sharpe|crypto,,1,0.0125,,,1.5|0.5
entry_exit_pair,crypto,top10_sharpe|crypto,,1,0.0125,,,1.5|1.0
entry_exit_pair,crypto,top10_sharpe|crypto,,11,0.1375,,,2.0|0.0
entry_exit_pair,crypto,top10_sharpe|crypto,,2,0.025,,,2.0|0.25
entry_exit_pair,crypto,top10_sharpe|crypto,,3,0.0375,,,2.0|0.5
entry_exit_pair,crypto,top10_sharpe|crypto,,1,0.0125,,,2.0|0.75
entry_exit_pair,crypto,top10_sharpe|crypto,,1,0.0125,,,2.0|1.0
entry_exit_pair,crypto,top10_sharpe|crypto,,10,0.125,,,2.5|0.0
entry_exit_pair,crypto,top10_sharpe|crypto,,5,0.0625,,,2.5|0.25
entry_exit_pair,crypto,top10_sharpe|crypto,,3,0.0375,,,2.5|0.5
entry_exit_pair,crypto,top10_sharpe|crypto,,3,0.0375,,,2.5|0.75
entry_exit_pair,crypto,top10_sharpe|crypto,,2,0.025,,,2.5|1.0
entry_exit_pair,crypto,top10_sharpe|crypto,,7,0.0875,,,3.0|0.0
entry_exit_pair,crypto,top10_sharpe|crypto,,5,0.0625,,,3.0|0.25
entry_exit_pair,crypto,top10_sharpe|crypto,,4,0.05,,,3.0|0.5
entry_exit_pair,crypto,top10_sharpe|crypto,,3,0.0375,,,3.0|0.75
entry_exit_pair,crypto,top10_sharpe|crypto,,3,0.0375,,,3.0|1.0
rebalance_entry_pair,crypto,top10_sharpe|crypto,,1,0.0125,,,168|1.0
rebalance_entry_pair,crypto,top10_sharpe|crypto,,2,0.025,,,168|1.5
rebalance_entry_pair,crypto,top10_sharpe|crypto,,2,0.025,,,168|2.0
rebalance_entry_pair,crypto,top10_sharpe|crypto,,3,0.0375,,,168|2.5
rebalance_entry_pair,crypto,top10_sharpe|crypto,,2,0.025,,,168|3.0
rebalance_entry_pair,crypto,top10_sharpe|crypto,,2,0.025,,,24|1.0
rebalance_entry_pair,crypto,top10_sharpe|crypto,,6,0.075,,,24|1.5
rebalance_entry_pair,crypto,top10_sharpe|crypto,,11,0.1375,,,24|2.0
rebalance_entry_pair,crypto,top10_sharpe|crypto,,13,0.1625,,,24|2.5
rebalance_entry_pair,crypto,top10_sharpe|crypto,,13,0.1625,,,24|3.0
rebalance_entry_pair,crypto,top10_sharpe|crypto,,1,0.0125,,,336|1.0
rebalance_entry_pair,crypto,top10_sharpe|crypto,,2,0.025,,,336|2.0
rebalance_entry_pair,crypto,top10_sharpe|crypto,,1,0.0125,,,336|2.5
rebalance_entry_pair,crypto,top10_sharpe|crypto,,5,0.0625,,,72|1.5
rebalance_entry_pair,crypto,top10_sharpe|crypto,,3,0.0375,,,72|2.0
rebalance_entry_pair,crypto,top10_sharpe|crypto,,6,0.075,,,72|2.5
rebalance_entry_pair,crypto,top10_sharpe|crypto,,7,0.0875,,,72|3.0
full_combo,crypto,top10_sharpe|crypto,,1,0.0125,,,168|1.0|0.0
full_combo,crypto,top10_sharpe|crypto,,1,0.0125,,,168|1.5|0.0
full_combo,crypto,top10_sharpe|crypto,,1,0.0125,,,168|1.5|1.0
full_combo,crypto,top10_sharpe|crypto,,1,0.0125,,,168|2.0|0.0
full_combo,crypto,top10_sharpe|crypto,,1,0.0125,,,168|2.0|1.0
full_combo,crypto,top10_sharpe|crypto,,2,0.025,,,168|2.5|0.0
full_combo,crypto,top10_sharpe|crypto,,1,0.0125,,,168|2.5|0.25
full_combo,crypto,top10_sharpe|crypto,,1,0.0125,,,168|3.0|0.0
full_combo,crypto,top10_sharpe|crypto,,1,0.0125,,,168|3.0|0.25
full_combo,crypto,top10_sharpe|crypto,,2,0.025,,,24|1.0|0.0
full_combo,crypto,top10_sharpe|crypto,,3,0.0375,,,24|1.5|0.0
full_combo,crypto,top10_sharpe|crypto,,2,0.025,,,24|1.5|0.25
full_combo,crypto,top10_sharpe|crypto,,1,0.0125,,,24|1.5|0.5
full_combo,crypto,top10_sharpe|crypto,,5,0.0625,,,24|2.0|0.0
full_combo,crypto,top10_sharpe|crypto,,2,0.025,,,24|2.0|0.25
full_combo,crypto,top10_sharpe|crypto,,3,0.0375,,,24|2.0|0.5
full_combo,crypto,top10_sharpe|crypto,,1,0.0125,,,24|2.0|0.75
full_combo,crypto,top10_sharpe|crypto,,5,0.0625,,,24|2.5|0.0
full_combo,crypto,top10_sharpe|crypto,,3,0.0375,,,24|2.5|0.25
full_combo,crypto,top10_sharpe|crypto,,2,0.025,,,24|2.5|0.5
full_combo,crypto,top10_sharpe|crypto,,2,0.025,,,24|2.5|0.75
full_combo,crypto,top10_sharpe|crypto,,1,0.0125,,,24|2.5|1.0
full_combo,crypto,top10_sharpe|crypto,,3,0.0375,,,24|3.0|0.0
full_combo,crypto,top10_sharpe|crypto,,3,0.0375,,,24|3.0|0.25
full_combo,crypto,top10_sharpe|crypto,,3,0.0375,,,24|3.0|0.5
full_combo,crypto,top10_sharpe|crypto,,2,0.025,,,24|3.0|0.75
full_combo,crypto,top10_sharpe|crypto,,2,0.025,,,24|3.0|1.0
full_combo,crypto,top10_sharpe|crypto,,1,0.0125,,,336|1.0|0.0
full_combo,crypto,top10_sharpe|crypto,,2,0.025,,,336|2.0|0.0
full_combo,crypto,top10_sharpe|crypto,,1,0.0125,,,336|2.5|0.0
full_combo,crypto,top10_sharpe|crypto,,3,0.0375,,,72|1.5|0.0
full_combo,crypto,top10_sharpe|crypto,,2,0.025,,,72|1.5|0.25
full_combo,crypto,top10_sharpe|crypto,,3,0.0375,,,72|2.0|0.0
full_combo,crypto,top10_sharpe|crypto,,2,0.025,,,72|2.5|0.0
full_combo,crypto,top10_sharpe|crypto,,1,0.0125,,,72|2.5|0.25
full_combo,crypto,top10_sharpe|crypto,,1,0.0125,,,72|2.5|0.5
full_combo,crypto,top10_sharpe|crypto,,1,0.0125,,,72|2.5|0.75
full_combo,crypto,top10_sharpe|crypto,,1,0.0125,,,72|2.5|1.0
full_combo,crypto,top10_sharpe|crypto,,3,0.0375,,,72|3.0|0.0
full_combo,crypto,top10_sharpe|crypto,,1,0.0125,,,72|3.0|0.25
full_combo,crypto,top10_sharpe|crypto,,1,0.0125,,,72|3.0|0.5
full_combo,crypto,top10_sharpe|crypto,,1,0.0125,,,72|3.0|0.75
full_combo,crypto,top10_sharpe|crypto,,1,0.0125,,,72|3.0|1.0
rebalance_frequency,russia,top10_sharpe|russia,5.0,26,0.5416666666666666,,,
rebalance_frequency,russia,top10_sharpe|russia,10.0,15,0.3125,,,
rebalance_frequency,russia,top10_sharpe|russia,21.0,4,0.08333333333333333,,,
rebalance_frequency,russia,top10_sharpe|russia,63.0,3,0.0625,,,
entry_z,russia,top10_sharpe|russia,,1,0.020833333333333332,1.0,,
entry_z,russia,top10_sharpe|russia,,4,0.08333333333333333,1.5,,
entry_z,russia,top10_sharpe|russia,,17,0.3541666666666667,2.0,,
entry_z,russia,top10_sharpe|russia,,16,0.3333333333333333,2.5,,
entry_z,russia,top10_sharpe|russia,,10,0.20833333333333334,3.0,,
exit_z,russia,top10_sharpe|russia,,20,0.4166666666666667,,0.0,
exit_z,russia,top10_sharpe|russia,,11,0.22916666666666666,,0.25,
exit_z,russia,top10_sharpe|russia,,7,0.14583333333333334,,0.5,
exit_z,russia,top10_sharpe|russia,,5,0.10416666666666667,,0.75,
exit_z,russia,top10_sharpe|russia,,5,0.10416666666666667,,1.0,
entry_exit_pair,russia,top10_sharpe|russia,,1,0.020833333333333332,,,1.0|0.0
entry_exit_pair,russia,top10_sharpe|russia,,4,0.08333333333333333,,,1.5|0.0
entry_exit_pair,russia,top10_sharpe|russia,,8,0.16666666666666666,,,2.0|0.0
entry_exit_pair,russia,top10_sharpe|russia,,5,0.10416666666666667,,,2.0|0.25
entry_exit_pair,russia,top10_sharpe|russia,,2,0.041666666666666664,,,2.0|0.5
entry_exit_pair,russia,top10_sharpe|russia,,1,0.020833333333333332,,,2.0|0.75
entry_exit_pair,russia,top10_sharpe|russia,,1,0.020833333333333332,,,2.0|1.0
entry_exit_pair,russia,top10_sharpe|russia,,5,0.10416666666666667,,,2.5|0.0
entry_exit_pair,russia,top10_sharpe|russia,,4,0.08333333333333333,,,2.5|0.25
entry_exit_pair,russia,top10_sharpe|russia,,3,0.0625,,,2.5|0.5
entry_exit_pair,russia,top10_sharpe|russia,,2,0.041666666666666664,,,2.5|0.75
entry_exit_pair,russia,top10_sharpe|russia,,2,0.041666666666666664,,,2.5|1.0
entry_exit_pair,russia,top10_sharpe|russia,,2,0.041666666666666664,,,3.0|0.0
entry_exit_pair,russia,top10_sharpe|russia,,2,0.041666666666666664,,,3.0|0.25
entry_exit_pair,russia,top10_sharpe|russia,,2,0.041666666666666664,,,3.0|0.5
entry_exit_pair,russia,top10_sharpe|russia,,2,0.041666666666666664,,,3.0|0.75
entry_exit_pair,russia,top10_sharpe|russia,,2,0.041666666666666664,,,3.0|1.0
rebalance_entry_pair,russia,top10_sharpe|russia,,1,0.020833333333333332,,,10|1.5
rebalance_entry_pair,russia,top10_sharpe|russia,,4,0.08333333333333333,,,10|2.0
rebalance_entry_pair,russia,top10_sharpe|russia,,5,0.10416666666666667,,,10|2.5
rebalance_entry_pair,russia,top10_sharpe|russia,,5,0.10416666666666667,,,10|3.0
rebalance_entry_pair,russia,top10_sharpe|russia,,1,0.020833333333333332,,,21|1.5
rebalance_entry_pair,russia,top10_sharpe|russia,,2,0.041666666666666664,,,21|2.0
rebalance_entry_pair,russia,top10_sharpe|russia,,1,0.020833333333333332,,,21|2.5
rebalance_entry_pair,russia,top10_sharpe|russia,,1,0.020833333333333332,,,5|1.0
rebalance_entry_pair,russia,top10_sharpe|russia,,1,0.020833333333333332,,,5|1.5
rebalance_entry_pair,russia,top10_sharpe|russia,,10,0.20833333333333334,,,5|2.0
rebalance_entry_pair,russia,top10_sharpe|russia,,9,0.1875,,,5|2.5
rebalance_entry_pair,russia,top10_sharpe|russia,,5,0.10416666666666667,,,5|3.0
rebalance_entry_pair,russia,top10_sharpe|russia,,1,0.020833333333333332,,,63|1.5
rebalance_entry_pair,russia,top10_sharpe|russia,,1,0.020833333333333332,,,63|2.0
rebalance_entry_pair,russia,top10_sharpe|russia,,1,0.020833333333333332,,,63|2.5
full_combo,russia,top10_sharpe|russia,,1,0.020833333333333332,,,10|1.5|0.0
full_combo,russia,top10_sharpe|russia,,1,0.020833333333333332,,,10|2.0|0.0
full_combo,russia,top10_sharpe|russia,,2,0.041666666666666664,,,10|2.0|0.25
full_combo,russia,top10_sharpe|russia,,1,0.020833333333333332,,,10|2.0|0.5
full_combo,russia,top10_sharpe|russia,,1,0.020833333333333332,,,10|2.5|0.0
full_combo,russia,top10_sharpe|russia,,1,0.020833333333333332,,,10|2.5|0.25
full_combo,russia,top10_sharpe|russia,,1,0.020833333333333332,,,10|2.5|0.5
full_combo,russia,top10_sharpe|russia,,1,0.020833333333333332,,,10|2.5|0.75
full_combo,russia,top10_sharpe|russia,,1,0.020833333333333332,,,10|2.5|1.0
full_combo,russia,top10_sharpe|russia,,1,0.020833333333333332,,,10|3.0|0.0
full_combo,russia,top10_sharpe|russia,,1,0.020833333333333332,,,10|3.0|0.25
full_combo,russia,top10_sharpe|russia,,1,0.020833333333333332,,,10|3.0|0.5
full_combo,russia,top10_sharpe|russia,,1,0.020833333333333332,,,10|3.0|0.75
full_combo,russia,top10_sharpe|russia,,1,0.020833333333333332,,,10|3.0|1.0
full_combo,russia,top10_sharpe|russia,,1,0.020833333333333332,,,21|1.5|0.0
full_combo,russia,top10_sharpe|russia,,2,0.041666666666666664,,,21|2.0|0.0
full_combo,russia,top10_sharpe|russia,,1,0.020833333333333332,,,21|2.5|0.25
full_combo,russia,top10_sharpe|russia,,1,0.020833333333333332,,,5|1.0|0.0
full_combo,russia,top10_sharpe|russia,,1,0.020833333333333332,,,5|1.5|0.0
full_combo,russia,top10_sharpe|russia,,4,0.08333333333333333,,,5|2.0|0.0
full_combo,russia,top10_sharpe|russia,,3,0.0625,,,5|2.0|0.25
full_combo,russia,top10_sharpe|russia,,1,0.020833333333333332,,,5|2.0|0.5
full_combo,russia,top10_sharpe|russia,,1,0.020833333333333332,,,5|2.0|0.75
full_combo,russia,top10_sharpe|russia,,1,0.020833333333333332,,,5|2.0|1.0
full_combo,russia,top10_sharpe|russia,,3,0.0625,,,5|2.5|0.0
full_combo,russia,top10_sharpe|russia,,2,0.041666666666666664,,,5|2.5|0.25
full_combo,russia,top10_sharpe|russia,,2,0.041666666666666664,,,5|2.5|0.5
full_combo,russia,top10_sharpe|russia,,1,0.020833333333333332,,,5|2.5|0.75
full_combo,russia,top10_sharpe|russia,,1,0.020833333333333332,,,5|2.5|1.0
full_combo,russia,top10_sharpe|russia,,1,0.020833333333333332,,,5|3.0|0.0
full_combo,russia,top10_sharpe|russia,,1,0.020833333333333332,,,5|3.0|0.25
full_combo,russia,top10_sharpe|russia,,1,0.020833333333333332,,,5|3.0|0.5
full_combo,russia,top10_sharpe|russia,,1,0.020833333333333332,,,5|3.0|0.75
full_combo,russia,top10_sharpe|russia,,1,0.020833333333333332,,,5|3.0|1.0
full_combo,russia,top10_sharpe|russia,,1,0.020833333333333332,,,63|1.5|0.0
full_combo,russia,top10_sharpe|russia,,1,0.020833333333333332,,,63|2.0|0.0
full_combo,russia,top10_sharpe|russia,,1,0.020833333333333332,,,63|2.5|0.0
rebalance_frequency,usa,top10_sharpe|usa,5.0,3,0.1875,,,
rebalance_frequency,usa,top10_sharpe|usa,10.0,6,0.375,,,
rebalance_frequency,usa,top10_sharpe|usa,21.0,7,0.4375,,,
entry_z,usa,top10_sharpe|usa,,1,0.0625,1.0,,
entry_z,usa,top10_sharpe|usa,,5,0.3125,1.5,,
entry_z,usa,top10_sharpe|usa,,1,0.0625,2.0,,
entry_z,usa,top10_sharpe|usa,,1,0.0625,2.5,,
entry_z,usa,top10_sharpe|usa,,8,0.5,3.0,,
exit_z,usa,top10_sharpe|usa,,3,0.1875,,0.0,
exit_z,usa,top10_sharpe|usa,,5,0.3125,,0.25,
exit_z,usa,top10_sharpe|usa,,3,0.1875,,0.5,
exit_z,usa,top10_sharpe|usa,,4,0.25,,0.75,
exit_z,usa,top10_sharpe|usa,,1,0.0625,,1.0,
entry_exit_pair,usa,top10_sharpe|usa,,1,0.0625,,,1.0|0.25
entry_exit_pair,usa,top10_sharpe|usa,,1,0.0625,,,1.5|0.0
entry_exit_pair,usa,top10_sharpe|usa,,3,0.1875,,,1.5|0.25
entry_exit_pair,usa,top10_sharpe|usa,,1,0.0625,,,1.5|0.5
entry_exit_pair,usa,top10_sharpe|usa,,1,0.0625,,,2.0|0.0
entry_exit_pair,usa,top10_sharpe|usa,,1,0.0625,,,2.5|0.0
entry_exit_pair,usa,top10_sharpe|usa,,1,0.0625,,,3.0|0.25
entry_exit_pair,usa,top10_sharpe|usa,,2,0.125,,,3.0|0.5
entry_exit_pair,usa,top10_sharpe|usa,,4,0.25,,,3.0|0.75
entry_exit_pair,usa,top10_sharpe|usa,,1,0.0625,,,3.0|1.0
rebalance_entry_pair,usa,top10_sharpe|usa,,1,0.0625,,,10|1.0
rebalance_entry_pair,usa,top10_sharpe|usa,,1,0.0625,,,10|1.5
rebalance_entry_pair,usa,top10_sharpe|usa,,4,0.25,,,10|3.0
rebalance_entry_pair,usa,top10_sharpe|usa,,3,0.1875,,,21|1.5
rebalance_entry_pair,usa,top10_sharpe|usa,,1,0.0625,,,21|2.5
rebalance_entry_pair,usa,top10_sharpe|usa,,3,0.1875,,,21|3.0
rebalance_entry_pair,usa,top10_sharpe|usa,,1,0.0625,,,5|1.5
rebalance_entry_pair,usa,top10_sharpe|usa,,1,0.0625,,,5|2.0
rebalance_entry_pair,usa,top10_sharpe|usa,,1,0.0625,,,5|3.0
full_combo,usa,top10_sharpe|usa,,1,0.0625,,,10|1.0|0.25
full_combo,usa,top10_sharpe|usa,,1,0.0625,,,10|1.5|0.25
full_combo,usa,top10_sharpe|usa,,1,0.0625,,,10|3.0|0.25
full_combo,usa,top10_sharpe|usa,,1,0.0625,,,10|3.0|0.5
full_combo,usa,top10_sharpe|usa,,1,0.0625,,,10|3.0|0.75
full_combo,usa,top10_sharpe|usa,,1,0.0625,,,10|3.0|1.0
full_combo,usa,top10_sharpe|usa,,1,0.0625,,,21|1.5|0.0
full_combo,usa,top10_sharpe|usa,,1,0.0625,,,21|1.5|0.25
full_combo,usa,top10_sharpe|usa,,1,0.0625,,,21|1.5|0.5
full_combo,usa,top10_sharpe|usa,,1,0.0625,,,21|2.5|0.0
full_combo,usa,top10_sharpe|usa,,1,0.0625,,,21|3.0|0.5
full_combo,usa,top10_sharpe|usa,,2,0.125,,,21|3.0|0.75
full_combo,usa,top10_sharpe|usa,,1,0.0625,,,5|1.5|0.25
full_combo,usa,top10_sharpe|usa,,1,0.0625,,,5|2.0|0.0
full_combo,usa,top10_sharpe|usa,,1,0.0625,,,5|3.0|0.75
