dimension,group,rebalance_frequency,count,share,entry_z,exit_z,value
rebalance_frequency,top10_sharpe,5.0,29,0.2013888888888889,,,
rebalance_frequency,top10_sharpe,10.0,21,0.14583333333333334,,,
rebalance_frequency,top10_sharpe,21.0,11,0.0763888888888889,,,
rebalance_frequency,top10_sharpe,24.0,45,0.3125,,,
rebalance_frequency,top10_sharpe,63.0,3,0.020833333333333332,,,
rebalance_frequency,top10_sharpe,72.0,21,0.14583333333333334,,,
rebalance_frequency,top10_sharpe,168.0,10,0.06944444444444445,,,
rebalance_frequency,top10_sharpe,336.0,4,0.027777777777777776,,,
entry_z,top10_sharpe,,6,0.041666666666666664,1.0,,
entry_z,top10_sharpe,,22,0.1527777777777778,1.5,,
entry_z,top10_sharpe,,36,0.25,2.0,,
entry_z,top10_sharpe,,40,0.2777777777777778,2.5,,
entry_z,top10_sharpe,,40,0.2777777777777778,3.0,,
exit_z,top10_sharpe,,62,0.4305555555555556,,0.0,
exit_z,top10_sharpe,,32,0.2222222222222222,,0.25,
exit_z,top10_sharpe,,21,0.14583333333333334,,0.5,
exit_z,top10_sharpe,,16,0.1111111111111111,,0.75,
exit_z,top10_sharpe,,13,0.09027777777777778,,1.0,
entry_exit_pair,top10_sharpe,,5,0.034722222222222224,,,1.0|0.0
entry_exit_pair,top10_sharpe,,1,0.006944444444444444,,,1.0|0.25
entry_exit_pair,top10_sharpe,,12,0.08333333333333333,,,1.5|0.0
entry_exit_pair,top10_sharpe,,7,0.04861111111111111,,,1.5|0.25
entry_exit_pair,top10_sharpe,,2,0.013888888888888888,,,1.5|0.5
entry_exit_pair,top10_sharpe,,1,0.006944444444444444,,,1.5|1.0
entry_exit_pair,top10_sharpe,,20,0.1388888888888889,,,2.0|0.0
entry_exit_pair,top10_sharpe,,7,0.04861111111111111,,,2.0|0.25
entry_exit_pair,top10_sharpe,,5,0.034722222222222224,,,2.0|0.5
entry_exit_pair,top10_sharpe,,2,0.013888888888888888,,,2.0|0.75
entry_exit_pair,top10_sharpe,,2,0.013888888888888888,,,2.0|1.0
entry_exit_pair,top10_sharpe,,16,0.1111111111111111,,,2.5|0.0
entry_exit_pair,top10_sharpe,,9,0.0625,,,2.5|0.25
entry_exit_pair,top10_sharpe,,6,0.041666666666666664,,,2.5|0.5
entry_exit_pair,top10_sharpe,,5,0.034722222222222224,,,2.5|0.75
entry_exit_pair,top10_sharpe,,4,0.027777777777777776,,,2.5|1.0
entry_exit_pair,top10_sharpe,,9,0.0625,,,3.0|0.0
entry_exit_pair,top10_sharpe,,8,0.05555555555555555,,,3.0|0.25
entry_exit_pair,top10_sharpe,,8,0.05555555555555555,,,3.0|0.5
entry_exit_pair,top10_sharpe,,9,0.0625,,,3.0|0.75
entry_exit_pair,top10_sharpe,,6,0.041666666666666664,,,3.0|1.0
rebalance_entry_pair,top10_sharpe,,1,0.006944444444444444,,,10|1.0
rebalance_entry_pair,top10_sharpe,,2,0.013888888888888888,,,10|1.5
rebalance_entry_pair,top10_sharpe,,4,0.027777777777777776,,,10|2.0
rebalance_entry_pair,top10_sharpe,,5,0.034722222222222224,,,10|2.5
rebalance_entry_pair,top10_sharpe,,9,0.0625,,,10|3.0
rebalance_entry_pair,top10_sharpe,,1,0.006944444444444444,,,168|1.0
rebalance_entry_pair,top10_sharpe,,2,0.013888888888888888,,,168|1.5
rebalance_entry_pair,top10_sharpe,,2,0.013888888888888888,,,168|2.0
rebalance_entry_pair,top10_sharpe,,3,0.020833333333333332,,,168|2.5
rebalance_entry_pair,top10_sharpe,,2,0.013888888888888888,,,168|3.0
rebalance_entry_pair,top10_sharpe,,4,0.027777777777777776,,,21|1.5
rebalance_entry_pair,top10_sharpe,,2,0.013888888888888888,,,21|2.0
rebalance_entry_pair,top10_sharpe,,2,0.013888888888888888,,,21|2.5
rebalance_entry_pair,top10_sharpe,,3,0.020833333333333332,,,21|3.0
rebalance_entry_pair,top10_sharpe,,2,0.013888888888888888,,,24|1.0
rebalance_entry_pair,top10_sharpe,,6,0.041666666666666664,,,24|1.5
rebalance_entry_pair,top10_sharpe,,11,0.0763888888888889,,,24|2.0
rebalance_entry_pair,top10_sharpe,,13,0.09027777777777778,,,24|2.5
rebalance_entry_pair,top10_sharpe,,13,0.09027777777777778,,,24|3.0
rebalance_entry_pair,top10_sharpe,,1,0.006944444444444444,,,336|1.0
rebalance_entry_pair,top10_sharpe,,2,0.013888888888888888,,,336|2.0
rebalance_entry_pair,top10_sharpe,,1,0.006944444444444444,,,336|2.5
rebalance_entry_pair,top10_sharpe,,1,0.006944444444444444,,,5|1.0
rebalance_entry_pair,top10_sharpe,,2,0.013888888888888888,,,5|1.5
rebalance_entry_pair,top10_sharpe,,11,0.0763888888888889,,,5|2.0
rebalance_entry_pair,top10_sharpe,,9,0.0625,,,5|2.5
rebalance_entry_pair,top10_sharpe,,6,0.041666666666666664,,,5|3.0
rebalance_entry_pair,top10_sharpe,,1,0.006944444444444444,,,63|1.5
rebalance_entry_pair,top10_sharpe,,1,0.006944444444444444,,,63|2.0
rebalance_entry_pair,top10_sharpe,,1,0.006944444444444444,,,63|2.5
rebalance_entry_pair,top10_sharpe,,5,0.034722222222222224,,,72|1.5
rebalance_entry_pair,top10_sharpe,,3,0.020833333333333332,,,72|2.0
rebalance_entry_pair,top10_sharpe,,6,0.041666666666666664,,,72|2.5
rebalance_entry_pair,top10_sharpe,,7,0.04861111111111111,,,72|3.0
full_combo,top10_sharpe,,1,0.006944444444444444,,,10|1.0|0.25
full_combo,top10_sharpe,,1,0.006944444444444444,,,10|1.5|0.0
full_combo,top10_sharpe,,1,0.006944444444444444,,,10|1.5|0.25
full_combo,top10_sharpe,,1,0.006944444444444444,,,10|2.0|0.0
full_combo,top10_sharpe,,2,0.013888888888888888,,,10|2.0|0.25
full_combo,top10_sharpe,,1,0.006944444444444444,,,10|2.0|0.5
full_combo,top10_sharpe,,1,0.006944444444444444,,,10|2.5|0.0
full_combo,top10_sharpe,,1,0.006944444444444444,,,10|2.5|0.25
full_combo,top10_sharpe,,1,0.006944444444444444,,,10|2.5|0.5
full_combo,top10_sharpe,,1,0.006944444444444444,,,10|2.5|0.75
full_combo,top10_sharpe,,1,0.006944444444444444,,,10|2.5|1.0
full_combo,top10_sharpe,,1,0.006944444444444444,,,10|3.0|0.0
full_combo,top10_sharpe,,2,0.013888888888888888,,,10|3.0|0.25
full_combo,top10_sharpe,,2,0.013888888888888888,,,10|3.0|0.5
full_combo,top10_sharpe,,2,0.013888888888888888,,,10|3.0|0.75
full_combo,top10_sharpe,,2,0.013888888888888888,,,10|3.0|1.0
full_combo,top10_sharpe,,1,0.006944444444444444,,,168|1.0|0.0
full_combo,top10_sharpe,,1,0.006944444444444444,,,168|1.5|0.0
full_combo,top10_sharpe,,1,0.006944444444444444,,,168|1.5|1.0
full_combo,top10_sharpe,,1,0.006944444444444444,,,168|2.0|0.0
full_combo,top10_sharpe,,1,0.006944444444444444,,,168|2.0|1.0
full_combo,top10_sharpe,,2,0.013888888888888888,,,168|2.5|0.0
full_combo,top10_sharpe,,1,0.006944444444444444,,,168|2.5|0.25
full_combo,top10_sharpe,,1,0.006944444444444444,,,168|3.0|0.0
full_combo,top10_sharpe,,1,0.006944444444444444,,,168|3.0|0.25
full_combo,top10_sharpe,,2,0.013888888888888888,,,21|1.5|0.0
full_combo,top10_sharpe,,1,0.006944444444444444,,,21|1.5|0.25
full_combo,top10_sharpe,,1,0.006944444444444444,,,21|1.5|0.5
full_combo,top10_sharpe,,2,0.013888888888888888,,,21|2.0|0.0
full_combo,top10_sharpe,,1,0.006944444444444444,,,21|2.5|0.0
full_combo,top10_sharpe,,1,0.006944444444444444,,,21|2.5|0.25
full_combo,top10_sharpe,,1,0.006944444444444444,,,21|3.0|0.5
full_combo,top10_sharpe,,2,0.013888888888888888,,,21|3.0|0.75
full_combo,top10_sharpe,,2,0.013888888888888888,,,24|1.0|0.0
full_combo,top10_sharpe,,3,0.020833333333333332,,,24|1.5|0.0
full_combo,top10_sharpe,,2,0.013888888888888888,,,24|1.5|0.25
full_combo,top10_sharpe,,1,0.006944444444444444,,,24|1.5|0.5
full_combo,top10_sharpe,,5,0.034722222222222224,,,24|2.0|0.0
full_combo,top10_sharpe,,2,0.013888888888888888,,,24|2.0|0.25
full_combo,top10_sharpe,,3,0.020833333333333332,,,24|2.0|0.5
full_combo,top10_sharpe,,1,0.006944444444444444,,,24|2.0|0.75
full_combo,top10_sharpe,,5,0.034722222222222224,,,24|2.5|0.0
full_combo,top10_sharpe,,3,0.020833333333333332,,,24|2.5|0.25
full_combo,top10_sharpe,,2,0.013888888888888888,,,24|2.5|0.5
full_combo,top10_sharpe,,2,0.013888888888888888,,,24|2.5|0.75
full_combo,top10_sharpe,,1,0.006944444444444444,,,24|2.5|1.0
full_combo,top10_sharpe,,3,0.020833333333333332,,,24|3.0|0.0
full_combo,top10_sharpe,,3,0.020833333333333332,,,24|3.0|0.25
full_combo,top10_sharpe,,3,0.020833333333333332,,,24|3.0|0.5
full_combo,top10_sharpe,,2,0.013888888888888888,,,24|3.0|0.75
full_combo,top10_sharpe,,2,0.013888888888888888,,,24|3.0|1.0
full_combo,top10_sharpe,,1,0.006944444444444444,,,336|1.0|0.0
full_combo,top10_sharpe,,2,0.013888888888888888,,,336|2.0|0.0
full_combo,top10_sharpe,,1,0.006944444444444444,,,336|2.5|0.0
full_combo,top10_sharpe,,1,0.006944444444444444,,,5|1.0|0.0
full_combo,top10_sharpe,,1,0.006944444444444444,,,5|1.5|0.0
full_combo,top10_sharpe,,1,0.006944444444444444,,,5|1.5|0.25
full_combo,top10_sharpe,,5,0.034722222222222224,,,5|2.0|0.0
full_combo,top10_sharpe,,3,0.020833333333333332,,,5|2.0|0.25
full_combo,top10_sharpe,,1,0.006944444444444444,,,5|2.0|0.5
full_combo,top10_sharpe,,1,0.006944444444444444,,,5|2.0|0.75
full_combo,top10_sharpe,,1,0.006944444444444444,,,5|2.0|1.0
full_combo,top10_sharpe,,3,0.020833333333333332,,,5|2.5|0.0
full_combo,top10_sharpe,,2,0.013888888888888888,,,5|2.5|0.25
full_combo,top10_sharpe,,2,0.013888888888888888,,,5|2.5|0.5
full_combo,top10_sharpe,,1,0.006944444444444444,,,5|2.5|0.75
full_combo,top10_sharpe,,1,0.006944444444444444,,,5|2.5|1.0
full_combo,top10_sharpe,,1,0.006944444444444444,,,5|3.0|0.0
full_combo,top10_sharpe,,1,0.006944444444444444,,,5|3.0|0.25
full_combo,top10_sharpe,,1,0.006944444444444444,,,5|3.0|0.5
full_combo,top10_sharpe,,2,0.013888888888888888,,,5|3.0|0.75
full_combo,top10_sharpe,,1,0.006944444444444444,,,5|3.0|1.0
full_combo,top10_sharpe,,1,0.006944444444444444,,,63|1.5|0.0
full_combo,top10_sharpe,,1,0.006944444444444444,,,63|2.0|0.0
full_combo,top10_sharpe,,1,0.006944444444444444,,,63|2.5|0.0
full_combo,top10_sharpe,,3,0.020833333333333332,,,72|1.5|0.0
full_combo,top10_sharpe,,2,0.013888888888888888,,,72|1.5|0.25
full_combo,top10_sharpe,,3,0.020833333333333332,,,72|2.0|0.0
full_combo,top10_sharpe,,2,0.013888888888888888,,,72|2.5|0.0
full_combo,top10_sharpe,,1,0.006944444444444444,,,72|2.5|0.25
full_combo,top10_sharpe,,1,0.006944444444444444,,,72|2.5|0.5
full_combo,top10_sharpe,,1,0.006944444444444444,,,72|2.5|0.75
full_combo,top10_sharpe,,1,0.006944444444444444,,,72|2.5|1.0
full_combo,top10_sharpe,,3,0.020833333333333332,,,72|3.0|0.0
full_combo,top10_sharpe,,1,0.006944444444444444,,,72|3.0|0.25
full_combo,top10_sharpe,,1,0.006944444444444444,,,72|3.0|0.5
full_combo,top10_sharpe,,1,0.006944444444444444,,,72|3.0|0.75
full_combo,top10_sharpe,,1,0.006944444444444444,,,72|3.0|1.0
